Unix,Date,Symbol,Open,High,Low,Close,Volume LTC,Volume BRL,tradecount
1696032000000,2023-09-30,LTCBRL,329.9,335.7,329.4,332.7,747.809,248788.3439,636
1695945600000,2023-09-29,LTCBRL,329.2,335.2,326.8,329.8,1596.903,528470.661,887
1695859200000,2023-09-28,LTCBRL,320.5,331.2,318.5,329.0,1579.401,514114.2674,832
1695772800000,2023-09-27,LTCBRL,318.3,332.5,310.0,320.6,2164.782,699370.2917,967
1695686400000,2023-09-26,LTCBRL,320.9,323.6,316.2,318.1,1640.841,524699.8812,851
1695600000000,2023-09-25,LTCBRL,315.8,324.1,311.3,320.9,1525.507,488425.4644,1364
1695513600000,2023-09-24,LTCBRL,322.7,322.8,314.4,316.1,1162.713,371613.4205,727
1695427200000,2023-09-23,LTCBRL,320.1,324.2,320.1,323.0,930.769,299924.6391,669
1695340800000,2023-09-22,LTCBRL,321.2,326.5,317.6,319.5,1520.001,487262.0394,1372
1695254400000,2023-09-21,LTCBRL,316.3,321.6,309.1,321.2,1444.67,456734.0883,904
1695168000000,2023-09-20,LTCBRL,329.5,332.0,310.3,316.5,2804.036,896640.3421,3590
1695081600000,2023-09-19,LTCBRL,322.6,333.7,321.3,329.4,2334.434,769712.7945,1222
1694995200000,2023-09-18,LTCBRL,311.7,330.6,309.1,321.8,1818.201,587172.211,1332
1694908800000,2023-09-17,LTCBRL,320.7,320.7,307.6,311.8,819.622,256905.7022,776
1694822400000,2023-09-16,LTCBRL,322.5,327.6,315.5,320.4,1192.382,382590.9052,1002
1694736000000,2023-09-15,LTCBRL,308.4,324.1,307.4,322.3,1402.719,441494.5616,1380
1694649600000,2023-09-14,LTCBRL,306.9,311.6,305.6,308.5,1215.545,375079.836,1081
1694563200000,2023-09-13,LTCBRL,297.8,311.8,296.6,306.7,1723.779,523052.6059,1337
1694476800000,2023-09-12,LTCBRL,291.5,305.0,290.1,297.9,1555.291,465512.4344,1469
1694390400000,2023-09-11,LTCBRL,306.4,309.2,286.6,291.5,1523.66,451943.5632,1467
1694304000000,2023-09-10,LTCBRL,316.7,316.7,302.0,306.5,1121.83,345199.3799,1140
1694217600000,2023-09-09,LTCBRL,313.5,317.5,312.9,316.7,629.618,198546.4271,753
1694131200000,2023-09-08,LTCBRL,318.7,321.0,308.2,313.7,1262.672,396976.1467,1018
1694044800000,2023-09-07,LTCBRL,313.7,322.3,313.1,318.6,1058.357,334183.8784,1105
1693958400000,2023-09-06,LTCBRL,314.9,318.6,308.0,313.7,1511.857,473902.0834,1217
1693872000000,2023-09-05,LTCBRL,316.3,317.0,312.3,315.0,1143.285,359849.8401,997
1693785600000,2023-09-04,LTCBRL,318.8,323.4,311.7,316.5,1377.216,436884.0349,1093
1693699200000,2023-09-03,LTCBRL,321.6,323.2,317.6,318.9,767.927,245563.4888,676
1693612800000,2023-09-02,LTCBRL,313.2,322.3,312.8,321.9,751.844,239485.2488,741
1693526400000,2023-09-01,LTCBRL,318.9,319.8,308.0,313.4,1283.907,404187.9011,934
1693440000000,2023-08-31,LTCBRL,331.8,334.9,315.5,318.0,1480.665,482123.0834,1114
1693353600000,2023-08-30,LTCBRL,336.5,336.8,325.2,331.9,1376.548,455029.6711,1046
1693267200000,2023-08-29,LTCBRL,321.2,345.0,316.7,336.4,1961.109,651357.1892,1499
1693180800000,2023-08-28,LTCBRL,321.2,322.5,314.7,321.3,1051.735,336346.6053,1008
1693094400000,2023-08-27,LTCBRL,319.7,324.4,319.1,321.3,637.199,204573.1148,624
1693008000000,2023-08-26,LTCBRL,319.1,322.0,316.7,319.6,869.826,278400.5263,726
1692921600000,2023-08-25,LTCBRL,318.2,319.9,312.8,318.9,1106.076,350600.4709,971
1692835200000,2023-08-24,LTCBRL,321.7,322.4,313.9,318.2,807.153,257245.274,849
1692748800000,2023-08-23,LTCBRL,322.0,326.3,318.0,321.4,1185.653,382101.4923,991
1692662400000,2023-08-22,LTCBRL,336.0,337.1,310.0,321.0,1670.981,540414.2798,1330
1692576000000,2023-08-21,LTCBRL,328.4,338.2,323.2,335.1,2432.811,807857.1451,1528
1692489600000,2023-08-20,LTCBRL,322.3,331.3,322.1,328.2,737.496,240560.6763,1252
1692403200000,2023-08-19,LTCBRL,321.0,340.0,319.0,322.4,1331.605,429296.8259,1384
1692316800000,2023-08-18,LTCBRL,327.2,332.6,317.0,321.1,2218.85,721129.6711,2656
1692230400000,2023-08-17,LTCBRL,372.5,380.5,283.5,327.2,2498.99,865821.0592,2442
1692144000000,2023-08-16,LTCBRL,396.3,398.0,365.5,373.7,1572.826,600678.5385,1565
1692057600000,2023-08-15,LTCBRL,407.5,409.1,387.0,396.4,1337.981,538873.9393,1338
1691971200000,2023-08-14,LTCBRL,405.0,412.5,402.7,407.4,1094.393,447045.7748,979
1691884800000,2023-08-13,LTCBRL,411.6,413.0,400.2,405.3,997.108,407776.6133,838
1691798400000,2023-08-12,LTCBRL,411.0,413.3,410.4,411.6,801.915,330433.369,833
1691712000000,2023-08-11,LTCBRL,408.1,413.9,405.3,411.4,1060.748,433800.4739,899
1691625600000,2023-08-10,LTCBRL,414.6,416.1,404.2,407.6,1228.463,503225.729,1055
1691539200000,2023-08-09,LTCBRL,411.9,415.4,409.7,414.5,800.045,329977.9485,941
1691452800000,2023-08-08,LTCBRL,404.7,420.4,401.0,412.3,1461.387,600606.8415,1332
1691366400000,2023-08-07,LTCBRL,404.9,408.7,391.3,405.0,1512.715,609791.3579,1261
1691280000000,2023-08-06,LTCBRL,408.0,409.5,399.0,405.2,1199.178,486978.6024,847
1691193600000,2023-08-05,LTCBRL,403.6,409.6,399.1,407.6,1154.271,468451.0726,957
1691107200000,2023-08-04,LTCBRL,406.3,412.1,395.7,403.5,2952.614,1197384.256,2546
1691020800000,2023-08-03,LTCBRL,423.5,427.5,397.5,406.3,2745.149,1147025.0942,2793
1690934400000,2023-08-02,LTCBRL,451.0,454.5,417.3,423.4,3300.062,1425585.6251,3117
1690848000000,2023-08-01,LTCBRL,439.4,451.9,420.0,451.4,2532.572,1115778.8199,2555
1690761600000,2023-07-31,LTCBRL,450.1,454.5,434.0,439.3,2270.67,1005204.8305,2252
1690675200000,2023-07-30,LTCBRL,450.7,459.0,436.0,449.9,1765.216,794995.0203,2138
1690588800000,2023-07-29,LTCBRL,436.7,453.0,433.8,450.5,1611.362,711380.4386,1831
1690502400000,2023-07-28,LTCBRL,432.4,439.1,432.4,437.3,1083.987,472002.815,1500
1690416000000,2023-07-27,LTCBRL,432.6,438.5,427.3,432.4,1119.563,484730.7237,1161
1690329600000,2023-07-26,LTCBRL,427.8,435.1,422.1,432.6,1275.261,546075.3533,1301
1690243200000,2023-07-25,LTCBRL,425.3,430.2,423.5,427.9,1028.643,438394.3132,1176
1690156800000,2023-07-24,LTCBRL,449.7,450.6,417.5,425.5,1910.047,816296.4134,1863
1690070400000,2023-07-23,LTCBRL,444.9,451.0,442.0,450.0,559.979,250411.749,720
1689984000000,2023-07-22,LTCBRL,453.0,464.4,441.4,444.2,1152.183,523199.665,1206
1689897600000,2023-07-21,LTCBRL,445.2,455.3,440.7,452.8,1166.173,522742.5582,1086
1689811200000,2023-07-20,LTCBRL,443.4,457.1,441.8,445.7,1540.768,690952.3449,1122
1689724800000,2023-07-19,LTCBRL,442.7,455.0,441.2,444.2,822.206,368081.4161,958
1689638400000,2023-07-18,LTCBRL,445.6,449.2,433.4,442.2,654.083,287981.1567,682
1689552000000,2023-07-17,LTCBRL,447.1,452.5,430.5,446.2,948.133,421556.7069,904
1689465600000,2023-07-16,LTCBRL,459.0,461.8,444.0,447.0,523.072,238469.7139,562
1689379200000,2023-07-15,LTCBRL,460.1,463.4,454.0,458.0,501.163,229606.8194,636
1689292800000,2023-07-14,LTCBRL,488.1,496.9,444.5,460.5,2090.597,990217.4186,1535
1689206400000,2023-07-13,LTCBRL,467.0,501.0,464.2,488.4,2417.567,1181644.4213,2126
1689120000000,2023-07-12,LTCBRL,472.4,476.4,457.6,467.1,1206.487,564195.382,916
1689033600000,2023-07-11,LTCBRL,473.9,481.3,466.7,472.7,1114.157,528802.732,1330
1688947200000,2023-07-10,LTCBRL,467.9,479.1,451.1,473.8,1709.142,793716.5924,1281
1688860800000,2023-07-09,LTCBRL,481.1,484.0,465.0,467.8,714.216,338767.7618,712
1688774400000,2023-07-08,LTCBRL,481.3,485.3,473.9,481.1,634.351,304088.3428,960
1688688000000,2023-07-07,LTCBRL,468.6,483.0,465.8,482.1,1022.731,487175.2925,1172
1688601600000,2023-07-06,LTCBRL,496.4,513.0,469.3,469.3,2569.614,1266388.1241,1993
1688515200000,2023-07-05,LTCBRL,507.7,518.3,481.6,499.2,1718.409,858518.0473,1638
1688428800000,2023-07-04,LTCBRL,513.2,526.0,504.7,506.8,1236.119,638040.6102,1376
1688342400000,2023-07-03,LTCBRL,546.9,554.4,508.0,515.0,2992.443,1568837.6694,2124
1688256000000,2023-07-02,LTCBRL,517.4,549.9,508.0,547.2,1816.554,972298.4492,1709
1688169600000,2023-07-01,LTCBRL,524.6,543.0,498.2,517.3,1657.196,851957.6641,2171
1688083200000,2023-06-30,LTCBRL,413.5,537.3,411.8,524.4,6807.277,3267604.4216,5465
1687996800000,2023-06-29,LTCBRL,405.4,418.1,405.4,413.4,966.297,398348.8215,1208
1687910400000,2023-06-28,LTCBRL,425.5,425.5,397.1,405.9,1517.604,626424.7312,1634
1687824000000,2023-06-27,LTCBRL,418.3,430.8,417.6,425.6,1188.92,504603.2288,1391
1687737600000,2023-06-26,LTCBRL,425.2,433.1,412.9,418.7,1159.917,486701.935,1329
1687651200000,2023-06-25,LTCBRL,431.5,433.0,418.1,425.6,675.827,286908.5756,784
1687564800000,2023-06-24,LTCBRL,439.3,451.0,417.7,431.1,1309.359,566485.6221,1681
1687478400000,2023-06-23,LTCBRL,411.1,445.0,408.9,439.7,1708.661,727164.1415,1674
1687392000000,2023-06-22,LTCBRL,405.9,422.8,404.0,412.1,1250.704,516768.2836,1454
1687305600000,2023-06-21,LTCBRL,385.9,418.1,384.9,405.8,1877.98,758889.0111,2113
1687219200000,2023-06-20,LTCBRL,372.2,389.3,365.2,385.6,1180.77,444862.1523,1193
1687132800000,2023-06-19,LTCBRL,375.6,377.3,365.9,372.4,1046.811,388715.8271,855
1687046400000,2023-06-18,LTCBRL,374.2,381.5,371.3,375.9,710.89,267836.1112,687
1686960000000,2023-06-17,LTCBRL,369.6,376.7,367.4,374.4,718.262,268996.0306,847
1686873600000,2023-06-16,LTCBRL,360.9,372.4,359.2,369.2,1162.905,425015.1121,717
1686787200000,2023-06-15,LTCBRL,355.5,363.8,349.3,361.1,1295.624,463458.3615,931
1686700800000,2023-06-14,LTCBRL,379.0,382.3,345.1,355.7,2152.038,785345.9275,1307
1686614400000,2023-06-13,LTCBRL,378.8,388.5,373.0,378.8,1041.466,395896.1789,888
1686528000000,2023-06-12,LTCBRL,384.8,386.0,372.1,379.1,1208.217,456350.3293,976
1686441600000,2023-06-11,LTCBRL,381.3,390.5,377.0,384.5,739.844,284920.8103,820
1686355200000,2023-06-10,LTCBRL,439.3,439.5,330.0,381.6,3011.137,1175420.3431,2200
1686268800000,2023-06-09,LTCBRL,439.1,444.3,432.0,439.8,995.497,436788.634,906
1686182400000,2023-06-08,LTCBRL,440.8,444.1,432.8,439.9,801.317,351858.4423,720
1686096000000,2023-06-07,LTCBRL,447.6,450.0,432.0,441.5,1542.099,679181.9198,1274
1686009600000,2023-06-06,LTCBRL,437.5,451.8,426.2,449.2,1418.582,623095.1625,1402
1685923200000,2023-06-05,LTCBRL,472.2,474.3,415.7,438.0,2337.817,1035585.7513,1791
1685836800000,2023-06-04,LTCBRL,480.5,483.2,471.0,472.0,786.265,376169.3766,809
1685750400000,2023-06-03,LTCBRL,475.9,486.4,470.6,480.6,958.569,460845.4233,912
1685664000000,2023-06-02,LTCBRL,475.2,482.0,465.1,476.3,1198.004,568576.1453,1034
1685577600000,2023-06-01,LTCBRL,459.8,485.0,455.0,473.7,1844.977,873892.89,1409
1685491200000,2023-05-31,LTCBRL,467.3,469.0,448.0,459.8,1210.831,553269.8557,995
1685404800000,2023-05-30,LTCBRL,459.5,472.1,457.7,468.1,1363.93,635810.8218,1063
1685318400000,2023-05-29,LTCBRL,460.0,462.3,453.9,459.2,1108.826,508242.9477,867
1685232000000,2023-05-28,LTCBRL,445.7,464.1,444.4,460.4,1205.627,544710.9337,987
1685145600000,2023-05-27,LTCBRL,437.8,447.3,436.4,446.0,860.455,380837.5308,815
1685059200000,2023-05-26,LTCBRL,437.2,443.7,433.0,438.4,1855.65,814524.4977,1306
1684972800000,2023-05-25,LTCBRL,428.3,436.4,412.6,435.2,1772.769,754075.8946,1368
1684886400000,2023-05-24,LTCBRL,458.1,459.4,421.7,428.3,2480.497,1076590.1596,1785
1684800000000,2023-05-23,LTCBRL,453.8,464.8,452.2,458.3,1279.318,584221.5326,949
1684713600000,2023-05-22,LTCBRL,462.8,465.7,451.7,454.0,1181.863,539076.4719,976
1684627200000,2023-05-21,LTCBRL,461.6,466.6,458.0,463.0,815.19,376632.1587,775
1684540800000,2023-05-20,LTCBRL,459.4,465.4,454.9,461.9,798.199,367015.676,735
1684454400000,2023-05-19,LTCBRL,452.2,468.1,451.9,459.1,1634.263,753032.5112,1103
1684368000000,2023-05-18,LTCBRL,466.3,467.8,447.0,451.6,1391.169,635687.3954,1114
1684281600000,2023-05-17,LTCBRL,449.8,472.5,446.5,465.9,1864.835,860655.8578,1435
1684195200000,2023-05-16,LTCBRL,428.9,449.6,425.8,447.1,1493.23,656379.7262,1215
1684108800000,2023-05-15,LTCBRL,416.5,438.1,409.6,429.0,1756.844,755983.8201,1353
1684022400000,2023-05-14,LTCBRL,397.4,417.1,394.6,416.0,1316.685,536536.3236,879
1683936000000,2023-05-13,LTCBRL,400.4,403.6,397.0,398.2,893.587,357685.3397,778
1683849600000,2023-05-12,LTCBRL,403.8,407.1,383.1,399.7,1919.569,755732.417,1097
1683763200000,2023-05-11,LTCBRL,403.4,410.1,391.8,403.5,2058.046,826158.3403,1272
1683676800000,2023-05-10,LTCBRL,401.1,409.0,386.4,403.2,2368.677,951364.3299,1448
1683590400000,2023-05-09,LTCBRL,392.0,402.1,390.4,400.7,1812.385,719638.095,1198
1683504000000,2023-05-08,LTCBRL,417.6,427.6,378.5,392.2,3776.627,1511083.2291,1796
1683417600000,2023-05-07,LTCBRL,418.3,424.5,416.1,418.6,734.707,308882.9192,650
1683331200000,2023-05-06,LTCBRL,441.5,443.6,400.0,417.6,2074.578,874873.8483,1655
1683244800000,2023-05-05,LTCBRL,442.3,446.5,435.0,441.8,1532.575,675735.1323,1098
1683158400000,2023-05-04,LTCBRL,447.2,447.2,438.7,442.3,1109.896,490521.7775,873
1683072000000,2023-05-03,LTCBRL,447.0,450.9,430.9,446.3,1886.454,829721.855,1186
1682985600000,2023-05-02,LTCBRL,438.2,451.5,431.4,446.5,1534.638,683409.7556,1150
1682899200000,2023-05-01,LTCBRL,444.7,446.6,431.0,438.4,1528.596,670462.3688,1021
1682812800000,2023-04-30,LTCBRL,458.5,458.5,442.0,444.6,747.806,338204.5025,627
1682726400000,2023-04-29,LTCBRL,451.7,460.7,450.0,457.7,711.284,323388.9839,679
1682640000000,2023-04-28,LTCBRL,449.8,456.0,442.2,451.3,1897.748,850889.9902,1302
1682553600000,2023-04-27,LTCBRL,448.6,460.0,443.2,449.1,1962.496,884016.8131,1455
1682467200000,2023-04-26,LTCBRL,463.4,477.1,432.0,448.2,3796.484,1732919.7483,2117
1682380800000,2023-04-25,LTCBRL,448.8,466.4,443.0,462.9,2517.464,1150644.0828,1612
1682294400000,2023-04-24,LTCBRL,443.5,454.3,438.0,448.5,1680.53,752247.6191,1195
1682208000000,2023-04-23,LTCBRL,446.1,446.6,433.7,443.4,1304.301,575972.8727,867
1682121600000,2023-04-22,LTCBRL,437.0,447.3,433.4,446.3,1262.322,559372.3734,938
1682035200000,2023-04-21,LTCBRL,458.4,462.0,431.7,437.6,2404.258,1078390.8855,1307
1681948800000,2023-04-20,LTCBRL,462.6,471.0,443.3,458.8,3004.284,1375531.1594,1861
1681862400000,2023-04-19,LTCBRL,509.0,509.1,448.8,463.9,4392.416,2109397.3648,2328
1681776000000,2023-04-18,LTCBRL,492.1,514.0,487.5,509.5,2704.398,1367782.9462,1552
1681689600000,2023-04-17,LTCBRL,498.6,499.6,488.0,491.9,2737.677,1347020.0682,1470
1681603200000,2023-04-16,LTCBRL,483.0,510.6,475.9,498.5,2664.196,1318403.7609,1489
1681516800000,2023-04-15,LTCBRL,477.1,485.9,468.8,482.4,1416.462,676128.8996,1056
1681430400000,2023-04-14,LTCBRL,466.4,491.1,465.7,476.6,3558.861,1700522.8375,1901
1681344000000,2023-04-13,LTCBRL,456.3,469.0,454.6,466.8,1529.233,709555.5051,1111
1681257600000,2023-04-12,LTCBRL,474.8,475.9,454.2,456.5,2265.478,1043725.9349,1350
1681171200000,2023-04-11,LTCBRL,476.4,492.1,471.9,474.5,1994.881,956721.7034,1335
1681084800000,2023-04-10,LTCBRL,461.2,479.1,457.3,476.3,2412.846,1132240.032,1376
1680998400000,2023-04-09,LTCBRL,458.5,463.5,454.5,461.3,1017.918,467658.5824,717
1680912000000,2023-04-08,LTCBRL,461.6,465.0,455.2,457.9,1171.03,538101.8826,874
1680825600000,2023-04-07,LTCBRL,462.6,466.0,454.4,461.7,1186.325,546705.3665,866
1680739200000,2023-04-06,LTCBRL,469.0,469.3,458.0,462.8,2161.356,1002886.7801,1139
1680652800000,2023-04-05,LTCBRL,471.5,482.8,463.0,469.4,2128.177,1005931.619,1385
1680566400000,2023-04-04,LTCBRL,474.4,479.3,467.6,472.6,1740.293,825530.5737,1130
1680480000000,2023-04-03,LTCBRL,476.5,489.0,458.1,474.8,2003.988,945469.533,1333
1680393600000,2023-04-02,LTCBRL,473.2,483.9,465.0,476.1,1240.563,588499.8726,1042
1680307200000,2023-04-01,LTCBRL,458.0,482.1,457.2,473.4,1586.252,750637.3701,1367
1680220800000,2023-03-31,LTCBRL,458.8,465.0,450.8,457.8,1522.731,696892.7155,1358
1680134400000,2023-03-30,LTCBRL,472.1,480.1,447.3,459.0,2183.564,1004062.9729,1772
1680048000000,2023-03-29,LTCBRL,464.2,482.1,463.2,471.8,1585.811,751740.2619,1390
1679961600000,2023-03-28,LTCBRL,469.8,470.3,447.4,463.7,2146.664,980257.3585,1651
1679875200000,2023-03-27,LTCBRL,494.4,496.7,463.0,469.6,1889.754,903629.83,1399
1679788800000,2023-03-26,LTCBRL,483.9,502.0,480.7,494.6,1061.361,524788.7127,872
1679702400000,2023-03-25,LTCBRL,497.0,499.0,478.0,485.3,997.079,487887.3146,729
1679616000000,2023-03-24,LTCBRL,498.0,510.0,473.0,496.6,1340.782,656237.3738,973
1679529600000,2023-03-23,LTCBRL,462.1,501.1,454.3,497.3,2735.212,1312982.3506,1594
1679443200000,2023-03-22,LTCBRL,436.6,468.0,421.6,461.6,2950.359,1292789.2,1804
1679356800000,2023-03-21,LTCBRL,412.9,442.0,407.9,436.6,2073.382,888338.1116,1249
1679270400000,2023-03-20,LTCBRL,444.8,446.8,412.4,413.3,1583.23,681732.9224,1201
1679184000000,2023-03-19,LTCBRL,439.2,457.0,434.1,444.8,1276.139,571411.6856,791
1679097600000,2023-03-18,LTCBRL,453.0,466.3,434.1,438.7,1638.752,739248.6856,1080
1679011200000,2023-03-17,LTCBRL,415.7,453.3,412.5,452.5,2868.5,1250143.3549,1487
1678924800000,2023-03-16,LTCBRL,405.3,423.2,402.5,416.3,1807.556,749798.1911,1158
1678838400000,2023-03-15,LTCBRL,445.3,449.9,400.0,405.7,2184.344,916314.2204,1425
1678752000000,2023-03-14,LTCBRL,426.5,464.0,413.8,442.9,2754.009,1213697.549,2048
1678665600000,2023-03-13,LTCBRL,394.6,435.3,382.0,425.0,3795.993,1561061.8758,3046
1678579200000,2023-03-12,LTCBRL,353.1,394.2,347.1,393.5,1598.058,581802.6123,1524
1678492800000,2023-03-11,LTCBRL,374.5,389.0,342.1,354.2,2421.431,871330.3413,1376
1678406400000,2023-03-10,LTCBRL,399.5,399.5,355.9,374.6,2592.342,972286.8908,1427
1678320000000,2023-03-09,LTCBRL,428.8,438.0,390.1,398.7,2448.021,1033324.6022,1329
1678233600000,2023-03-08,LTCBRL,451.0,452.0,422.9,428.8,1513.86,658633.4085,1049
1678147200000,2023-03-07,LTCBRL,453.5,460.4,438.7,451.2,1389.192,624710.3592,1155
1678060800000,2023-03-06,LTCBRL,469.9,474.0,450.1,453.5,1109.485,510463.6163,1083
1677974400000,2023-03-05,LTCBRL,467.6,479.7,467.5,469.9,830.995,394119.8989,793
1677888000000,2023-03-04,LTCBRL,474.3,475.6,458.0,467.4,893.969,419357.014,924
1677801600000,2023-03-03,LTCBRL,498.4,498.7,455.3,474.7,1990.488,937693.3253,1721
1677715200000,2023-03-02,LTCBRL,510.6,512.8,491.1,498.2,1323.111,659144.5141,1717
1677628800000,2023-03-01,LTCBRL,491.7,512.6,490.2,509.9,1417.85,719198.4295,1246
1677542400000,2023-02-28,LTCBRL,491.3,503.8,486.0,491.5,1253.22,620482.1383,819
1677456000000,2023-02-27,LTCBRL,496.9,502.3,481.8,491.7,939.297,462156.9437,806
1677369600000,2023-02-26,LTCBRL,487.1,497.8,484.4,497.8,1110.436,545256.4574,822
1677283200000,2023-02-25,LTCBRL,478.6,488.2,472.7,486.5,1542.796,739791.9292,1183
1677196800000,2023-02-24,LTCBRL,487.9,491.5,470.5,478.7,2118.567,1020040.696,1498
1677110400000,2023-02-23,LTCBRL,494.1,498.6,484.8,488.7,2358.381,1155577.5171,1519
1677024000000,2023-02-22,LTCBRL,489.3,499.4,478.0,494.2,2524.015,1235432.1876,1697
1676937600000,2023-02-21,LTCBRL,498.5,503.0,478.0,489.5,1739.047,851616.5986,1431
1676851200000,2023-02-20,LTCBRL,510.5,513.4,490.2,498.6,1880.686,945844.1473,1716
1676764800000,2023-02-19,LTCBRL,518.6,527.0,506.0,509.5,1360.908,702951.8573,1051
1676678400000,2023-02-18,LTCBRL,520.5,529.7,514.6,519.2,1284.28,668153.8743,1173
1676592000000,2023-02-17,LTCBRL,515.5,527.7,512.8,520.7,1341.759,699711.8811,1445
1676505600000,2023-02-16,LTCBRL,533.8,550.0,514.4,515.6,2479.829,1316143.8135,1932
1676419200000,2023-02-15,LTCBRL,499.1,536.0,492.7,534.2,2381.737,1225917.4784,1756
1676332800000,2023-02-14,LTCBRL,474.0,501.5,469.2,499.5,1695.751,825641.9696,1373
1676246400000,2023-02-13,LTCBRL,488.2,501.0,459.6,474.6,2136.939,1019798.2341,1478
1676160000000,2023-02-12,LTCBRL,496.8,497.5,478.9,488.0,1122.639,551697.5249,897
1676073600000,2023-02-11,LTCBRL,489.8,498.6,488.0,496.2,978.032,481924.6256,847
1675987200000,2023-02-10,LTCBRL,487.5,495.2,481.8,491.1,1297.8,633752.2493,1141
1675900800000,2023-02-09,LTCBRL,517.2,519.3,479.5,489.2,2156.396,1076164.9027,1571
1675814400000,2023-02-08,LTCBRL,525.1,531.2,508.8,518.5,1965.953,1018686.8608,1004
1675728000000,2023-02-07,LTCBRL,499.1,527.5,497.6,524.9,1504.827,776957.4139,1109
1675641600000,2023-02-06,LTCBRL,502.1,511.5,493.0,498.1,1566.459,789014.7735,1035
1675555200000,2023-02-05,LTCBRL,508.7,510.7,493.0,502.1,912.332,459066.3935,686
1675468800000,2023-02-04,LTCBRL,515.8,520.4,507.0,509.1,1112.966,570803.3209,807
1675382400000,2023-02-03,LTCBRL,500.8,517.5,497.0,514.4,2066.009,1046694.9857,1239
1675296000000,2023-02-02,LTCBRL,510.1,518.7,494.0,500.1,1559.318,787486.857,1383
1675209600000,2023-02-01,LTCBRL,480.6,521.2,478.9,510.1,1911.556,943805.3034,1239
1675123200000,2023-01-31,LTCBRL,470.0,494.2,470.0,480.6,2032.714,980620.6033,1094
1675036800000,2023-01-30,LTCBRL,485.7,490.9,456.5,468.9,2874.529,1354647.7303,1396
1674950400000,2023-01-29,LTCBRL,462.0,500.0,461.0,485.7,1908.409,929080.0628,1215
1674864000000,2023-01-28,LTCBRL,456.9,461.9,447.2,461.0,1100.556,499293.3098,792
1674777600000,2023-01-27,LTCBRL,446.6,458.8,439.2,456.5,1240.363,557143.0057,892
1674691200000,2023-01-26,LTCBRL,457.3,460.7,443.7,446.8,1311.731,593527.818,1060
1674604800000,2023-01-25,LTCBRL,450.9,468.9,443.5,456.8,1638.327,741926.6078,1098
1674518400000,2023-01-24,LTCBRL,468.7,475.5,447.8,451.4,1424.633,663433.2286,1037
1674432000000,2023-01-23,LTCBRL,457.7,486.0,457.0,470.1,1396.01,655594.5299,935
1674345600000,2023-01-22,LTCBRL,459.0,469.0,452.4,457.9,687.254,316992.3818,674
1674259200000,2023-01-21,LTCBRL,470.4,476.0,458.4,458.4,903.714,422561.1836,744
1674172800000,2023-01-20,LTCBRL,438.3,474.3,432.6,471.5,1517.495,684579.4476,960
1674086400000,2023-01-19,LTCBRL,430.0,440.8,428.4,438.8,904.833,393746.9031,599
1674000000000,2023-01-18,LTCBRL,448.4,454.6,425.0,430.0,1169.804,515855.7485,791
1673913600000,2023-01-17,LTCBRL,443.1,459.6,437.5,448.1,1049.981,470358.135,735
1673827200000,2023-01-16,LTCBRL,448.2,456.7,432.0,443.1,1230.041,548379.6415,780
1673740800000,2023-01-15,LTCBRL,451.8,455.4,438.4,449.1,1469.509,658097.3716,761
1673654400000,2023-01-14,LTCBRL,442.5,466.4,441.1,450.2,2226.013,1008159.3768,1323
1673568000000,2023-01-13,LTCBRL,446.1,451.3,429.5,443.1,1712.686,748780.5795,1129
1673481600000,2023-01-12,LTCBRL,437.5,455.9,424.2,445.7,2274.195,992778.695,1230
1673395200000,2023-01-11,LTCBRL,423.4,442.0,420.0,438.2,1729.374,739928.921,1017
1673308800000,2023-01-10,LTCBRL,431.5,437.1,420.5,424.2,2163.936,922029.092,1125
1673222400000,2023-01-09,LTCBRL,417.0,444.4,416.4,431.4,2706.64,1174801.1625,1401
1673136000000,2023-01-08,LTCBRL,404.9,419.0,398.5,417.2,931.777,377866.1564,540
1673049600000,2023-01-07,LTCBRL,400.8,406.6,399.4,404.7,630.221,254010.9163,468
1672963200000,2023-01-06,LTCBRL,399.9,406.2,390.0,400.9,2330.862,925844.3557,977
1672876800000,2023-01-05,LTCBRL,409.5,413.3,398.3,398.9,1586.627,640748.1966,830
1672790400000,2023-01-04,LTCBRL,407.9,420.5,403.1,409.1,1912.189,787342.8641,952
1672704000000,2023-01-03,LTCBRL,397.5,410.5,395.9,409.7,1476.607,594143.8489,867
1672617600000,2023-01-02,LTCBRL,376.3,413.9,372.3,398.0,3887.326,1542067.9759,1736
1672531200000,2023-01-01,LTCBRL,373.8,380.5,366.9,376.1,1747.357,654138.9398,804
1672444800000,2022-12-31,LTCBRL,362.9,379.1,361.3,372.7,2167.97,802027.3132,1162
1672358400000,2022-12-30,LTCBRL,354.4,366.5,352.2,363.1,2407.638,862013.0982,1289
1672272000000,2022-12-29,LTCBRL,351.8,357.8,347.8,354.3,2451.508,864500.0668,1316
1672185600000,2022-12-28,LTCBRL,363.9,368.0,349.9,351.7,2481.843,887870.8785,1375
1672099200000,2022-12-27,LTCBRL,369.7,373.6,359.3,364.2,2486.632,912142.8748,1527
1672012800000,2022-12-26,LTCBRL,358.5,371.0,356.0,369.6,2251.16,823185.611,1170
1671926400000,2022-12-25,LTCBRL,340.7,360.8,338.4,358.1,1400.939,486035.2117,666
1671840000000,2022-12-24,LTCBRL,341.0,342.6,336.8,340.4,887.051,301845.5346,573
1671753600000,2022-12-23,LTCBRL,346.2,347.8,337.6,340.5,1531.759,523513.2299,737
1671667200000,2022-12-22,LTCBRL,342.4,349.5,335.7,345.5,1858.553,635293.7039,946
1671580800000,2022-12-21,LTCBRL,344.7,350.0,338.8,341.9,1723.947,592136.4391,889
1671494400000,2022-12-20,LTCBRL,337.3,348.0,336.2,344.0,2927.752,1002674.5122,1417
1671408000000,2022-12-19,LTCBRL,341.1,343.8,325.2,337.7,1184.869,396053.6976,783
1671321600000,2022-12-18,LTCBRL,344.0,349.0,335.1,340.7,962.959,328354.9967,676
1671235200000,2022-12-17,LTCBRL,352.3,360.0,333.0,344.4,1777.848,609771.0481,1005
1671148800000,2022-12-16,LTCBRL,384.4,388.1,346.7,353.0,2577.011,932241.8091,1200
1671062400000,2022-12-15,LTCBRL,395.8,395.8,383.0,383.4,2043.463,797895.0026,1189
1670976000000,2022-12-14,LTCBRL,405.7,419.0,394.0,395.9,2052.103,835254.4032,1195
1670889600000,2022-12-13,LTCBRL,400.2,417.5,390.9,405.7,2469.289,1001164.5697,1238
1670803200000,2022-12-12,LTCBRL,401.5,403.1,386.8,400.2,1637.9,648262.9686,726
1670716800000,2022-12-11,LTCBRL,400.6,410.4,400.4,400.8,721.763,292700.3169,570
1670630400000,2022-12-10,LTCBRL,400.7,405.3,398.0,399.9,648.825,260147.6626,470
1670544000000,2022-12-09,LTCBRL,409.9,412.4,398.3,401.0,1158.115,469363.6346,733
1670457600000,2022-12-08,LTCBRL,403.8,411.6,390.1,411.0,1512.909,602695.5778,889
1670371200000,2022-12-07,LTCBRL,419.7,423.7,399.0,404.4,1349.033,550429.0189,831
1670284800000,2022-12-06,LTCBRL,421.4,430.0,411.0,420.3,1589.716,666736.4478,889
1670198400000,2022-12-05,LTCBRL,402.6,443.1,401.6,422.6,3677.315,1568927.4537,1279
1670112000000,2022-12-04,LTCBRL,401.6,406.0,394.8,403.4,1371.223,548661.6751,715
1670025600000,2022-12-03,LTCBRL,406.4,408.4,396.4,400.7,1189.411,477586.7402,639
1669939200000,2022-12-02,LTCBRL,404.9,409.6,393.8,406.4,1220.745,489907.2305,649
1669852800000,2022-12-01,LTCBRL,415.0,422.0,399.8,403.9,1599.616,650848.3198,829
1669766400000,2022-11-30,LTCBRL,404.9,427.8,402.2,415.2,2462.037,1025577.4204,1092
1669680000000,2022-11-29,LTCBRL,398.3,416.5,396.5,404.3,2062.422,842367.9445,976
1669593600000,2022-11-28,LTCBRL,405.0,405.9,380.2,398.0,1088.398,428546.9184,750
1669507200000,2022-11-27,LTCBRL,414.2,426.1,400.0,402.9,3466.809,1439042.1904,937
1669420800000,2022-11-26,LTCBRL,400.7,429.3,397.5,411.3,4408.807,1832020.6404,1215
1669334400000,2022-11-25,LTCBRL,422.2,427.3,396.3,400.1,3764.556,1542056.3221,1243
1669248000000,2022-11-24,LTCBRL,424.1,426.5,401.9,423.2,4227.384,1762098.2989,1170
1669161600000,2022-11-23,LTCBRL,380.2,447.2,340.0,424.9,9573.698,4006555.6743,2413
1669075200000,2022-11-22,LTCBRL,327.5,380.8,326.5,380.6,5115.97,1846398.3189,1638
1668988800000,2022-11-21,LTCBRL,334.6,343.4,318.9,327.1,6533.179,2176984.3086,1309
1668902400000,2022-11-20,LTCBRL,345.9,350.1,327.0,335.5,3266.067,1095426.7769,672
1668816000000,2022-11-19,LTCBRL,336.8,348.0,330.6,344.9,1708.038,582121.1873,683
1668729600000,2022-11-18,LTCBRL,336.4,342.1,331.3,336.7,1761.138,593576.1436,806
1668643200000,2022-11-17,LTCBRL,308.1,340.4,305.8,337.0,3424.451,1105722.3069,1126
1668556800000,2022-11-16,LTCBRL,305.7,316.0,302.0,307.3,2940.082,903705.2252,846
1668470400000,2022-11-15,LTCBRL,299.9,314.0,299.4,305.7,2397.6,734122.5849,842
1668384000000,2022-11-14,LTCBRL,298.8,311.4,280.9,299.8,8690.216,2602122.2077,2219
1668297600000,2022-11-13,LTCBRL,316.2,317.5,292.8,299.5,3210.089,967091.9501,1046
1668211200000,2022-11-12,LTCBRL,327.0,327.6,307.8,315.1,3152.416,1003500.2357,1136
1668124800000,2022-11-11,LTCBRL,323.9,344.6,313.7,326.1,4927.451,1621518.6294,1779
1668038400000,2022-11-10,LTCBRL,267.1,328.8,265.1,324.6,4764.453,1449442.631,1908
1667952000000,2022-11-09,LTCBRL,302.2,325.0,252.7,267.5,12692.493,3880918.0906,2733
1667865600000,2022-11-08,LTCBRL,349.4,356.0,287.8,302.2,13588.439,4525543.648,3810
1667779200000,2022-11-07,LTCBRL,348.7,373.2,345.0,350.7,12769.685,4560224.9626,3209
1667692800000,2022-11-06,LTCBRL,352.0,359.6,344.9,348.0,5178.5,1834373.4966,1523
1667606400000,2022-11-05,LTCBRL,344.0,365.0,341.5,352.7,7884.752,2793304.9596,1927
1667520000000,2022-11-04,LTCBRL,319.4,355.5,317.7,344.0,4247.247,1446139.4767,1628
1667433600000,2022-11-03,LTCBRL,314.6,335.5,312.5,319.3,4237.618,1365894.0416,1588
1667347200000,2022-11-02,LTCBRL,284.9,325.0,283.9,315.2,9229.915,2866117.5074,2092
1667260800000,2022-11-01,LTCBRL,287.0,292.3,281.8,285.3,2199.521,629184.6658,963
1667174400000,2022-10-31,LTCBRL,296.4,302.5,283.1,287.5,4285.756,1252613.0527,1042
1667088000000,2022-10-30,LTCBRL,300.0,304.0,291.8,296.4,1584.959,470851.1816,505
1667001600000,2022-10-29,LTCBRL,291.9,305.1,290.8,299.2,2690.047,804871.5877,790
1666915200000,2022-10-28,LTCBRL,291.5,296.6,285.0,291.6,2045.365,596642.4009,721
1666828800000,2022-10-27,LTCBRL,301.3,302.6,290.7,291.4,2379.365,703895.7068,697
1666742400000,2022-10-26,LTCBRL,295.6,304.6,293.4,300.8,2045.963,613310.2992,693
1666656000000,2022-10-25,LTCBRL,277.7,300.9,276.3,295.0,4407.634,1285039.3187,898
1666569600000,2022-10-24,LTCBRL,280.9,281.6,274.3,277.4,1760.847,489645.2686,711
1666483200000,2022-10-23,LTCBRL,272.0,280.8,270.0,280.8,1955.206,535229.276,519
1666396800000,2022-10-22,LTCBRL,268.5,273.4,267.3,272.0,1286.086,349391.62,478
1666310400000,2022-10-21,LTCBRL,268.9,269.9,263.2,268.5,1327.802,355757.6254,589
1666224000000,2022-10-20,LTCBRL,270.5,275.6,267.0,269.5,2723.674,740143.7104,657
1666137600000,2022-10-19,LTCBRL,274.0,274.2,268.8,270.5,3800.303,1035477.5184,764
1666051200000,2022-10-18,LTCBRL,274.3,275.4,268.0,273.7,3014.953,821500.5212,707
1665964800000,2022-10-17,LTCBRL,272.4,275.1,270.3,273.9,1356.445,370453.0934,587
1665878400000,2022-10-16,LTCBRL,268.6,274.6,268.6,272.5,1681.794,458255.3583,458
1665792000000,2022-10-15,LTCBRL,273.3,275.8,268.4,268.6,1503.2,408624.9965,565
1665705600000,2022-10-14,LTCBRL,269.2,276.5,268.3,273.4,2672.383,730792.4825,1278
1665619200000,2022-10-13,LTCBRL,275.6,277.2,259.0,269.2,3211.501,865094.1841,1522
1665532800000,2022-10-12,LTCBRL,275.9,280.3,273.6,276.1,1723.869,476855.6043,1035
1665446400000,2022-10-11,LTCBRL,274.7,276.6,267.7,275.4,2039.15,556273.7661,1244
1665360000000,2022-10-10,LTCBRL,282.5,285.3,274.3,274.8,2476.069,690739.1965,1359
1665273600000,2022-10-09,LTCBRL,276.8,283.1,275.9,283.0,1412.851,396177.9885,841
1665187200000,2022-10-08,LTCBRL,276.6,280.9,274.6,276.3,963.549,267929.6638,630
1665100800000,2022-10-07,LTCBRL,281.2,282.3,274.3,276.6,1586.995,441336.9931,599
1665014400000,2022-10-06,LTCBRL,285.1,287.0,280.4,280.9,1917.422,544045.9375,664
1664928000000,2022-10-05,LTCBRL,287.9,287.9,280.6,285.3,1451.776,411827.9326,590
1664841600000,2022-10-04,LTCBRL,281.5,290.0,279.9,287.9,1880.842,536809.1481,700
1664755200000,2022-10-03,LTCBRL,279.0,285.3,275.2,281.5,1491.285,417494.228,621
1664668800000,2022-10-02,LTCBRL,284.9,287.5,278.9,279.3,624.254,176707.5564,375
1664582400000,2022-10-01,LTCBRL,288.4,289.4,282.6,284.5,732.754,209877.0877,511
1664496000000,2022-09-30,LTCBRL,290.0,296.3,285.2,287.8,1579.758,457693.6434,612
1664409600000,2022-09-29,LTCBRL,285.5,290.4,281.6,289.8,1112.724,319187.6798,548
1664323200000,2022-09-28,LTCBRL,281.8,287.3,274.2,284.8,1217.683,344471.368,538
1664236800000,2022-09-27,LTCBRL,284.4,295.0,277.5,281.7,1831.906,523844.6515,774
1664150400000,2022-09-26,LTCBRL,274.5,285.0,250.0,284.0,2599.971,729000.4005,830
1664064000000,2022-09-25,LTCBRL,279.5,283.8,273.6,274.0,1143.428,320895.2723,521
1663977600000,2022-09-24,LTCBRL,287.9,291.2,278.3,279.6,1166.445,334442.8571,606
1663891200000,2022-09-23,LTCBRL,275.8,289.5,268.8,288.7,1473.606,413391.993,661
1663804800000,2022-09-22,LTCBRL,266.1,278.8,263.5,275.2,990.344,271022.9565,540
1663718400000,2022-09-21,LTCBRL,270.5,286.0,261.8,266.8,1482.073,406784.6663,722
1663632000000,2022-09-20,LTCBRL,275.8,278.8,265.4,270.5,1843.456,499294.2772,756
1663545600000,2022-09-19,LTCBRL,279.4,283.7,265.4,275.1,2412.762,656675.8225,868
1663459200000,2022-09-18,LTCBRL,303.5,303.5,276.6,277.9,1133.111,332009.9442,557
1663372800000,2022-09-17,LTCBRL,294.9,307.7,294.1,304.8,1395.491,420938.3682,576
1663286400000,2022-09-16,LTCBRL,296.8,299.0,289.1,294.9,1436.071,422379.0134,723
1663200000000,2022-09-15,LTCBRL,311.7,315.1,294.4,296.8,1881.478,572421.4739,898
1663113600000,2022-09-14,LTCBRL,307.9,316.9,304.4,312.2,1662.681,517219.7337,764
1663027200000,2022-09-13,LTCBRL,311.1,343.9,304.0,307.9,3717.147,1196552.76,1452
1662940800000,2022-09-12,LTCBRL,321.3,326.0,308.3,312.9,3108.252,983310.1471,999
1662854400000,2022-09-11,LTCBRL,327.5,333.3,317.8,321.4,1238.542,403014.8611,673
1662768000000,2022-09-10,LTCBRL,315.7,335.0,313.2,327.5,1846.893,602993.0406,975
1662681600000,2022-09-09,LTCBRL,302.8,320.9,301.0,316.1,2098.943,658772.3282,948
1662595200000,2022-09-08,LTCBRL,301.2,306.0,294.0,302.9,1653.421,495266.7806,759
1662508800000,2022-09-07,LTCBRL,284.5,305.9,279.4,300.9,2499.108,724788.8598,875
1662422400000,2022-09-06,LTCBRL,312.7,324.2,284.1,284.8,3308.689,1006621.514,1294
1662336000000,2022-09-05,LTCBRL,316.4,320.0,307.3,312.4,1875.179,585707.0476,784
1662249600000,2022-09-04,LTCBRL,311.3,317.1,305.0,316.5,1357.8,421804.0434,638
1662163200000,2022-09-03,LTCBRL,315.5,323.1,310.0,312.8,1582.886,499544.3392,728
1662076800000,2022-09-02,LTCBRL,301.3,323.9,296.0,316.5,3228.684,1002407.2369,1290
1661990400000,2022-09-01,LTCBRL,278.2,302.4,275.8,301.5,2861.07,832567.7877,1039
1661904000000,2022-08-31,LTCBRL,273.3,285.0,273.3,278.0,1701.038,476398.6057,734
1661817600000,2022-08-30,LTCBRL,282.0,283.5,265.5,272.6,2075.342,572465.6449,771
1661731200000,2022-08-29,LTCBRL,273.5,288.6,269.0,281.9,2245.065,626998.8033,802
1661644800000,2022-08-28,LTCBRL,269.9,285.8,268.2,273.4,2656.402,734574.3293,681
1661558400000,2022-08-27,LTCBRL,268.2,272.9,265.0,271.1,1956.296,526391.09,688
1661472000000,2022-08-26,LTCBRL,291.0,297.0,266.5,268.1,1669.26,472164.1887,752
1661385600000,2022-08-25,LTCBRL,289.9,294.5,286.5,291.5,1580.786,460382.858,572
1661299200000,2022-08-24,LTCBRL,293.1,294.8,286.0,289.9,1559.29,454020.7319,585
1661212800000,2022-08-23,LTCBRL,296.5,298.3,280.0,292.7,1261.053,369294.8485,580
1661126400000,2022-08-22,LTCBRL,289.0,298.1,273.2,297.0,1643.206,476931.1038,649
1661040000000,2022-08-21,LTCBRL,282.6,291.6,281.5,289.8,856.081,245859.0998,437
1660953600000,2022-08-20,LTCBRL,282.0,289.8,275.6,282.6,1122.966,319790.3793,523
1660867200000,2022-08-19,LTCBRL,312.7,313.5,278.2,281.9,1859.96,541247.3906,835
1660780800000,2022-08-18,LTCBRL,313.2,320.0,309.3,312.0,1383.417,437057.408,620
1660694400000,2022-08-17,LTCBRL,318.0,333.0,311.2,313.7,2098.397,669510.8215,758
1660608000000,2022-08-16,LTCBRL,309.4,317.9,306.9,316.2,1533.178,480816.3579,668
1660521600000,2022-08-15,LTCBRL,322.7,332.0,305.5,311.4,1842.96,582171.8731,773
1660435200000,2022-08-14,LTCBRL,325.9,335.0,319.4,322.8,2197.341,718648.2586,699
1660348800000,2022-08-13,LTCBRL,320.1,334.6,319.1,325.5,1918.541,626245.1399,644
1660262400000,2022-08-12,LTCBRL,319.5,321.5,305.0,319.8,1437.126,454915.7546,646
1660176000000,2022-08-11,LTCBRL,314.4,324.0,313.0,319.8,1438.551,460443.45,612
1660089600000,2022-08-10,LTCBRL,304.2,317.0,297.0,314.9,2304.254,710869.7995,812
1660003200000,2022-08-09,LTCBRL,321.7,322.6,301.1,305.0,2095.913,645874.4913,824
1659916800000,2022-08-08,LTCBRL,317.5,330.3,315.6,322.0,1813.888,588378.6551,779
1659830400000,2022-08-07,LTCBRL,315.6,321.6,311.7,317.2,971.378,308712.812,507
1659744000000,2022-08-06,LTCBRL,324.6,324.6,314.9,316.4,990.839,316170.1211,461
1659657600000,2022-08-05,LTCBRL,313.7,326.4,313.6,324.5,1548.2,495027.7184,651
1659571200000,2022-08-04,LTCBRL,306.6,319.8,306.0,313.1,1336.859,416880.5298,631
1659484800000,2022-08-03,LTCBRL,307.7,318.6,300.7,306.6,1666.435,520327.2602,708
1659398400000,2022-08-02,LTCBRL,309.3,313.9,294.7,307.9,1465.228,446857.5256,659
1659312000000,2022-08-01,LTCBRL,310.8,315.7,303.1,309.9,1377.42,424316.0244,694
1659225600000,2022-07-31,LTCBRL,317.0,327.9,311.5,312.3,1344.677,431102.0199,529
1659139200000,2022-07-30,LTCBRL,317.7,333.5,312.7,315.2,1415.638,459176.6692,710
1659052800000,2022-07-29,LTCBRL,330.3,335.5,310.0,315.0,1528.485,491752.4244,776
1658966400000,2022-07-28,LTCBRL,310.6,335.0,304.8,330.9,1765.468,568656.9522,866
1658880000000,2022-07-27,LTCBRL,290.3,311.3,285.2,311.3,1221.255,363919.5217,752
1658793600000,2022-07-26,LTCBRL,291.6,292.5,279.6,290.6,1612.27,460425.6706,1061
1658707200000,2022-07-25,LTCBRL,321.9,323.7,291.6,291.7,2213.062,677836.1836,910
1658620800000,2022-07-24,LTCBRL,311.1,328.6,311.1,321.4,1580.199,508223.067,555
1658534400000,2022-07-23,LTCBRL,309.0,315.4,301.3,311.6,1405.631,432669.3628,531
1658448000000,2022-07-22,LTCBRL,318.4,324.7,307.1,310.0,1350.93,426695.0501,570
1658361600000,2022-07-21,LTCBRL,314.2,323.1,303.3,319.3,1536.525,481521.4464,663
1658275200000,2022-07-20,LTCBRL,314.0,336.4,309.5,313.5,2463.1,785262.4931,931
1658188800000,2022-07-19,LTCBRL,317.6,323.4,304.0,314.7,2298.097,718978.562,854
1658102400000,2022-07-18,LTCBRL,300.0,319.2,300.0,318.9,2258.719,701827.3815,772
1658016000000,2022-07-17,LTCBRL,299.6,309.3,295.6,302.0,1793.423,539342.6359,574
1657929600000,2022-07-16,LTCBRL,281.3,301.1,278.0,299.2,1540.83,446548.946,622
1657843200000,2022-07-15,LTCBRL,279.6,286.5,275.1,281.3,1415.06,396768.5521,530
1657756800000,2022-07-14,LTCBRL,268.3,282.0,260.1,278.7,2729.761,736065.761,690
1657670400000,2022-07-13,LTCBRL,258.8,269.3,254.0,268.8,2001.574,523038.4185,645
1657584000000,2022-07-12,LTCBRL,263.1,266.4,257.5,258.9,1889.337,495690.6265,677
1657497600000,2022-07-11,LTCBRL,275.4,276.6,261.0,263.2,2128.889,576675.4446,732
1657411200000,2022-07-10,LTCBRL,287.6,291.4,268.7,276.1,2002.472,561415.6057,618
1657324800000,2022-07-09,LTCBRL,273.0,290.3,272.0,286.9,2352.402,655090.9954,584
1657238400000,2022-07-08,LTCBRL,279.6,289.5,271.0,271.4,2973.422,827457.9476,901
1657152000000,2022-07-07,LTCBRL,273.0,282.4,269.4,280.0,3086.054,850968.0207,857
1657065600000,2022-07-06,LTCBRL,268.9,276.1,263.9,273.4,2165.211,588541.0683,731
1656979200000,2022-07-05,LTCBRL,278.8,280.0,258.0,267.7,2631.354,705803.4128,951
1656892800000,2022-07-04,LTCBRL,271.9,279.7,265.7,278.7,1808.131,494343.6675,779
1656806400000,2022-07-03,LTCBRL,269.6,278.2,262.5,271.6,1227.661,330393.3154,439
1656720000000,2022-07-02,LTCBRL,272.3,274.5,266.3,268.9,1240.615,334504.0042,397
1656633600000,2022-07-01,LTCBRL,284.0,294.1,264.3,272.1,2022.396,557398.4215,1169
1656547200000,2022-06-30,LTCBRL,280.5,284.3,263.0,283.2,1451.46,393134.6077,557
1656460800000,2022-06-29,LTCBRL,277.6,283.8,270.9,278.7,1095.508,304142.0376,473
1656374400000,2022-06-28,LTCBRL,292.2,297.9,277.9,277.9,1338.58,385874.6002,571
1656288000000,2022-06-27,LTCBRL,298.0,307.9,288.6,292.3,1351.183,401308.3415,579
1656201600000,2022-06-26,LTCBRL,308.0,316.6,298.0,298.0,1271.303,390377.7387,443
1656115200000,2022-06-25,LTCBRL,293.3,313.3,287.4,308.0,2112.762,631678.7976,718
1656028800000,2022-06-24,LTCBRL,293.5,300.5,286.0,292.3,2382.068,698009.9642,833
1655942400000,2022-06-23,LTCBRL,272.5,297.0,271.8,292.5,2800.257,800479.5473,908
1655856000000,2022-06-22,LTCBRL,275.6,276.4,261.0,272.6,1888.705,509781.5417,736
1655769600000,2022-06-21,LTCBRL,273.0,286.7,269.4,276.1,2864.225,792954.7111,1033
1655683200000,2022-06-20,LTCBRL,282.4,282.9,266.0,273.7,3256.973,886500.7277,1078
1655596800000,2022-06-19,LTCBRL,244.5,291.4,232.7,281.2,6656.524,1760454.4216,1926
1655510400000,2022-06-18,LTCBRL,246.1,250.0,215.4,244.3,3727.238,879447.6317,1070
1655424000000,2022-06-17,LTCBRL,228.6,250.4,228.6,246.2,3099.343,743462.7529,920
1655337600000,2022-06-16,LTCBRL,257.7,260.0,226.3,229.0,3359.166,800367.3415,1031
1655251200000,2022-06-15,LTCBRL,238.9,258.7,216.4,257.7,5864.14,1382801.4622,1617
1655164800000,2022-06-14,LTCBRL,222.1,240.0,208.8,239.5,4473.589,1032077.8864,1430
1655078400000,2022-06-13,LTCBRL,241.7,243.0,211.5,224.1,3796.64304,846068.5948056,1316
1654992000000,2022-06-12,LTCBRL,261.9,264.5,240.0,244.2,1951.152,494562.8075,780
1654905600000,2022-06-11,LTCBRL,284.1,289.3,260.0,261.3,2215.93,607445.891047,983
1654819200000,2022-06-10,LTCBRL,296.1,297.5,278.6,284.1,2081.627,600166.4672,988
1654732800000,2022-06-09,LTCBRL,301.5,306.2,292.8,296.6,2346.776,704444.7512,1009
1654646400000,2022-06-08,LTCBRL,311.6,313.6,299.8,302.1,1802.178,550383.3311,933
1654560000000,2022-06-07,LTCBRL,310.0,319.0,290.1,311.6,2149.741,654172.4936,1176
1654473600000,2022-06-06,LTCBRL,303.6,318.0,303.2,310.2,1873.911,582469.829,971
1654387200000,2022-06-05,LTCBRL,306.5,307.4,297.3,305.0,1294.334,392273.4155,695
1654300800000,2022-06-04,LTCBRL,300.8,309.0,294.8,306.8,1079.779,326582.3154,659
1654214400000,2022-06-03,LTCBRL,310.6,312.6,295.7,301.0,1806.582,545325.8607,946
1654128000000,2022-06-02,LTCBRL,303.9,312.1,300.0,310.5,1849.203,565714.0761,873
1654041600000,2022-06-01,LTCBRL,326.5,335.4,299.0,303.9,1981.638,628439.2408,1045
1653955200000,2022-05-31,LTCBRL,330.6,333.3,315.7,325.1,2260.332,736605.4862,1072
1653868800000,2022-05-30,LTCBRL,303.1,332.7,301.4,330.6,1610.575,512105.8999,954
1653782400000,2022-05-29,LTCBRL,300.9,306.7,295.2,303.5,837.537,252863.5551,560
1653696000000,2022-05-28,LTCBRL,292.2,304.8,291.9,301.2,1000.485,300367.761,682
1653609600000,2022-05-27,LTCBRL,305.6,308.2,290.4,292.3,1429.918,427042.344,895
1653523200000,2022-05-26,LTCBRL,330.1,333.8,294.2,305.1,1744.576,546256.9515,980
1653436800000,2022-05-25,LTCBRL,339.5,346.5,329.7,331.1,1612.831,539965.4598,934
1653350400000,2022-05-24,LTCBRL,335.6,343.0,323.9,340.7,2265.286,760146.4199,1011
1653264000000,2022-05-23,LTCBRL,351.3,361.6,332.1,334.6,2480.301,859460.5111,1143
1653177600000,2022-05-22,LTCBRL,344.0,356.1,341.8,352.8,1031.446,361195.7846,720
1653091200000,2022-05-21,LTCBRL,335.5,347.0,332.7,343.4,1016.485,347976.7318,650
1653004800000,2022-05-20,LTCBRL,355.6,363.1,327.4,336.9,1779.344,608120.7599,1044
1652918400000,2022-05-19,LTCBRL,331.2,358.1,324.4,357.6,1323.185,457621.6298,776
1652832000000,2022-05-18,LTCBRL,363.2,368.2,329.2,329.3,2580.093,896919.0086,1144
1652745600000,2022-05-17,LTCBRL,343.5,367.0,341.8,362.9,2568.401,918313.9958,1185
1652659200000,2022-05-16,LTCBRL,364.5,364.5,333.0,342.4,2418.056,830717.742,1138
1652572800000,2022-05-15,LTCBRL,351.3,366.1,336.5,364.6,1480.569,519918.8934,910
1652486400000,2022-05-14,LTCBRL,346.4,357.3,329.3,352.0,1731.531,593833.8099,990
1652400000000,2022-05-13,LTCBRL,332.4,378.7,328.4,345.3,3518.201,1259579.6307,1731
1652313600000,2022-05-12,LTCBRL,344.5,361.2,272.5,333.6,5465.441,1728821.7758,2670
1652227200000,2022-05-11,LTCBRL,414.8,427.9,336.3,343.7,5611.52931,2126858.7815101,2473
1652140800000,2022-05-10,LTCBRL,401.9,438.8,383.4,414.8,2178.8842,903712.258828,1295
1652054400000,2022-05-09,LTCBRL,481.9,487.0,392.2,396.8,2113.44,915316.3125,1417
1651968000000,2022-05-08,LTCBRL,482.9,491.3,469.0,481.4,1532.852,736072.504,859
1651881600000,2022-05-07,LTCBRL,493.6,497.0,476.0,484.1,1097.006,538551.5706,954
1651795200000,2022-05-06,LTCBRL,490.1,497.1,476.2,494.4,1247.028,608865.3384,1029
1651708800000,2022-05-05,LTCBRL,525.0,526.9,478.8,490.1,1919.707,959100.2289,1181
1651622400000,2022-05-04,LTCBRL,496.4,528.5,493.7,524.1,1788.8,920720.1577,1252
1651536000000,2022-05-03,LTCBRL,511.4,513.6,487.3,496.2,1688.63,848202.2832,1113
1651449600000,2022-05-02,LTCBRL,496.8,518.2,491.7,510.5,1983.757,999383.3543,1200
1651363200000,2022-05-01,LTCBRL,480.7,501.4,474.8,497.3,792.938,387899.9615,716
1651276800000,2022-04-30,LTCBRL,501.4,507.6,472.0,481.6,1384.055,689784.7929,947
1651190400000,2022-04-29,LTCBRL,513.4,518.4,490.7,502.0,1771.468,890239.304,1139
1651104000000,2022-04-28,LTCBRL,500.6,519.5,497.0,513.1,2173.294,1108367.0253,1071
1651017600000,2022-04-27,LTCBRL,494.5,511.0,492.6,501.0,1465.142,734803.2971,935
1650931200000,2022-04-26,LTCBRL,511.9,516.1,486.3,495.6,1182.988,596917.5693,938
1650844800000,2022-04-25,LTCBRL,507.1,514.3,477.3,512.1,1903.164,951086.6759,1071
1650758400000,2022-04-24,LTCBRL,508.4,510.9,500.5,505.8,989.236,501864.4425,697
1650672000000,2022-04-23,LTCBRL,508.6,517.5,505.6,508.6,1493.634,765841.6876,1019
1650585600000,2022-04-22,LTCBRL,497.5,519.6,496.0,508.3,1319.496,672669.6514,1070
1650499200000,2022-04-21,LTCBRL,521.2,533.2,492.2,498.4,1271.591,657096.9835,1020
1650412800000,2022-04-20,LTCBRL,534.3,535.9,513.6,521.5,1453.258,764588.2176,1194
1650326400000,2022-04-19,LTCBRL,521.2,536.5,517.3,535.0,1596.953,843588.3561,1340
1650240000000,2022-04-18,LTCBRL,516.6,522.5,499.1,520.5,1079.938,550133.2132,935
1650153600000,2022-04-17,LTCBRL,542.5,545.4,513.9,515.7,1176.363,632628.1356,690
1650067200000,2022-04-16,LTCBRL,526.4,544.5,522.7,543.1,1028.093,547220.1987,647
1649980800000,2022-04-15,LTCBRL,508.8,536.0,508.5,526.5,985.305,517147.7418,806
1649894400000,2022-04-14,LTCBRL,522.3,529.8,501.7,508.9,1439.196,736639.7367,1029
1649808000000,2022-04-13,LTCBRL,494.8,523.9,489.8,522.4,1402.507,716896.1919,1052
1649721600000,2022-04-12,LTCBRL,487.2,499.2,482.7,494.2,1556.336,763815.0034,1085
1649635200000,2022-04-11,LTCBRL,522.9,525.3,482.9,486.3,2395.594,1205269.7533,1649
1649548800000,2022-04-10,LTCBRL,534.4,542.8,523.0,523.0,1775.013,947448.4971,1026
1649462400000,2022-04-09,LTCBRL,524.1,535.8,522.4,534.6,1487.258,787051.2302,975
1649376000000,2022-04-08,LTCBRL,546.8,551.9,520.4,525.5,1413.3,764607.822,962
1649289600000,2022-04-07,LTCBRL,533.6,548.8,525.2,545.8,2312.001,1248707.4419,1285
1649203200000,2022-04-06,LTCBRL,575.8,577.3,529.9,531.7,3015.728,1658999.9013,1584
1649116800000,2022-04-05,LTCBRL,578.0,590.9,574.3,575.9,1811.948,1056481.0148,1141
1649030400000,2022-04-04,LTCBRL,605.7,605.8,564.9,579.0,2072.828,1205562.4988,1464
1648944000000,2022-04-03,LTCBRL,588.7,608.7,582.3,605.5,1344.902,801690.0078,1371
1648857600000,2022-04-02,LTCBRL,587.5,603.1,582.5,587.0,1390.498,824462.1757,1463
1648771200000,2022-04-01,LTCBRL,595.2,597.1,569.5,587.4,1888.999,1108463.4792,1727
1648684800000,2022-03-31,LTCBRL,630.7,639.0,578.8,593.0,3577.912,2176717.7043,2644
1648598400000,2022-03-30,LTCBRL,623.6,643.9,605.4,630.6,2668.886,1677880.0245,1500
1648512000000,2022-03-29,LTCBRL,611.8,630.1,609.0,624.3,1728.222,1072285.896,1216
1648425600000,2022-03-28,LTCBRL,616.3,641.4,608.4,611.4,2534.51,1587651.8296,1552
1648339200000,2022-03-27,LTCBRL,596.9,618.4,589.2,618.4,1191.779,718483.9076,1022
1648252800000,2022-03-26,LTCBRL,592.7,600.0,583.3,598.1,1178.934,698054.2818,843
1648166400000,2022-03-25,LTCBRL,612.0,616.7,585.0,593.0,2753.197,1653504.5277,1487
1648080000000,2022-03-24,LTCBRL,595.0,619.4,580.9,613.2,2937.555,1766529.1524,1817
1647993600000,2022-03-23,LTCBRL,607.6,616.3,582.4,595.0,2296.893,1364027.7231,1491
1647907200000,2022-03-22,LTCBRL,577.5,612.3,575.2,607.2,3988.384,2387095.7829,2013
1647820800000,2022-03-21,LTCBRL,581.2,588.8,564.5,577.5,2164.058,1249887.0606,1386
1647734400000,2022-03-20,LTCBRL,589.6,597.6,563.6,579.3,2155.343,1251393.4837,1154
1647648000000,2022-03-19,LTCBRL,563.7,592.0,561.5,589.6,1963.723,1125087.283,1193
1647561600000,2022-03-18,LTCBRL,556.5,568.9,545.1,565.9,2044.031,1140767.9752,1198
1647475200000,2022-03-17,LTCBRL,566.1,568.7,552.8,558.0,2695.1,1511553.5273,1289
1647388800000,2022-03-16,LTCBRL,549.4,575.2,542.0,565.8,3316.529,1840379.7174,1912
1647302400000,2022-03-15,LTCBRL,538.9,559.0,525.7,550.1,3128.356,1701668.2274,1767
1647216000000,2022-03-14,LTCBRL,518.3,542.7,515.0,539.7,2137.558,1132046.3634,1521
1647129600000,2022-03-13,LTCBRL,536.5,547.0,516.6,519.2,1262.491,672878.2624,938
1647043200000,2022-03-12,LTCBRL,532.4,549.9,532.4,536.6,1708.889,922757.7566,1121
1646956800000,2022-03-11,LTCBRL,517.5,537.9,505.0,533.9,2578.453,1349148.9802,1486
1646870400000,2022-03-10,LTCBRL,538.8,539.8,506.7,518.0,2007.864,1043230.9825,1417
1646784000000,2022-03-09,LTCBRL,513.7,549.0,499.5,539.0,2907.075,1564984.0471,1766
1646697600000,2022-03-08,LTCBRL,506.6,522.6,503.4,514.4,2968.774,1523993.0833,1486
1646611200000,2022-03-07,LTCBRL,517.8,527.5,493.4,505.8,2429.383,1244563.552,1558
1646524800000,2022-03-06,LTCBRL,536.4,541.0,516.4,516.6,1347.953,713942.8521,918
1646438400000,2022-03-05,LTCBRL,516.4,539.2,508.9,536.4,1405.089,741328.73,1174
1646352000000,2022-03-04,LTCBRL,565.4,569.9,507.3,516.2,3179.44,1707581.887,1748
1646265600000,2022-03-03,LTCBRL,565.5,577.5,549.3,566.0,2633.284,1481742.3077,1902
1646179200000,2022-03-02,LTCBRL,580.0,588.6,561.4,565.1,2444.434,1398036.8605,1685
1646092800000,2022-03-01,LTCBRL,587.2,597.4,566.6,580.1,1945.048,1129739.9698,1683
1646006400000,2022-02-28,LTCBRL,534.5,586.5,528.0,586.5,2873.519,1593633.7963,2045
1645920000000,2022-02-27,LTCBRL,561.4,572.1,528.0,536.4,1638.501,905290.4735,1509
1645833600000,2022-02-26,LTCBRL,567.4,595.7,554.2,562.1,2140.844,1221776.5407,1484
1645747200000,2022-02-25,LTCBRL,538.6,574.9,523.7,566.9,2476.609,1354095.1588,1926
1645660800000,2022-02-24,LTCBRL,530.9,550.0,442.4,536.0,5065.95824,2514531.6787117,3275
1645574400000,2022-02-23,LTCBRL,546.8,568.7,531.2,531.2,2384.738,1314454.5871,1594
1645488000000,2022-02-22,LTCBRL,529.5,550.7,517.9,548.7,3234.273,1735749.2888,1862
1645401600000,2022-02-21,LTCBRL,575.0,593.9,527.1,529.9,2205.55271,1253427.413,1786
1645315200000,2022-02-20,LTCBRL,600.2,601.0,563.7,575.3,1302.101,748898.0498,1015
1645228800000,2022-02-19,LTCBRL,595.2,607.3,587.8,600.2,1271.345,762092.6542,1076
1645142400000,2022-02-18,LTCBRL,605.5,644.3,592.2,595.6,3077.655,1886035.9844,1985
1645056000000,2022-02-17,LTCBRL,659.0,665.2,600.0,607.9,1838.218,1158539.6263,1579
1644969600000,2022-02-16,LTCBRL,681.4,683.3,651.6,658.9,1580.783,1052247.9887,1350
1644883200000,2022-02-15,LTCBRL,653.8,690.4,650.5,680.8,2109.96,1431508.3825,1521
1644796800000,2022-02-14,LTCBRL,665.4,667.0,636.7,655.3,1807.098,1179975.0924,1368
1644710400000,2022-02-13,LTCBRL,670.0,683.3,654.6,666.4,1069.661,716441.4843,1002
1644624000000,2022-02-12,LTCBRL,662.1,675.8,641.0,669.3,1480.807,979896.4074,1231
1644537600000,2022-02-11,LTCBRL,708.8,713.0,662.0,665.2,2806.073,1934926.7233,2007
1644451200000,2022-02-10,LTCBRL,736.9,756.3,707.2,710.6,2452.994,1794139.3014,1873
1644364800000,2022-02-09,LTCBRL,711.0,743.7,699.9,738.2,2771.629,2029353.2127,1833
1644278400000,2022-02-08,LTCBRL,729.5,757.0,693.3,709.0,3436.004,2463922.6635,2309
1644192000000,2022-02-07,LTCBRL,684.5,741.7,671.5,728.6,3563.441,2516811.1041,2772
1644105600000,2022-02-06,LTCBRL,655.9,688.0,647.5,684.2,1679.231,1119836.3478,1474
1644019200000,2022-02-05,LTCBRL,649.5,664.5,637.4,656.3,1607.219,1047687.936,1531
1643932800000,2022-02-04,LTCBRL,590.9,649.9,579.6,649.7,2693.061,1655580.4384,2445
1643846400000,2022-02-03,LTCBRL,573.5,590.9,560.2,590.3,2302.821,1324973.0435,1562
1643760000000,2022-02-02,LTCBRL,610.7,615.9,569.9,575.0,2437.478,1458457.5255,2134
1643673600000,2022-02-01,LTCBRL,583.7,620.5,577.3,611.2,3180.254,1904000.6622,2304
1643587200000,2022-01-31,LTCBRL,590.7,592.1,567.5,585.7,2896.563,1680140.2118,1885
1643500800000,2022-01-30,LTCBRL,601.9,608.6,581.4,590.5,1566.953,934557.2047,1053
1643414400000,2022-01-29,LTCBRL,593.0,609.3,586.4,601.2,1781.296,1063444.6518,1128
1643328000000,2022-01-28,LTCBRL,582.8,595.3,573.7,593.4,2564.317,1502508.4187,1775
1643241600000,2022-01-27,LTCBRL,586.4,598.6,561.2,583.1,3424.532,1993851.1074,2491
1643155200000,2022-01-26,LTCBRL,594.6,634.1,575.7,588.6,3422.815,2063247.3997,2220
1643068800000,2022-01-25,LTCBRL,607.0,610.0,582.2,593.9,3738.552,2235921.1253,2120
1642982400000,2022-01-24,LTCBRL,619.1,622.3,540.0,608.3,6677.159,3837453.7757,3405
1642896000000,2022-01-23,LTCBRL,599.9,622.3,584.7,618.9,2531.395,1520141.7596,2041
1642809600000,2022-01-22,LTCBRL,631.9,644.2,534.0,599.9,5712.18549,3396119.095134,4303
1642723200000,2022-01-21,LTCBRL,711.6,718.7,607.0,630.1,4079.077,2721264.0429,3114
1642636800000,2022-01-20,LTCBRL,749.8,778.0,708.5,709.3,2117.448,1609279.2281,1627
1642550400000,2022-01-19,LTCBRL,793.6,799.8,743.5,749.4,2794.377,2133482.1943,2410
1642464000000,2022-01-18,LTCBRL,842.8,853.3,771.8,793.6,3004.859,2409962.4952,2604
1642377600000,2022-01-17,LTCBRL,820.0,853.2,801.0,842.6,2839.809,2366558.2062,2116
1642291200000,2022-01-16,LTCBRL,825.7,831.8,801.5,817.0,1037.786,847473.7308,895
1642204800000,2022-01-15,LTCBRL,807.9,840.5,803.3,824.8,1891.764,1561849.3638,1769
1642118400000,2022-01-14,LTCBRL,764.4,815.9,758.8,807.9,2944.768,2338901.6158,2381
1642032000000,2022-01-13,LTCBRL,791.5,794.3,747.4,763.5,2289.52,1758762.1548,2440
1641945600000,2022-01-12,LTCBRL,741.6,794.1,736.9,790.8,1962.663,1509647.3492,3001
1641859200000,2022-01-11,LTCBRL,721.7,753.5,717.9,740.9,2503.45,1841546.684,1584
1641772800000,2022-01-10,LTCBRL,744.5,748.9,691.3,723.5,2729.649,1960081.4974,2142
1641686400000,2022-01-09,LTCBRL,737.6,755.2,730.3,746.4,1395.033,1038332.9778,1342
1641600000000,2022-01-08,LTCBRL,746.9,767.2,713.3,737.0,1627.157,1211055.6199,1625
1641513600000,2022-01-07,LTCBRL,780.0,782.5,725.4,745.9,2457.499,1858969.52796,2058
1641427200000,2022-01-06,LTCBRL,778.1,794.6,766.5,780.1,2219.959,1732935.0354,1924
1641340800000,2022-01-05,LTCBRL,838.0,854.9,754.0,781.5,2181.9,1780794.3915,2261
1641254400000,2022-01-04,LTCBRL,846.7,860.0,831.0,838.0,1643.663,1393572.3637,1454
1641168000000,2022-01-03,LTCBRL,850.5,854.9,831.2,845.9,1309.799,1106306.9279,1244
1641081600000,2022-01-02,LTCBRL,850.2,863.6,833.5,852.9,820.215,696918.2949,862
1640995200000,2022-01-01,LTCBRL,823.7,850.2,822.2,850.0,578.841,485582.0603,895
1640908800000,2021-12-31,LTCBRL,835.5,856.9,812.0,823.8,1497.415,1250306.8838,2311
1640822400000,2021-12-30,LTCBRL,833.8,859.5,821.0,835.5,1884.195,1579638.4999,1525
1640736000000,2021-12-29,LTCBRL,827.4,861.6,826.2,835.2,2129.939,1806308.8091,1719
1640649600000,2021-12-28,LTCBRL,887.0,887.0,824.1,829.0,2399.767,2047756.1055,2474
1640563200000,2021-12-27,LTCBRL,891.3,916.5,883.0,886.0,2177.965,1963567.125,1867
1640476800000,2021-12-26,LTCBRL,901.0,905.5,875.9,891.0,2429.624,2162717.0294,2015
1640390400000,2021-12-25,LTCBRL,920.1,936.2,901.1,903.1,1236.383,1138005.3111,1085
1640304000000,2021-12-24,LTCBRL,934.6,950.6,916.5,918.9,1559.78,1457804.0673,1616
1640217600000,2021-12-23,LTCBRL,887.3,938.5,873.4,930.9,2656.778,2406883.9684,2223
1640131200000,2021-12-22,LTCBRL,888.6,919.9,876.0,884.3,2505.548,2248497.7807,1925
1640044800000,2021-12-21,LTCBRL,875.4,898.1,855.0,888.6,2659.784,2336650.5123,1918
1639958400000,2021-12-20,LTCBRL,877.0,898.8,832.8,873.6,3109.113,2675524.8155,2500
1639872000000,2021-12-19,LTCBRL,848.1,917.7,842.7,875.2,3115.228,2749308.635,2368
1639785600000,2021-12-18,LTCBRL,822.3,862.2,814.3,848.6,2193.443,1844944.8114,1420
1639699200000,2021-12-17,LTCBRL,855.5,863.0,812.7,820.1,3620.966,3032716.0004,2290
1639612800000,2021-12-16,LTCBRL,877.0,898.0,853.0,853.9,2174.731,1914435.8713,1594
1639526400000,2021-12-15,LTCBRL,857.8,887.7,814.7,876.5,3694.279,3150134.3834,2197
1639440000000,2021-12-14,LTCBRL,827.8,867.7,818.1,859.4,3213.594,2717181.7198,2882
1639353600000,2021-12-13,LTCBRL,900.8,905.1,817.7,827.0,3785.018,3233763.1478,2309
1639267200000,2021-12-12,LTCBRL,895.4,921.9,868.5,901.0,1499.534,1344010.0742,1426
1639180800000,2021-12-11,LTCBRL,842.9,903.4,827.6,893.8,2743.773,2401395.1088,2038
1639094400000,2021-12-10,LTCBRL,856.5,896.6,837.8,841.1,4112.259,3556961.3416,2871
1639008000000,2021-12-09,LTCBRL,925.5,935.1,856.3,857.0,3130.744,2759058.7173,2649
1638921600000,2021-12-08,LTCBRL,915.0,967.1,888.1,927.8,4015.972,3702457.4033,3420
1638835200000,2021-12-07,LTCBRL,927.7,952.8,897.1,912.6,4162.138,3846704.6339,2926
1638748800000,2021-12-06,LTCBRL,897.1,946.4,811.9,930.0,4495.848,3905571.4307,3603
1638662400000,2021-12-05,LTCBRL,936.2,950.5,855.0,896.9,3397.903,3051360.6512,2771
1638576000000,2021-12-04,LTCBRL,1079.0,1086.5,752.8,937.9,8345.245,7656536.926,7281
1638489600000,2021-12-03,LTCBRL,1161.3,1185.2,1039.4,1076.1,3196.87,3563158.8125,3192
1638403200000,2021-12-02,LTCBRL,1193.9,1201.7,1149.2,1162.6,1763.482,2061861.9774,2150
1638316800000,2021-12-01,LTCBRL,1181.8,1231.6,1174.0,1197.0,2266.134,2727027.8618,2803
1638230400000,2021-11-30,LTCBRL,1166.9,1239.4,1120.0,1183.0,2256.987,2675619.3558,2879
1638144000000,2021-11-29,LTCBRL,1131.9,1183.1,1106.1,1165.3,2561.201,2930365.765,2152
1638057600000,2021-11-28,LTCBRL,1107.8,1133.5,1041.5,1131.9,2651.368,2876342.0189,2477
1637971200000,2021-11-27,LTCBRL,1114.2,1141.1,1085.9,1110.5,1605.055,1795504.943,1950
1637884800000,2021-11-26,LTCBRL,1264.5,1270.3,1086.3,1109.4,5298.297,5967701.7981,4087
1637798400000,2021-11-25,LTCBRL,1205.0,1299.7,1198.0,1259.3,2578.134,3259305.9032,2903
1637712000000,2021-11-24,LTCBRL,1228.2,1232.8,1164.5,1204.4,1976.39,2359007.7963,2264
1637625600000,2021-11-23,LTCBRL,1187.6,1238.6,1165.0,1227.3,1967.93,2366297.0208,2015
1637539200000,2021-11-22,LTCBRL,1262.3,1262.3,1159.6,1187.8,1771.561,2145617.2864,2193
1637452800000,2021-11-21,LTCBRL,1284.6,1311.2,1247.6,1260.6,1345.426,1719700.9849,1764
1637366400000,2021-11-20,LTCBRL,1236.5,1294.0,1212.0,1288.1,1652.717,2076327.4485,2122
1637280000000,2021-11-19,LTCBRL,1154.1,1245.7,1129.4,1236.9,2702.927,3249144.3923,2409
1637193600000,2021-11-18,LTCBRL,1280.5,1296.3,1120.0,1150.1,3611.615,4345780.4866,3372
1637107200000,2021-11-17,LTCBRL,1289.3,1314.9,1222.4,1281.2,3065.198,3905810.6387,2809
1637020800000,2021-11-16,LTCBRL,1454.5,1596.4,1250.0,1285.2,5423.866,7218954.9853,5485
1636934400000,2021-11-15,LTCBRL,1540.8,1546.4,1439.2,1459.0,2097.395,3121210.7329,2373
1636848000000,2021-11-14,LTCBRL,1427.7,1545.5,1377.2,1542.1,3237.91,4726517.6243,2925
1636761600000,2021-11-13,LTCBRL,1395.7,1461.2,1359.0,1426.2,3246.504,4549830.9468,3334
1636675200000,2021-11-12,LTCBRL,1440.7,1547.5,1341.9,1389.7,5913.388,8513248.8504,5207
1636588800000,2021-11-11,LTCBRL,1454.5,1530.3,1399.8,1439.1,5072.531,7394839.0315,4384
1636502400000,2021-11-10,LTCBRL,1457.5,1638.7,1406.8,1461.6,12618.50489,19380590.3034683,11943
1636416000000,2021-11-09,LTCBRL,1277.5,1540.0,1264.0,1456.4,16070.15825,22864386.3940776,12719
1636329600000,2021-11-08,LTCBRL,1134.4,1285.0,1133.7,1274.8,6188.15918,7564568.660972,7589
1636243200000,2021-11-07,LTCBRL,1110.1,1135.6,1108.3,1133.5,1350.162,1514696.9073,1393
1636156800000,2021-11-06,LTCBRL,1121.6,1129.3,1076.9,1112.5,2807.71,3088106.5391,2074
1636070400000,2021-11-05,LTCBRL,1150.0,1153.0,1103.8,1121.6,3314.264,3729899.7158,2318
1635984000000,2021-11-04,LTCBRL,1165.3,1166.3,1108.5,1149.0,2326.995,2651654.4505,2498
1635897600000,2021-11-03,LTCBRL,1145.2,1194.1,1131.6,1165.3,2883.3,3345195.1848,4119
1635811200000,2021-11-02,LTCBRL,1133.5,1170.8,1117.3,1143.2,2266.326,2587801.5828,3329
1635724800000,2021-11-01,LTCBRL,1096.5,1151.0,1075.0,1133.0,4276.512,4730255.8862,3852
1635638400000,2021-10-31,LTCBRL,1085.2,1110.7,1069.1,1095.2,3215.461,3506894.7891,2734
1635552000000,2021-10-30,LTCBRL,1121.2,1125.2,1072.8,1086.3,3205.941,3514823.4559,2337
1635465600000,2021-10-29,LTCBRL,1080.5,1131.9,1071.8,1120.4,4361.867,4793975.2309,3690
1635379200000,2021-10-28,LTCBRL,1009.5,1104.1,999.6,1080.7,4067.252,4280464.3906,3355
1635292800000,2021-10-27,LTCBRL,1112.4,1152.9,970.6,1008.3,7773.724,8178006.8951,5661
1635206400000,2021-10-26,LTCBRL,1096.6,1121.2,1074.6,1110.7,4756.292,5197378.3542,3193
1635120000000,2021-10-25,LTCBRL,1086.0,1117.3,1079.3,1096.4,4176.83,4594150.3687,2596
1635033600000,2021-10-24,LTCBRL,1116.8,1138.1,1057.5,1086.6,3781.723,4135372.1223,2969
1634947200000,2021-10-23,LTCBRL,1085.2,1125.2,1077.5,1116.6,3037.76,3356016.4218,2613
1634860800000,2021-10-22,LTCBRL,1114.6,1142.2,1069.3,1085.8,4074.203,4513430.0617,3820
1634774400000,2021-10-21,LTCBRL,1161.6,1198.9,1106.6,1114.4,4725.33,5399194.5446,4840
1634688000000,2021-10-20,LTCBRL,1055.4,1166.3,1039.4,1161.0,6234.109,6887279.4747,6676
1634601600000,2021-10-19,LTCBRL,1029.2,1059.9,1022.7,1054.1,4590.143,4784867.9586,3468
1634515200000,2021-10-18,LTCBRL,1014.4,1041.1,993.0,1028.5,4145.813,4229528.8365,3197
1634428800000,2021-10-17,LTCBRL,1026.5,1035.3,978.7,1012.1,2346.97,2384148.4304,2259
1634342400000,2021-10-16,LTCBRL,1046.0,1061.9,1021.0,1025.0,2940.009,3058370.3758,2392
1634256000000,2021-10-15,LTCBRL,1008.4,1060.8,984.1,1045.9,6864.446,7021891.909,5656
1634169600000,2021-10-14,LTCBRL,987.0,1035.0,982.2,1006.9,5192.243,5225076.0465,4008
1634083200000,2021-10-13,LTCBRL,962.0,1002.0,938.7,986.6,3369.435,3285710.5295,3249
1633996800000,2021-10-12,LTCBRL,999.2,999.2,930.6,963.7,2672.117,2563151.6681,2569
1633910400000,2021-10-11,LTCBRL,971.2,1021.9,961.1,1000.0,4371.683,4375916.0006,3766
1633824000000,2021-10-10,LTCBRL,995.3,1016.4,969.6,973.2,3147.181,3127377.4393,2614
1633737600000,2021-10-09,LTCBRL,978.2,1012.7,971.5,995.9,2415.744,2400297.2022,2481
1633651200000,2021-10-08,LTCBRL,985.4,1009.5,965.0,977.7,5559.452,5512592.6095,4251
1633564800000,2021-10-07,LTCBRL,983.0,1026.8,953.1,987.0,6429.652,6370058.7715,5066
1633478400000,2021-10-06,LTCBRL,952.9,1010.0,894.6,980.0,6439.954,6265573.318,5531
1633392000000,2021-10-05,LTCBRL,912.4,961.0,906.0,954.3,3268.539,3065044.0007,3361
1633305600000,2021-10-04,LTCBRL,912.4,921.1,876.8,910.3,2840.443,2554752.9002,2193
1633219200000,2021-10-03,LTCBRL,907.7,935.2,886.8,912.5,2133.538,1943960.5865,2005
1633132800000,2021-10-02,LTCBRL,890.7,923.3,883.4,907.1,2920.345,2653294.1027,2127
1633046400000,2021-10-01,LTCBRL,832.0,902.9,822.6,889.3,4449.346,3863168.0519,2946
1632960000000,2021-09-30,LTCBRL,791.0,838.1,787.9,833.6,3945.718,3250747.3251,2446
1632873600000,2021-09-29,LTCBRL,766.9,814.9,765.4,792.1,4383.494,3480310.8043,2172
1632787200000,2021-09-28,LTCBRL,786.3,807.8,766.0,768.2,4315.562,3402440.6539,2229
1632700800000,2021-09-27,LTCBRL,810.0,830.7,784.5,785.0,2607.429,2109509.8642,1947
1632614400000,2021-09-26,LTCBRL,814.0,825.9,768.4,810.2,3091.522,2493264.8658,2228
1632528000000,2021-09-25,LTCBRL,819.7,838.6,803.2,813.8,2886.581,2370041.0617,2549
1632441600000,2021-09-24,LTCBRL,875.4,887.5,763.4,818.4,4755.779,3848120.3808,3534
1632355200000,2021-09-23,LTCBRL,862.5,879.2,837.0,875.2,2498.579,2148869.0896,2118
1632268800000,2021-09-22,LTCBRL,789.1,865.1,775.1,863.8,3198.489,2655075.8203,2485
1632182400000,2021-09-21,LTCBRL,843.9,871.1,773.0,788.4,4110.03675,3411956.1272506,3241
1632096000000,2021-09-20,LTCBRL,934.8,935.9,822.7,844.7,5359.28249,4653472.4940102,4062
1632009600000,2021-09-19,LTCBRL,965.7,965.7,919.0,933.8,3195.633,3016395.5355,2242
1631923200000,2021-09-18,LTCBRL,958.6,985.0,950.2,965.7,3244.493,3140405.332,2612
1631836800000,2021-09-17,LTCBRL,980.8,1005.6,942.9,957.6,3573.281,3469924.1538,3145
1631750400000,2021-09-16,LTCBRL,991.6,1021.3,963.7,980.6,6926.93,6893554.0347,4877
1631664000000,2021-09-15,LTCBRL,963.9,1009.0,945.0,993.1,5248.886,5110013.6553,3354
1631577600000,2021-09-14,LTCBRL,938.8,984.9,922.0,963.4,5788.346,5485830.4682,4074
1631491200000,2021-09-13,LTCBRL,971.2,1248.8,910.0,939.1,27758.10435,29012020.7266937,13508
1631404800000,2021-09-12,LTCBRL,949.2,987.9,933.1,970.6,3173.51,3061621.1395,2623
1631318400000,2021-09-11,LTCBRL,927.4,988.4,923.0,949.2,2918.053,2805144.6949,2773
1631232000000,2021-09-10,LTCBRL,952.7,985.8,903.6,924.9,3010.782,2824755.6624,3335
1631145600000,2021-09-09,LTCBRL,957.4,1000.5,941.8,951.0,3213.819,3123555.371,3633
1631059200000,2021-09-08,LTCBRL,944.8,993.0,887.4,955.3,5120.706,4888157.6446,6302
1630972800000,2021-09-07,LTCBRL,1145.6,1157.4,870.4,944.3,8602.759,8826955.0527,8361
1630886400000,2021-09-06,LTCBRL,1209.2,1209.2,1120.1,1144.6,3231.444,3746879.1043,3150
1630800000000,2021-09-05,LTCBRL,1109.6,1210.3,1101.1,1206.3,3802.68147,4426770.2972778,3580
1630713600000,2021-09-04,LTCBRL,1109.2,1174.2,1089.0,1106.6,4946.70217,5563231.5207898,4278
1630627200000,2021-09-03,LTCBRL,955.7,1129.8,937.3,1110.6,9753.74593,10316560.5923859,8003
1630540800000,2021-09-02,LTCBRL,940.5,976.0,933.7,956.9,4076.40156,3892968.3628598,2837
1630454400000,2021-09-01,LTCBRL,893.6,953.0,880.3,938.7,3302.732,3033280.044,4046
1630368000000,2021-08-31,LTCBRL,877.1,915.5,870.1,896.2,2783.12659,2488612.6296065,3697
1630281600000,2021-08-30,LTCBRL,911.6,918.5,873.5,877.0,2267.645,2038109.3029726,2668
1630195200000,2021-08-29,LTCBRL,921.4,956.5,907.0,911.0,2730.78281,2538577.1106243,1749
1630108800000,2021-08-28,LTCBRL,918.8,924.7,896.9,918.0,1308.68084,1192479.3652924,1255
1630022400000,2021-08-27,LTCBRL,890.6,920.5,875.1,919.9,2915.542,2624100.0456452,2303
1629936000000,2021-08-26,LTCBRL,936.79,947.93,874.0,890.6,2709.2994,2442746.0630401,2545
1629849600000,2021-08-25,LTCBRL,922.9,945.44,901.93,935.8,2424.36447,2245298.0128083,2119
1629763200000,2021-08-24,LTCBRL,1014.49,1023.29,918.15,920.8,4081.20111,3933927.9664113,3344
1629676800000,2021-08-23,LTCBRL,1006.16,1032.39,998.97,1017.78,3802.58419,3857458.1319249,2702
1629590400000,2021-08-22,LTCBRL,977.2,1026.39,971.73,1008.12,3649.98282,3629426.4101868,3201
1629504000000,2021-08-21,LTCBRL,990.68,994.45,959.1,974.96,2026.09453,1982989.7927362,1962
1629417600000,2021-08-20,LTCBRL,945.33,993.71,940.0,991.56,3539.19144,3442322.9269958,2807
1629331200000,2021-08-19,LTCBRL,903.2,949.0,890.0,947.95,2747.09744,2525351.8725337,2103
1629244800000,2021-08-18,LTCBRL,904.46,937.75,872.42,901.93,2123.6372,1924046.7638566,2364
1629158400000,2021-08-17,LTCBRL,944.78,975.57,896.97,902.92,2796.17686,2630876.7726187,2454
1629072000000,2021-08-16,LTCBRL,975.26,996.61,939.0,943.65,3779.05281,3662090.6595836,2822
1628985600000,2021-08-15,LTCBRL,966.56,986.19,930.12,975.05,2896.31342,2788476.2394352,2692
1628899200000,2021-08-14,LTCBRL,968.52,976.22,920.27,965.99,3209.86784,3055513.2983146,2839
1628812800000,2021-08-13,LTCBRL,877.71,972.24,868.36,968.54,5125.84204,4824318.4988336,3978
1628726400000,2021-08-12,LTCBRL,901.23,948.02,851.08,877.01,3464.76432,3093314.931074,3598
1628640000000,2021-08-11,LTCBRL,866.17,926.63,861.53,902.52,3799.36003,3407550.2431167,4556
1628553600000,2021-08-10,LTCBRL,875.41,885.55,834.0,865.47,2890.26937,2495527.8160893,3447
1628467200000,2021-08-09,LTCBRL,789.21,902.35,764.68,876.91,4886.26187,4190186.8111581,5040
1628380800000,2021-08-08,LTCBRL,818.09,829.98,776.01,788.78,2598.67784,2085603.9534608,2570
1628294400000,2021-08-07,LTCBRL,774.14,822.62,772.2,820.38,3193.0088,2570862.249754,3610
1628208000000,2021-08-06,LTCBRL,753.83,786.95,743.89,775.45,2657.97305,2047332.0342355,2507
1628121600000,2021-08-05,LTCBRL,742.81,761.85,709.72,751.36,3400.21026,2507042.2212988,2103
1628035200000,2021-08-04,LTCBRL,725.15,757.36,710.56,743.65,2960.95456,2187707.1080206,1899
1627948800000,2021-08-03,LTCBRL,737.45,745.35,710.38,724.02,2131.90902,1552276.6524411,1676
1627862400000,2021-08-02,LTCBRL,731.12,758.82,723.54,737.43,2851.48015,2109255.7235705,1803
1627776000000,2021-08-01,LTCBRL,753.98,777.52,726.8,731.63,1752.30062,1330241.3117043,2213
1627689600000,2021-07-31,LTCBRL,756.92,762.64,738.43,753.98,1709.64812,1282916.402233,1616
1627603200000,2021-07-30,LTCBRL,723.35,761.07,697.05,758.81,2905.3796,2112718.6275332,2620
1627516800000,2021-07-29,LTCBRL,723.43,732.0,705.0,722.18,1699.57416,1219769.9967939,1986
1627430400000,2021-07-28,LTCBRL,701.91,734.69,688.04,724.6,2580.60661,1838366.0630346,3079
1627344000000,2021-07-27,LTCBRL,685.36,703.18,664.87,701.68,2050.92834,1408589.8947576,1965
1627257600000,2021-07-26,LTCBRL,664.26,727.07,660.47,686.38,3787.19664,2671793.2461863,3654
1627171200000,2021-07-25,LTCBRL,659.1,665.99,646.66,664.19,1334.42886,872142.6495231,1088
1627084800000,2021-07-24,LTCBRL,651.05,666.79,645.16,659.41,1467.48918,960646.0615588,1344
1626998400000,2021-07-23,LTCBRL,635.35,654.02,610.81,649.82,2299.30102,1444291.0756379,1887
1626912000000,2021-07-22,LTCBRL,616.91,638.05,604.66,635.36,3385.11051,2104348.9985179,2316
1626825600000,2021-07-21,LTCBRL,564.22,625.34,554.0,616.5,2582.5137,1553117.5439454,2056
1626739200000,2021-07-20,LTCBRL,597.45,608.14,552.54,565.48,2955.07954,1683896.7033514,2086
1626652800000,2021-07-19,LTCBRL,615.32,622.42,579.44,596.99,2811.93571,1682635.7569844,1966
1626566400000,2021-07-18,LTCBRL,620.0,640.94,603.77,616.97,1875.25825,1164059.7208993,1541
1626480000000,2021-07-17,LTCBRL,624.1,635.61,609.18,620.8,2157.9624,1344510.8611362,1194
1626393600000,2021-07-16,LTCBRL,649.14,657.2,622.3,626.91,2407.45298,1541304.7606864,1361
1626307200000,2021-07-15,LTCBRL,673.9,680.77,629.5,649.31,2423.24734,1566447.5354788,1617
1626220800000,2021-07-14,LTCBRL,687.67,688.28,647.5,671.4,2816.87922,1881810.9748763,1742
1626134400000,2021-07-13,LTCBRL,697.05,703.67,679.0,686.87,2845.50759,1966349.5415724,1514
1626048000000,2021-07-12,LTCBRL,708.74,736.53,691.11,698.51,3262.26326,2332372.8927211,1946
1625961600000,2021-07-11,LTCBRL,713.0,720.0,702.47,708.73,1193.88332,851079.8612374,837
1625875200000,2021-07-10,LTCBRL,713.96,722.76,694.21,711.64,1019.8018,721157.7156422,952
1625788800000,2021-07-09,LTCBRL,703.67,721.35,671.93,713.0,2463.19997,1732821.7325984,1843
1625702400000,2021-07-08,LTCBRL,724.0,726.38,682.0,703.02,3196.35193,2231499.4514375,2323
1625616000000,2021-07-07,LTCBRL,726.02,745.99,713.66,723.59,2582.64876,1893690.8349913,1803
1625529600000,2021-07-06,LTCBRL,710.38,730.0,694.21,724.26,2908.97445,2078814.4041538,1930
1625443200000,2021-07-05,LTCBRL,735.33,735.33,684.0,710.39,2771.1291,1961649.3199223,2465
1625356800000,2021-07-04,LTCBRL,710.92,749.65,694.66,734.59,1737.58646,1269876.0386786,2180
1625270400000,2021-07-03,LTCBRL,695.59,717.06,685.0,710.38,1599.99517,1129830.7921009,1553
1625184000000,2021-07-02,LTCBRL,697.12,706.69,664.96,695.01,2238.1908,1522603.9305523,2151
1625097600000,2021-07-01,LTCBRL,722.64,722.64,677.84,697.44,3205.89223,2219622.3843504,2609
1625011200000,2021-06-30,LTCBRL,719.06,732.55,685.82,724.42,2899.73131,2048682.335528,3263
1624924800000,2021-06-29,LTCBRL,683.52,741.81,682.16,717.97,3533.72927,2540917.8442597,4260
1624838400000,2021-06-28,LTCBRL,656.73,693.57,645.54,683.52,3111.97867,2078798.473918,2832
1624752000000,2021-06-27,LTCBRL,633.42,657.81,624.1,657.38,1617.66644,1034071.4479647,1854
1624665600000,2021-06-26,LTCBRL,625.89,644.13,596.03,634.39,2918.11583,1802606.9969799,3245
1624579200000,2021-06-25,LTCBRL,668.11,684.8,623.21,627.7,3683.04021,2386938.0264105,3732
1624492800000,2021-06-24,LTCBRL,649.15,680.14,621.27,667.79,3291.86941,2176258.481969,2781
1624406400000,2021-06-23,LTCBRL,600.67,674.96,580.9,648.67,4446.19018,2852697.1632682,2896
1624320000000,2021-06-22,LTCBRL,633.33,676.53,536.21,600.66,7306.44385,4331610.732353,4488
1624233600000,2021-06-21,LTCBRL,797.97,798.71,632.15,635.99,4624.5369,3224924.7757435,3754
1624147200000,2021-06-20,LTCBRL,787.17,806.46,745.1,798.55,2289.46043,1780016.9749503,2212
1624060800000,2021-06-19,LTCBRL,802.4,827.13,786.02,787.0,1662.6329,1342037.6109181,1713
1623974400000,2021-06-18,LTCBRL,841.55,847.21,774.5,800.85,2769.97068,2241907.0879574,2808
1623888000000,2021-06-17,LTCBRL,849.99,883.16,827.0,840.38,2244.15841,1903692.8504437,1844
1623801600000,2021-06-16,LTCBRL,888.03,900.0,831.2,848.4,2782.26191,2382733.580139,2260
1623715200000,2021-06-15,LTCBRL,918.48,923.12,876.74,888.63,2014.2023,1808858.665285,2257
1623628800000,2021-06-14,LTCBRL,875.0,918.49,853.14,918.25,2661.96065,2355446.1425539,3455
1623542400000,2021-06-13,LTCBRL,837.9,877.89,808.33,872.19,1611.94566,1368235.8655682,1384
1623456000000,2021-06-12,LTCBRL,840.84,847.89,796.66,834.93,1794.36689,1480483.9534517,1647
1623369600000,2021-06-11,LTCBRL,857.1,887.14,830.0,840.48,2851.80498,2447941.7932692,2251
1623283200000,2021-06-10,LTCBRL,880.95,891.62,830.3,856.43,2588.6221,2233998.8687321,2209
1623196800000,2021-06-09,LTCBRL,817.1,884.17,776.08,878.13,3713.71448,3123924.3574292,3437
1623110400000,2021-06-08,LTCBRL,824.84,838.81,739.0,819.64,5316.88842,4217168.3205869,3307
1623024000000,2021-06-07,LTCBRL,897.54,923.79,817.94,825.62,3078.58204,2728851.6628224,3438
1622937600000,2021-06-06,LTCBRL,882.3,915.0,877.46,897.01,1531.31805,1369318.5080332,2838
1622851200000,2021-06-05,LTCBRL,908.21,934.0,856.22,881.04,2718.33239,2438131.5264425,2522
1622764800000,2021-06-04,LTCBRL,980.72,981.12,869.24,906.19,5519.2923,4997892.0072398,5218
1622678400000,2021-06-03,LTCBRL,958.0,995.6,933.0,981.92,2708.94632,2622498.5715794,3107
1622592000000,2021-06-02,LTCBRL,949.17,973.74,923.6,957.42,3071.96453,2923527.5722748,2828
1622505600000,2021-06-01,LTCBRL,984.38,1011.81,916.39,949.14,3450.86266,3292909.2037957,3016
1622419200000,2021-05-31,LTCBRL,899.05,988.55,863.65,984.38,3735.04668,3499505.3346264,3257
1622332800000,2021-05-30,LTCBRL,864.76,951.39,821.73,901.41,3315.06813,2960742.7762516,2085
1622246400000,2021-05-29,LTCBRL,941.62,993.16,836.74,864.81,3976.21259,3595989.757532,3072
1622160000000,2021-05-28,LTCBRL,1022.07,1051.55,885.43,939.46,6057.47191,5730177.2685648,5131
1622073600000,2021-05-27,LTCBRL,1064.19,1112.99,968.65,1027.53,4485.86209,4670836.5568952,3807
1621987200000,2021-05-26,LTCBRL,990.0,1088.48,964.95,1064.92,4409.87172,4591206.5461877,4233
1621900800000,2021-05-25,LTCBRL,996.0,1046.83,904.47,989.0,6042.53146,5816629.8792189,5153
1621814400000,2021-05-24,LTCBRL,779.94,997.0,761.8,997.0,7475.74265,6550797.281959,5867
1621728000000,2021-05-23,LTCBRL,919.0,957.0,658.86,779.94,11711.7559,9085992.8846494,8589
1621641600000,2021-05-22,LTCBRL,977.82,1004.37,883.7,923.96,6479.10603,6173506.4662057,4333
1621555200000,2021-05-21,LTCBRL,1131.29,1175.0,867.37,982.68,11975.84688,12264916.9552392,9004
1621468800000,2021-05-20,LTCBRL,1016.0,1224.98,905.0,1131.67,23137.58274,25505962.2696845,15957
1621382400000,2021-05-19,LTCBRL,1568.54,1596.09,800.01,1014.34,22984.07693,27083618.6461196,21968
1621296000000,2021-05-18,LTCBRL,1506.44,1700.0,1484.67,1566.05,6817.96289,10924688.1698445,8268
1621209600000,2021-05-17,LTCBRL,1582.35,1582.35,1387.97,1496.83,4189.5138,6242673.4861559,6541
1621123200000,2021-05-16,LTCBRL,1608.9,1719.8,1500.24,1588.29,3023.72256,4869202.5807568,4876
1621036800000,2021-05-15,LTCBRL,1737.1,1764.99,1585.01,1603.33,3549.17828,5908915.4000049,6000
1620950400000,2021-05-14,LTCBRL,1701.1,1806.11,1644.65,1737.11,4675.27492,8120739.2524356,7043
1620864000000,2021-05-13,LTCBRL,1663.07,1797.98,1560.0,1701.1,9581.37631,16236082.9184636,13215
1620777600000,2021-05-12,LTCBRL,1987.51,2068.94,1622.04,1663.07,8290.66173,15793156.2169877,12720
1620691200000,2021-05-11,LTCBRL,1915.0,2003.64,1846.23,1987.51,6190.31961,11875035.5196309,9302
1620604800000,2021-05-10,LTCBRL,2055.55,2190.0,1784.74,1909.09,11216.17222,22965106.6981367,17345
1620518400000,2021-05-09,LTCBRL,1845.0,2067.7,1775.0,2053.05,6586.16276,12696999.7672369,10527
1620432000000,2021-05-08,LTCBRL,1835.16,1883.67,1777.46,1843.9,3790.20408,6940897.7989935,5542
1620345600000,2021-05-07,LTCBRL,1893.89,1999.49,1773.21,1835.18,9043.15614,17144373.7210114,11761
1620259200000,2021-05-06,LTCBRL,1927.0,1974.25,1710.0,1894.64,8192.83326,15076755.5780805,11735
1620172800000,2021-05-05,LTCBRL,1684.91,1954.0,1664.1,1927.0,13410.05738,24865317.1371897,15727
1620086400000,2021-05-04,LTCBRL,1622.86,1811.84,1502.0,1685.52,15383.39191,25899802.2023996,15200
1620000000000,2021-05-03,LTCBRL,1476.0,1639.98,1473.72,1622.87,3855.49395,6065092.4579219,5856
1619913600000,2021-05-02,LTCBRL,1522.8,1525.0,1450.15,1477.19,1235.91956,1832385.6619553,1925
1619827200000,2021-05-01,LTCBRL,1483.47,1529.69,1458.89,1519.44,1591.4509,2374999.2063878,3824
1619740800000,2021-04-30,LTCBRL,1372.05,1496.11,1363.43,1482.07,2293.60118,3301884.644234,3373
1619654400000,2021-04-29,LTCBRL,1393.04,1412.57,1342.77,1377.21,2174.65664,2993927.9010885,4653
1619568000000,2021-04-28,LTCBRL,1429.79,1463.34,1360.0,1395.87,3028.34836,4256784.5838311,3431
1619481600000,2021-04-27,LTCBRL,1353.02,1441.37,1339.0,1429.79,3995.09261,5614066.3049583,3367
1619395200000,2021-04-26,LTCBRL,1243.17,1365.36,1229.75,1357.48,4083.79213,5403064.4136476,3390
1619308800000,2021-04-25,LTCBRL,1248.43,1308.27,1172.62,1243.15,2862.81495,3558132.096431,2547
1619222400000,2021-04-24,LTCBRL,1341.07,1341.07,1227.35,1251.68,2405.70493,3064500.781727,3103
1619136000000,2021-04-23,LTCBRL,1402.11,1415.42,1142.39,1342.66,6028.61678,7811127.4457084,7267
1619049600000,2021-04-22,LTCBRL,1463.56,1610.66,1320.0,1402.02,7809.17166,11760513.8054937,8787
1618963200000,2021-04-21,LTCBRL,1476.41,1558.15,1414.0,1459.47,4449.25505,6650111.341934,5508
1618876800000,2021-04-20,LTCBRL,1489.9,1529.98,1321.43,1473.87,5134.65022,7422161.844781,7000
1618790400000,2021-04-19,LTCBRL,1563.26,1606.0,1415.25,1481.19,3978.68601,6081139.446894,6825
1618704000000,2021-04-18,LTCBRL,1728.02,1737.58,1256.0,1563.26,9398.77352,14641904.0188055,12800
1618617600000,2021-04-17,LTCBRL,1754.5,1904.9,1695.1,1724.48,6915.46168,12541679.1167649,13668
1618531200000,2021-04-16,LTCBRL,1636.08,1799.99,1534.31,1754.5,6926.07423,11756926.3157135,12814
1618444800000,2021-04-15,LTCBRL,1603.03,1657.81,1530.0,1634.09,3872.77612,6177770.2870129,6372
1618358400000,2021-04-14,LTCBRL,1556.58,1639.86,1473.64,1598.72,4269.08123,6696531.1288688,7722
1618272000000,2021-04-13,LTCBRL,1414.0,1570.45,1411.21,1551.16,3585.83694,5420774.0646941,6329
1618185600000,2021-04-12,LTCBRL,1450.08,1474.48,1375.2,1414.19,3051.58731,4336452.2418001,4293
1618099200000,2021-04-11,LTCBRL,1467.38,1503.43,1401.0,1444.88,3576.72968,5177981.7326944,4127
1618012800000,2021-04-10,LTCBRL,1264.31,1467.66,1258.53,1467.66,3756.84443,5109471.0979556,5095
1617926400000,2021-04-09,LTCBRL,1275.22,1292.97,1252.41,1265.49,1161.85506,1481637.3839927,2399
1617840000000,2021-04-08,LTCBRL,1246.43,1287.99,1234.45,1275.0,1474.39072,1863929.4241433,2526
1617753600000,2021-04-07,LTCBRL,1347.02,1375.49,1198.19,1244.7,4473.99694,5718573.1853005,5405
1617667200000,2021-04-06,LTCBRL,1264.37,1387.3,1224.17,1342.12,5528.5501,7308172.955014,6984
1617580800000,2021-04-05,LTCBRL,1175.97,1289.99,1154.71,1263.62,3174.66383,3895641.3563627,3867
1617494400000,2021-04-04,LTCBRL,1136.0,1185.99,1120.0,1174.31,801.10206,931801.0189956,1682
1617408000000,2021-04-03,LTCBRL,1219.94,1248.2,1134.35,1134.35,2332.8005,2801588.7532986,3296
1617321600000,2021-04-02,LTCBRL,1168.23,1230.0,1158.44,1221.84,2235.01348,2649963.1439079,2815
1617235200000,2021-04-01,LTCBRL,1121.0,1176.61,1103.12,1171.42,1992.09582,2280429.780811,3026
1617148800000,2021-03-31,LTCBRL,1129.67,1146.0,1080.9,1120.06,1453.28951,1615838.7494617,2199
1617062400000,2021-03-30,LTCBRL,1121.76,1150.0,1100.7,1132.88,1660.90804,1871870.6239837,2213
1616976000000,2021-03-29,LTCBRL,1062.18,1133.64,1055.4,1120.85,1860.15461,2071517.2378386,2702
1616889600000,2021-03-28,LTCBRL,1062.99,1072.81,1041.41,1059.35,398.8085,422050.1274086,806
1616803200000,2021-03-27,LTCBRL,1063.86,1074.15,1031.55,1061.4,721.23464,762575.4900459,1115
1616716800000,2021-03-26,LTCBRL,983.26,1064.11,983.26,1062.39,1841.4611,1903913.2996937,1600
1616630400000,2021-03-25,LTCBRL,1007.07,1020.13,961.02,983.26,1323.82883,1310396.7198045,1850
1616544000000,2021-03-24,LTCBRL,1038.63,1097.49,202.5,1008.74,2555.45846,2700726.2359498,2228
1616457600000,2021-03-23,LTCBRL,1042.9,1058.0,1007.61,1041.27,891.39642,922355.7769534,1381
1616371200000,2021-03-22,LTCBRL,1092.34,1108.98,1033.27,1039.38,1049.72852,1129421.3010481,1883
1616284800000,2021-03-21,LTCBRL,1113.4,1126.62,1084.0,1093.3,620.04113,683046.6701125,1206
1616198400000,2021-03-20,LTCBRL,1114.0,1139.74,1110.0,1112.99,747.72683,844032.2414455,1071
1616112000000,2021-03-19,LTCBRL,1125.4,1149.0,1106.97,1115.47,868.03217,974669.1116812,1625
1616025600000,2021-03-18,LTCBRL,1158.01,1165.82,1120.76,1125.97,1355.52499,1544301.7542119,1829
1615939200000,2021-03-17,LTCBRL,1143.27,1171.65,1113.0,1155.32,1163.54604,1323843.3865583,1905
1615852800000,2021-03-16,LTCBRL,1146.42,1168.87,1093.94,1143.27,1470.09284,1659648.7831587,2228
1615766400000,2021-03-15,LTCBRL,1214.45,1263.0,1123.42,1145.88,1559.86534,1824529.7556833,2433
1615680000000,2021-03-14,LTCBRL,1267.66,1277.2,1209.76,1211.89,776.02167,959207.6168749,1865
1615593600000,2021-03-13,LTCBRL,1240.0,1291.16,1204.56,1268.54,1562.12855,1950035.7512659,3372
1615507200000,2021-03-12,LTCBRL,1123.28,1256.86,1115.06,1240.85,3030.93153,3589760.3097402,4223
1615420800000,2021-03-11,LTCBRL,1148.04,1155.4,1097.89,1123.28,1338.92999,1506301.675017,2279
1615334400000,2021-03-10,LTCBRL,1184.82,1205.63,1110.42,1148.16,2226.36141,2572175.7202366,3184
1615248000000,2021-03-09,LTCBRL,1113.05,1193.07,1097.87,1182.67,1884.95849,2158663.4898046,3093
1615161600000,2021-03-08,LTCBRL,1082.05,1117.59,1024.99,1113.04,1553.83892,1656354.4363358,2336
1615075200000,2021-03-07,LTCBRL,1047.48,1089.44,1039.27,1082.42,500.32247,530769.6135022,1198
1614988800000,2021-03-06,LTCBRL,1036.5,1058.93,1008.47,1047.48,995.83479,1032558.0700606,1378
1614902400000,2021-03-05,LTCBRL,1037.44,1053.78,970.0,1036.5,1504.28591,1517495.361236,2106
1614816000000,2021-03-04,LTCBRL,1063.45,1103.66,1007.65,1035.0,1528.82183,1601572.4146363,2336
1614729600000,2021-03-03,LTCBRL,1022.05,1121.69,1013.82,1064.79,2377.29094,2560057.7566781,2945
1614643200000,2021-03-02,LTCBRL,998.73,1058.84,971.99,1021.47,1949.02005,1979841.362054,2263
1614556800000,2021-03-01,LTCBRL,942.57,999.09,929.75,998.73,1282.35311,1241603.7852985,1601
1614470400000,2021-02-28,LTCBRL,977.42,985.97,878.45,938.0,2085.08301,1926106.8582922,2313
1614384000000,2021-02-27,LTCBRL,966.54,1017.22,954.9,979.83,1283.36049,1265199.5051338,1664
1614297600000,2021-02-26,LTCBRL,1009.77,1029.72,924.06,965.45,4389.56462,4272239.1152476,3561
1614211200000,2021-02-25,LTCBRL,1000.67,1130.46,962.71,1007.88,3044.9566,3232425.5907281,3084
1614124800000,2021-02-24,LTCBRL,988.02,1052.73,945.0,1000.66,2256.6667,2262615.1128661,2935
1614038400000,2021-02-23,LTCBRL,1161.61,1161.61,902.07,986.87,5145.01948,5112354.0209539,6474
1613952000000,2021-02-22,LTCBRL,1252.1,1252.1,996.87,1160.3,3736.82579,4258321.0064147,6390
1613865600000,2021-02-21,LTCBRL,1249.95,1284.55,1220.0,1255.77,1192.68152,1498244.0750097,2985
1613779200000,2021-02-20,LTCBRL,1290.65,1350.0,1189.38,1253.42,1575.57283,2033146.6309003,3935
1613692800000,2021-02-19,LTCBRL,1251.32,1319.02,1216.0,1291.81,1937.53156,2474072.6489243,3812
1613606400000,2021-02-18,LTCBRL,1299.89,1311.42,1214.6,1250.71,1567.74829,1973363.1846637,3480
1613520000000,2021-02-17,LTCBRL,1143.16,1301.06,1106.67,1298.88,2817.79312,3448891.257713,4560
1613433600000,2021-02-16,LTCBRL,1139.51,1201.79,1097.84,1138.37,1573.78333,1815406.2059653,3624
1613347200000,2021-02-15,LTCBRL,1170.96,1197.51,1011.1,1134.18,2231.01154,2527768.9098126,4513
1613260800000,2021-02-14,LTCBRL,1236.76,1245.36,1139.98,1166.14,2500.95256,2984538.868184,4285
1613174400000,2021-02-13,LTCBRL,1071.87,1247.93,1046.79,1232.05,3622.61559,4149503.3270584,5512
1613088000000,2021-02-12,LTCBRL,1000.87,1081.1,961.56,1068.95,1844.81974,1881081.5622493,3116
1613001600000,2021-02-11,LTCBRL,992.88,1034.21,962.73,997.26,2217.35727,2234708.6853493,3208
1612915200000,2021-02-10,LTCBRL,987.65,1053.97,934.39,989.08,4471.16582,4456237.7379566,5152
1612828800000,2021-02-09,LTCBRL,891.0,1002.1,876.25,986.0,1655.78531,1530582.8972607,2225
1612742400000,2021-02-08,LTCBRL,820.83,901.81,806.52,891.0,2333.26377,2008752.5173348,1734
1612656000000,2021-02-07,LTCBRL,840.92,851.0,793.68,823.31,707.08505,580249.61712,850
1612569600000,2021-02-06,LTCBRL,839.92,889.1,815.88,843.72,1159.54339,999510.4458965,1125
1612483200000,2021-02-05,LTCBRL,792.38,852.3,785.69,842.73,916.69779,759128.6060364,953
1612396800000,2021-02-04,LTCBRL,840.11,852.73,773.03,792.21,2298.69691,1853054.8886602,2029
1612310400000,2021-02-03,LTCBRL,767.7,845.53,767.7,837.24,1344.25648,1098014.2450759,1130
1612224000000,2021-02-02,LTCBRL,725.0,787.56,725.0,767.0,3548.26273,2706307.4277721,2467
1612137600000,2021-02-01,LTCBRL,711.57,746.6,699.05,725.0,1512.67157,1093468.1799539,1181
1612051200000,2021-01-31,LTCBRL,729.0,740.0,699.05,713.26,675.82603,482745.2585859,552
1611964800000,2021-01-30,LTCBRL,742.72,745.74,706.0,728.26,828.49662,601709.0075666,754
1611878400000,2021-01-29,LTCBRL,728.25,784.46,716.5,742.52,1669.99243,1249321.0626,1297
1611792000000,2021-01-28,LTCBRL,670.43,741.9,663.99,726.15,392.49469,277729.6901876,369
1611705600000,2021-01-27,LTCBRL,722.0,727.12,647.14,669.25,551.97972,375591.0532205,509
1611619200000,2021-01-26,LTCBRL,759.22,774.79,706.01,727.0,281.05516,205866.8586699,309
1611532800000,2021-01-25,LTCBRL,794.03,3567.0,756.39,757.9,240.53833,189449.057666,252
