Unix,Date,Symbol,Open,High,Low,Close,Volume SOL,Volume BRL,tradecount
1696032000000,2023-09-30,SOLBRL,102.3,109.9,101.4,107.7,4948.87,523593.618,739
1695945600000,2023-09-29,SOLBRL,100.7,103.0,100.1,102.0,4481.03,455472.111,729
1695859200000,2023-09-28,SOLBRL,96.5,100.9,96.3,100.8,3964.74,389727.095,549
1695772800000,2023-09-27,SOLBRL,94.9,97.5,94.4,96.6,2939.37,282228.666,492
1695686400000,2023-09-26,SOLBRL,96.7,97.1,94.6,94.9,2924.25,280091.939,447
1695600000000,2023-09-25,SOLBRL,96.2,98.2,95.1,96.7,2336.23,226281.422,485
1695513600000,2023-09-24,SOLBRL,96.8,97.7,95.5,96.2,1378.5,133509.348,296
1695427200000,2023-09-23,SOLBRL,96.6,97.2,95.9,96.6,1773.44,171196.563,305
1695340800000,2023-09-22,SOLBRL,96.6,97.9,95.3,96.3,2926.72,282845.539,444
1695254400000,2023-09-21,SOLBRL,99.5,99.5,95.6,96.6,4326.43,419189.886,593
1695168000000,2023-09-20,SOLBRL,98.1,100.3,97.0,99.5,3323.96,327563.17,746
1695081600000,2023-09-19,SOLBRL,96.5,99.5,95.7,98.1,2921.62,285849.422,581
1694995200000,2023-09-18,SOLBRL,92.3,98.2,91.2,96.1,4105.73,392496.093,843
1694908800000,2023-09-17,SOLBRL,93.3,93.8,91.6,92.2,1090.66,101289.49,325
1694822400000,2023-09-16,SOLBRL,93.7,95.0,92.5,93.8,1773.61,166237.203,370
1694736000000,2023-09-15,SOLBRL,92.4,95.1,90.9,93.8,2680.93,249164.919,621
1694649600000,2023-09-14,SOLBRL,91.1,95.4,91.1,92.6,4091.91,381579.448,813
1694563200000,2023-09-13,SOLBRL,89.3,92.0,88.1,91.1,3160.84,285069.174,580
1694476800000,2023-09-12,SOLBRL,87.9,92.9,87.1,89.1,4057.02,364436.116,824
1694390400000,2023-09-11,SOLBRL,91.5,92.4,86.4,88.0,4964.28,438189.316,1059
1694304000000,2023-09-10,SOLBRL,97.6,97.6,89.7,91.3,5895.57,545329.052,1147
1694217600000,2023-09-09,SOLBRL,98.2,98.3,97.3,97.6,1285.47,125653.162,327
1694131200000,2023-09-08,SOLBRL,99.5,101.2,97.1,98.3,3185.6,313983.596,713
1694044800000,2023-09-07,SOLBRL,98.0,100.0,96.7,99.6,2960.18,291385.553,633
1693958400000,2023-09-06,SOLBRL,101.1,101.6,95.8,98.1,4123.01,405076.227,870
1693872000000,2023-09-05,SOLBRL,96.8,102.8,94.8,101.1,4831.95,481501.371,926
1693785600000,2023-09-04,SOLBRL,97.6,99.8,95.1,96.6,2644.7,256513.227,538
1693699200000,2023-09-03,SOLBRL,97.1,97.9,96.1,97.7,956.22,92869.797,285
1693612800000,2023-09-02,SOLBRL,96.2,98.0,95.5,97.0,1875.78,181551.527,384
1693526400000,2023-09-01,SOLBRL,98.3,99.3,94.5,96.0,2976.66,288855.05,769
1693440000000,2023-08-31,SOLBRL,102.1,103.1,96.9,98.2,4591.93,460960.764,876
1693353600000,2023-08-30,SOLBRL,106.8,107.2,100.8,102.3,3096.03,320472.362,564
1693267200000,2023-08-29,SOLBRL,101.0,107.7,98.5,106.5,4944.03,515800.791,825
1693180800000,2023-08-28,SOLBRL,101.9,102.0,98.6,100.7,2345.64,236136.103,544
1693094400000,2023-08-27,SOLBRL,99.7,102.7,99.5,102.1,2929.29,298039.562,400
1693008000000,2023-08-26,SOLBRL,99.8,100.5,99.1,99.8,1670.34,166634.975,422
1692921600000,2023-08-25,SOLBRL,103.2,103.2,98.3,99.9,2703.97,272568.735,618
1692835200000,2023-08-24,SOLBRL,106.5,107.6,101.6,103.2,2119.1,220771.544,536
1692748800000,2023-08-23,SOLBRL,102.3,106.5,101.1,106.5,2683.57,278941.102,683
1692662400000,2023-08-22,SOLBRL,106.1,106.3,96.5,102.3,3244.03,328476.27,855
1692576000000,2023-08-21,SOLBRL,109.6,109.7,102.5,106.2,2780.54,295548.762,733
1692489600000,2023-08-20,SOLBRL,109.9,110.8,108.6,109.4,824.43,90507.14,309
1692403200000,2023-08-19,SOLBRL,107.0,111.3,107.0,110.2,1869.02,203839.031,457
1692316800000,2023-08-18,SOLBRL,108.9,111.9,104.4,107.2,4201.17,456874.802,907
1692230400000,2023-08-17,SOLBRL,114.1,117.6,101.1,109.3,7793.52,867036.529,1355
1692144000000,2023-08-16,SOLBRL,119.4,120.3,112.4,114.2,4202.19,488414.708,806
1692057600000,2023-08-15,SOLBRL,125.0,126.0,119.0,119.6,4388.33,537676.657,868
1691971200000,2023-08-14,SOLBRL,119.5,140.0,119.0,125.0,12793.78,1667744.043,940
1691884800000,2023-08-13,SOLBRL,122.8,122.9,119.6,119.7,1180.75,142794.523,328
1691798400000,2023-08-12,SOLBRL,121.1,124.1,120.2,122.7,1657.82,201952.83,439
1691712000000,2023-08-11,SOLBRL,120.8,122.0,119.3,121.0,2561.01,309371.757,588
1691625600000,2023-08-10,SOLBRL,120.3,121.3,118.6,120.8,2016.07,242249.445,533
1691539200000,2023-08-09,SOLBRL,118.9,122.7,118.9,120.4,3228.71,390233.203,713
1691452800000,2023-08-08,SOLBRL,113.4,121.5,112.8,119.0,6867.72,811167.499,1009
1691366400000,2023-08-07,SOLBRL,113.7,115.7,110.3,113.4,3075.4,346516.481,613
1691280000000,2023-08-06,SOLBRL,110.9,115.0,110.9,113.8,2314.57,262619.781,445
1691193600000,2023-08-05,SOLBRL,111.9,112.7,109.7,111.0,2485.92,276098.136,649
1691107200000,2023-08-04,SOLBRL,111.5,115.1,110.3,111.9,4564.62,515416.26,1428
1691020800000,2023-08-03,SOLBRL,112.0,113.5,108.7,111.5,4732.23,527574.104,1460
1690934400000,2023-08-02,SOLBRL,115.8,116.7,110.8,112.0,4703.3,532162.312,1351
1690848000000,2023-08-01,SOLBRL,113.1,115.4,109.2,115.4,5916.02,662988.276,1601
1690761600000,2023-07-31,SOLBRL,116.0,118.1,112.1,113.1,4858.7,558721.32,1353
1690675200000,2023-07-30,SOLBRL,120.1,120.3,112.7,116.1,3593.85,421957.952,957
1690588800000,2023-07-29,SOLBRL,118.5,121.3,118.4,120.1,2533.04,303775.837,946
1690502400000,2023-07-28,SOLBRL,119.7,121.5,117.1,118.7,3983.54,475821.365,1302
1690416000000,2023-07-27,SOLBRL,120.2,121.7,117.7,119.8,4581.26,548894.6,1729
1690329600000,2023-07-26,SOLBRL,111.4,121.9,110.8,120.2,5236.49,616221.42,1797
1690243200000,2023-07-25,SOLBRL,111.3,112.6,108.5,111.3,3616.85,401220.762,1026
1690156800000,2023-07-24,SOLBRL,119.6,119.8,109.7,111.8,5605.63,633136.261,1761
1690070400000,2023-07-23,SOLBRL,118.2,121.7,116.6,119.4,2644.78,315898.952,873
1689984000000,2023-07-22,SOLBRL,122.6,125.1,116.1,118.4,3892.26,478737.689,1091
1689897600000,2023-07-21,SOLBRL,122.4,124.5,120.7,122.6,4896.2,600561.534,1532
1689811200000,2023-07-20,SOLBRL,127.3,131.7,121.0,122.4,5420.94,686939.074,1487
1689724800000,2023-07-19,SOLBRL,123.2,129.7,122.3,127.3,2780.18,353769.522,700
1689638400000,2023-07-18,SOLBRL,129.9,130.8,119.8,123.7,4277.84,528716.948,1040
1689552000000,2023-07-17,SOLBRL,132.7,137.0,124.0,129.8,6996.9,914817.234,1613
1689465600000,2023-07-16,SOLBRL,132.8,138.6,128.9,132.7,3534.24,473401.022,815
1689379200000,2023-07-15,SOLBRL,128.8,140.5,128.5,133.0,6318.24,855220.228,1275
1689292800000,2023-07-14,SOLBRL,124.7,153.9,122.1,129.4,19044.58,2591122.945,3217
1689206400000,2023-07-13,SOLBRL,106.5,128.0,104.1,124.8,17566.11,2076283.346,2781
1689120000000,2023-07-12,SOLBRL,107.8,110.4,105.5,106.6,5492.62,593557.024,853
1689033600000,2023-07-11,SOLBRL,104.2,109.9,103.9,107.8,6158.75,662333.91,868
1688947200000,2023-07-10,SOLBRL,104.5,106.9,100.9,104.0,4677.85,483971.562,770
1688860800000,2023-07-09,SOLBRL,107.2,110.0,103.7,104.9,4060.82,432902.21,456
1688774400000,2023-07-08,SOLBRL,105.9,110.0,104.6,107.3,6888.67,737558.505,880
1688688000000,2023-07-07,SOLBRL,96.8,106.6,95.3,105.6,17134.5,1750370.943,1589
1688601600000,2023-07-06,SOLBRL,92.4,103.8,92.4,97.0,11624.77,1142359.122,1527
1688515200000,2023-07-05,SOLBRL,93.0,94.0,89.5,92.2,4646.25,426275.751,689
1688428800000,2023-07-04,SOLBRL,92.6,96.5,91.9,93.0,4375.47,413089.205,689
1688342400000,2023-07-03,SOLBRL,93.9,94.7,91.0,92.4,4585.89,425374.644,777
1688256000000,2023-07-02,SOLBRL,90.2,95.2,89.6,93.9,5002.79,462125.317,728
1688169600000,2023-07-01,SOLBRL,90.9,91.4,86.5,90.2,3350.17,297666.929,619
1688083200000,2023-06-30,SOLBRL,87.7,96.4,82.8,91.0,13420.08,1215791.127,1962
1687996800000,2023-06-29,SOLBRL,77.9,88.7,77.5,87.8,9311.14,794543.355,1278
1687910400000,2023-06-28,SOLBRL,80.1,80.3,76.2,78.2,4650.26,365202.323,718
1687824000000,2023-06-27,SOLBRL,77.8,81.9,77.6,80.4,3018.46,241543.87,538
1687737600000,2023-06-26,SOLBRL,81.6,82.1,76.5,78.2,3811.82,302582.681,562
1687651200000,2023-06-25,SOLBRL,79.9,83.2,79.7,81.9,3115.03,255306.909,438
1687564800000,2023-06-24,SOLBRL,82.4,84.4,78.9,79.9,3056.46,248413.072,441
1687478400000,2023-06-23,SOLBRL,79.7,84.2,77.8,82.5,5289.5,430052.732,690
1687392000000,2023-06-22,SOLBRL,82.3,84.4,79.5,80.0,3163.85,258176.299,586
1687305600000,2023-06-21,SOLBRL,79.8,83.1,79.6,82.4,4302.74,349919.347,805
1687219200000,2023-06-20,SOLBRL,77.2,80.0,75.8,80.0,4458.19,347718.36,696
1687132800000,2023-06-19,SOLBRL,75.3,77.5,74.4,77.4,2819.33,214424.906,443
1687046400000,2023-06-18,SOLBRL,76.1,77.0,74.7,75.1,1644.81,124935.57,292
1686960000000,2023-06-17,SOLBRL,74.3,77.9,73.7,76.2,2384.7,181780.2,403
1686873600000,2023-06-16,SOLBRL,71.6,75.0,70.0,74.3,3675.02,267667.372,516
1686787200000,2023-06-15,SOLBRL,70.2,73.0,68.4,71.4,9231.62,654591.416,1044
1686700800000,2023-06-14,SOLBRL,73.6,74.8,68.5,70.6,6987.24,504211.486,825
1686614400000,2023-06-13,SOLBRL,74.3,77.4,72.2,73.6,5183.68,383750.94,654
1686528000000,2023-06-12,SOLBRL,76.9,77.2,72.5,74.3,4818.26,360147.553,732
1686441600000,2023-06-11,SOLBRL,77.2,79.8,74.8,76.9,3969.65,305810.666,735
1686355200000,2023-06-10,SOLBRL,85.5,85.8,63.6,77.4,20514.62,1523868.182,2428
1686268800000,2023-06-09,SOLBRL,93.9,96.0,84.4,85.6,8386.58,739913.533,1185
1686182400000,2023-06-08,SOLBRL,92.2,94.8,90.7,93.9,3681.28,343239.356,714
1686096000000,2023-06-07,SOLBRL,100.6,101.2,91.9,92.7,7837.1,747957.3,983
1686009600000,2023-06-06,SOLBRL,99.6,102.3,95.8,100.7,7376.44,732839.198,1277
1685923200000,2023-06-05,SOLBRL,109.3,110.4,96.0,100.0,6622.58,672999.975,1179
1685836800000,2023-06-04,SOLBRL,106.1,111.8,105.4,109.3,3520.02,385973.293,690
1685750400000,2023-06-03,SOLBRL,106.1,106.6,105.1,106.0,742.31,78473.468,267
1685664000000,2023-06-02,SOLBRL,103.4,107.4,102.8,106.1,3413.53,360910.506,542
1685577600000,2023-06-01,SOLBRL,106.1,106.6,103.0,103.4,2210.48,231377.975,523
1685491200000,2023-05-31,SOLBRL,107.6,107.9,103.9,105.9,4621.33,487088.407,662
1685404800000,2023-05-30,SOLBRL,103.9,108.6,103.4,107.8,5574.2,595658.578,784
1685318400000,2023-05-29,SOLBRL,104.5,105.3,101.6,104.0,2099.42,217487.476,497
1685232000000,2023-05-28,SOLBRL,102.9,106.6,102.3,104.5,4000.1,416214.091,702
1685145600000,2023-05-27,SOLBRL,97.2,103.3,97.1,102.7,3847.47,386261.091,575
1685059200000,2023-05-26,SOLBRL,96.7,98.2,96.2,97.3,2161.78,210444.865,587
1684972800000,2023-05-25,SOLBRL,95.8,97.9,93.8,96.9,1607.33,155477.105,538
1684886400000,2023-05-24,SOLBRL,100.1,100.1,93.6,95.8,3298.2,317158.569,575
1684800000000,2023-05-23,SOLBRL,97.7,100.6,97.1,100.0,2526.63,251747.99,519
1684713600000,2023-05-22,SOLBRL,98.7,100.0,96.8,97.7,2408.86,237082.965,538
1684627200000,2023-05-21,SOLBRL,101.5,101.8,97.1,98.5,2746.08,274292.954,458
1684540800000,2023-05-20,SOLBRL,102.1,102.2,101.1,101.5,1434.87,145830.423,380
1684454400000,2023-05-19,SOLBRL,101.6,103.1,101.3,102.1,2190.11,223912.74,486
1684368000000,2023-05-18,SOLBRL,104.6,104.7,101.0,101.7,2339.99,240284.695,622
1684281600000,2023-05-17,SOLBRL,103.0,105.2,101.9,104.7,3365.08,348754.335,688
1684195200000,2023-05-16,SOLBRL,103.6,104.2,101.8,103.0,2836.26,291696.278,590
1684108800000,2023-05-15,SOLBRL,104.1,106.7,102.6,103.6,3022.55,318483.149,629
1684022400000,2023-05-14,SOLBRL,103.3,105.6,102.3,104.2,2160.5,225355.4,531
1683936000000,2023-05-13,SOLBRL,104.3,105.9,103.3,103.3,3557.64,371213.44,775
1683849600000,2023-05-12,SOLBRL,100.3,104.2,98.9,104.0,4305.55,437182.398,974
1683763200000,2023-05-11,SOLBRL,104.4,104.4,98.9,100.6,4445.31,447941.621,953
1683676800000,2023-05-10,SOLBRL,103.4,106.2,99.5,104.4,5628.68,585582.224,1036
1683590400000,2023-05-09,SOLBRL,104.0,105.7,102.6,103.7,3408.89,354448.803,871
1683504000000,2023-05-08,SOLBRL,108.5,109.5,100.9,104.2,7707.81,817312.22,1417
1683417600000,2023-05-07,SOLBRL,109.9,114.0,108.6,108.8,6150.09,684162.231,829
1683331200000,2023-05-06,SOLBRL,113.7,115.6,108.1,110.0,3998.99,442484.458,786
1683244800000,2023-05-05,SOLBRL,108.7,114.8,108.5,113.5,7135.72,796821.891,1103
1683158400000,2023-05-04,SOLBRL,111.7,112.9,108.3,108.6,6069.48,670902.352,901
1683072000000,2023-05-03,SOLBRL,112.8,112.8,107.2,111.5,6280.78,686218.841,999
1682985600000,2023-05-02,SOLBRL,110.8,114.0,109.7,112.7,4688.77,525006.703,842
1682899200000,2023-05-01,SOLBRL,114.5,115.1,109.0,110.9,5971.16,665486.203,1014
1682812800000,2023-04-30,SOLBRL,116.7,120.1,114.2,114.3,3731.95,437760.575,709
1682726400000,2023-04-29,SOLBRL,117.5,120.0,115.3,116.5,4589.35,539669.507,751
1682640000000,2023-04-28,SOLBRL,111.8,118.2,111.2,117.5,8079.33,931799.17,1168
1682553600000,2023-04-27,SOLBRL,108.3,113.0,107.9,111.9,4907.3,545145.345,1330
1682467200000,2023-04-26,SOLBRL,111.8,116.7,103.9,108.3,11585.53,1294737.729,1583
1682380800000,2023-04-25,SOLBRL,108.7,111.7,105.8,111.5,4881.0,525670.711,883
1682294400000,2023-04-24,SOLBRL,109.6,113.0,106.9,108.6,5091.45,558689.647,820
1682208000000,2023-04-23,SOLBRL,111.7,114.0,107.0,109.6,3737.42,413414.886,720
1682121600000,2023-04-22,SOLBRL,109.1,112.6,107.8,112.1,3549.84,391871.824,677
1682035200000,2023-04-21,SOLBRL,112.7,114.1,107.8,109.1,5918.88,658645.905,1009
1681948800000,2023-04-20,SOLBRL,116.4,118.4,109.8,112.9,9037.73,1028411.98,1421
1681862400000,2023-04-19,SOLBRL,124.4,124.5,110.1,116.5,12550.23,1470462.327,1491
1681776000000,2023-04-18,SOLBRL,122.0,126.5,119.9,124.5,7144.89,884315.544,885
1681689600000,2023-04-17,SOLBRL,126.5,129.6,121.4,122.3,6042.25,757365.034,895
1681603200000,2023-04-16,SOLBRL,120.4,127.0,119.3,126.4,6989.52,869633.638,740
1681516800000,2023-04-15,SOLBRL,122.6,122.6,118.7,120.2,2532.42,304991.814,511
1681430400000,2023-04-14,SOLBRL,121.0,126.0,118.2,122.4,10065.8,1234130.808,1112
1681344000000,2023-04-13,SOLBRL,118.3,125.5,117.4,121.1,5889.99,717541.464,870
1681257600000,2023-04-12,SOLBRL,115.8,122.0,112.9,117.8,10627.23,1263080.165,1148
1681171200000,2023-04-11,SOLBRL,106.2,119.2,105.8,115.6,17583.59,2010229.226,2299
1681084800000,2023-04-10,SOLBRL,103.1,106.4,102.4,106.2,4524.59,471742.181,749
1680998400000,2023-04-09,SOLBRL,102.1,104.2,101.5,103.2,2468.14,254126.774,422
1680912000000,2023-04-08,SOLBRL,104.2,105.3,101.3,102.1,2606.28,269862.138,492
1680825600000,2023-04-07,SOLBRL,104.9,105.8,103.0,104.2,2319.47,241674.305,468
1680739200000,2023-04-06,SOLBRL,106.2,106.2,104.3,104.9,2990.56,314898.75,698
1680652800000,2023-04-05,SOLBRL,106.9,108.8,104.5,106.1,6584.06,701329.952,953
1680566400000,2023-04-04,SOLBRL,104.5,108.3,103.5,106.8,6545.64,696622.573,900
1680480000000,2023-04-03,SOLBRL,105.2,106.8,102.6,104.3,4138.23,431643.562,837
1680393600000,2023-04-02,SOLBRL,108.0,108.8,104.0,105.4,4113.65,436346.074,658
1680307200000,2023-04-01,SOLBRL,108.1,108.8,106.3,107.8,2280.31,244837.246,499
1680220800000,2023-03-31,SOLBRL,105.8,109.8,103.5,108.0,6635.93,707102.758,883
1680134400000,2023-03-30,SOLBRL,109.1,111.5,103.8,105.8,5751.78,615395.279,822
1680048000000,2023-03-29,SOLBRL,106.5,111.9,106.5,109.0,4591.5,503409.395,790
1679961600000,2023-03-28,SOLBRL,104.7,108.2,103.4,106.6,5421.0,573368.382,690
1679875200000,2023-03-27,SOLBRL,110.9,111.0,102.9,104.9,4200.19,444404.281,706
1679788800000,2023-03-26,SOLBRL,108.1,111.9,107.5,110.9,1892.05,209161.516,365
1679702400000,2023-03-25,SOLBRL,109.7,111.0,106.9,108.3,2838.82,310556.322,501
1679616000000,2023-03-24,SOLBRL,117.9,118.5,107.6,109.2,7651.99,853810.878,952
1679529600000,2023-03-23,SOLBRL,113.4,120.5,111.7,117.9,8707.74,1015116.252,1018
1679443200000,2023-03-22,SOLBRL,118.8,122.5,110.9,113.5,14003.28,1640027.302,1693
1679356800000,2023-03-21,SOLBRL,117.2,123.2,114.0,119.4,11002.73,1312683.605,1220
1679270400000,2023-03-20,SOLBRL,115.7,126.3,113.3,116.9,17977.11,2156914.916,1741
1679184000000,2023-03-19,SOLBRL,112.0,118.5,112.0,115.7,6353.55,739043.387,828
1679097600000,2023-03-18,SOLBRL,114.2,121.0,111.5,111.8,12519.41,1463228.059,1497
1679011200000,2023-03-17,SOLBRL,103.8,115.0,102.6,114.7,10629.24,1153147.269,1347
1678924800000,2023-03-16,SOLBRL,101.8,105.4,100.5,103.8,6447.13,666106.565,828
1678838400000,2023-03-15,SOLBRL,110.3,113.0,99.9,102.1,11158.9,1184800.094,1378
1678752000000,2023-03-14,SOLBRL,106.7,115.9,103.0,110.4,14973.97,1654320.601,1747
1678665600000,2023-03-13,SOLBRL,104.3,111.4,97.4,106.7,17141.03,1805264.243,1810
1678579200000,2023-03-12,SOLBRL,92.3,105.3,90.9,104.3,9759.28,951759.799,1058
1678492800000,2023-03-11,SOLBRL,95.4,99.3,88.2,92.3,12775.54,1178181.85,1166
1678406400000,2023-03-10,SOLBRL,90.0,96.0,83.2,95.4,11484.51,1032758.335,1493
1678320000000,2023-03-09,SOLBRL,95.9,97.2,87.7,89.9,7547.9,697388.833,980
1678233600000,2023-03-08,SOLBRL,106.0,107.0,94.4,95.3,9631.24,947951.795,1218
1678147200000,2023-03-07,SOLBRL,107.1,108.7,103.0,106.0,4233.16,449647.467,614
1678060800000,2023-03-06,SOLBRL,109.7,110.3,106.3,106.9,3911.51,423643.365,568
1677974400000,2023-03-05,SOLBRL,110.0,113.4,109.2,109.9,3235.34,360519.564,427
1677888000000,2023-03-04,SOLBRL,112.1,112.6,106.0,109.8,2553.37,279925.074,479
1677801600000,2023-03-03,SOLBRL,114.7,114.7,106.9,112.0,8364.42,926321.793,904
1677715200000,2023-03-02,SOLBRL,117.3,119.4,113.5,114.8,5803.83,666565.341,677
1677628800000,2023-03-01,SOLBRL,114.7,120.0,113.6,117.3,5111.34,602109.739,720
1677542400000,2023-02-28,SOLBRL,118.6,118.9,114.4,114.5,4144.58,483606.694,727
1677456000000,2023-02-27,SOLBRL,121.3,121.9,116.5,118.5,3441.43,410409.926,695
1677369600000,2023-02-26,SOLBRL,116.8,122.5,116.1,121.4,2846.51,338800.69,481
1677283200000,2023-02-25,SOLBRL,120.9,121.4,112.0,117.0,7068.26,820511.243,843
1677196800000,2023-02-24,SOLBRL,123.4,124.5,117.8,120.5,6930.61,837346.119,1021
1677110400000,2023-02-23,SOLBRL,125.6,127.9,122.3,123.6,7359.43,917078.017,1065
1677024000000,2023-02-22,SOLBRL,130.2,131.3,121.5,125.4,10516.14,1306305.329,1400
1676937600000,2023-02-21,SOLBRL,136.9,138.0,127.8,130.3,8789.32,1163723.074,1139
1676851200000,2023-02-20,SOLBRL,129.9,141.0,126.6,136.5,12734.65,1718323.466,1576
1676764800000,2023-02-19,SOLBRL,122.0,133.4,120.8,129.7,11511.26,1478351.148,1431
1676678400000,2023-02-18,SOLBRL,120.4,124.4,119.3,122.0,3671.89,447195.028,580
1676592000000,2023-02-17,SOLBRL,116.4,122.4,115.1,120.5,7774.55,928685.849,1177
1676505600000,2023-02-16,SOLBRL,124.0,126.1,116.1,116.2,12183.16,1490648.457,1805
1676419200000,2023-02-15,SOLBRL,113.9,124.2,111.9,124.0,18933.96,2248944.543,1806
1676332800000,2023-02-14,SOLBRL,108.3,115.4,107.4,113.7,8650.89,968921.253,1089
1676246400000,2023-02-13,SOLBRL,113.4,113.8,102.9,108.5,10706.6,1156724.089,1110
1676160000000,2023-02-12,SOLBRL,109.3,118.7,108.6,113.5,10868.5,1230975.525,1029
1676073600000,2023-02-11,SOLBRL,105.6,110.0,105.6,109.4,4544.28,487690.632,527
1675987200000,2023-02-10,SOLBRL,108.7,112.2,103.5,105.6,8688.54,944964.443,1209
1675900800000,2023-02-09,SOLBRL,121.3,121.7,106.5,108.4,13312.6,1534853.079,1604
1675814400000,2023-02-08,SOLBRL,124.4,125.6,119.4,121.1,18250.35,2220998.904,1438
1675728000000,2023-02-07,SOLBRL,117.4,124.5,117.0,124.1,15724.42,1899250.258,1572
1675641600000,2023-02-06,SOLBRL,122.1,123.2,116.7,117.6,14179.35,1707871.669,1321
1675555200000,2023-02-05,SOLBRL,125.5,126.3,119.6,122.0,8933.98,1093983.767,1185
1675468800000,2023-02-04,SOLBRL,126.8,128.3,125.3,125.6,6167.06,782040.075,980
1675382400000,2023-02-03,SOLBRL,123.9,128.5,122.5,127.0,12046.26,1515945.982,1469
1675296000000,2023-02-02,SOLBRL,127.0,131.8,122.1,123.2,14289.57,1817198.755,2056
1675209600000,2023-02-01,SOLBRL,122.5,128.0,115.6,127.0,17994.84,2188580.408,2123
1675123200000,2023-01-31,SOLBRL,123.2,125.2,120.9,122.1,12532.57,1541836.699,1305
1675036800000,2023-01-30,SOLBRL,133.7,135.0,119.5,123.0,14588.46,1821943.388,1745
1674950400000,2023-01-29,SOLBRL,122.9,136.7,122.0,133.6,21267.14,2773545.931,1974
1674864000000,2023-01-28,SOLBRL,125.6,129.0,121.8,123.4,7446.59,927802.978,973
1674777600000,2023-01-27,SOLBRL,124.4,127.9,119.0,125.5,13795.83,1701060.77,1509
1674691200000,2023-01-26,SOLBRL,125.5,129.0,121.1,124.3,10891.08,1368975.849,1289
1674604800000,2023-01-25,SOLBRL,118.1,129.7,115.5,125.7,23190.31,2822823.076,2093
1674518400000,2023-01-24,SOLBRL,126.9,131.4,116.1,117.9,17516.22,2192902.041,1848
1674432000000,2023-01-23,SOLBRL,126.5,130.1,124.0,127.0,14951.95,1903038.005,1680
1674345600000,2023-01-22,SOLBRL,128.2,132.6,123.2,126.7,12034.53,1541285.496,1648
1674259200000,2023-01-21,SOLBRL,133.5,137.6,126.7,128.2,18537.35,2437885.211,2647
1674172800000,2023-01-20,SOLBRL,111.5,134.5,109.0,133.0,18475.63,2274325.835,2212
1674086400000,2023-01-19,SOLBRL,107.9,113.5,107.2,111.5,8139.23,898005.992,1231
1674000000000,2023-01-18,SOLBRL,117.7,121.0,105.0,108.1,19921.77,2285298.091,2180
1673913600000,2023-01-17,SOLBRL,121.4,123.6,117.2,117.7,14808.7,1786622.766,1575
1673827200000,2023-01-16,SOLBRL,117.5,128.1,115.3,122.0,24784.14,2999158.72,2548
1673740800000,2023-01-15,SOLBRL,124.4,128.0,113.0,117.8,25365.95,3021768.272,2784
1673654400000,2023-01-14,SOLBRL,93.6,126.9,93.6,124.4,79721.81,8991489.505,6442
1673568000000,2023-01-13,SOLBRL,85.9,95.4,84.1,93.9,26719.04,2375310.947,2045
1673481600000,2023-01-12,SOLBRL,85.4,88.4,81.3,85.8,23008.99,1941272.769,1776
1673395200000,2023-01-11,SOLBRL,84.9,86.4,80.2,85.2,16481.47,1371053.827,1382
1673308800000,2023-01-10,SOLBRL,86.0,87.7,82.7,84.9,18485.03,1577694.116,1510
1673222400000,2023-01-09,SOLBRL,76.8,93.0,76.1,86.0,62738.8,5403869.404,4345
1673136000000,2023-01-08,SOLBRL,69.2,78.9,68.1,77.0,16550.86,1203157.851,1309
1673049600000,2023-01-07,SOLBRL,71.0,71.2,68.9,69.3,8474.71,593935.973,750
1672963200000,2023-01-06,SOLBRL,72.0,72.9,68.2,71.4,19762.88,1387698.368,1338
1672876800000,2023-01-05,SOLBRL,72.5,74.7,70.1,72.3,23969.51,1720701.422,1689
1672790400000,2023-01-04,SOLBRL,72.4,76.8,70.0,72.9,33589.62,2471871.425,2928
1672704000000,2023-01-03,SOLBRL,59.9,74.1,58.6,72.3,30494.34,2062025.004,2574
1672617600000,2023-01-02,SOLBRL,53.0,63.4,52.2,59.9,29510.55,1732331.934,1870
1672531200000,2023-01-01,SOLBRL,53.1,53.6,51.7,53.0,5836.27,308644.582,429
1672444800000,2022-12-31,SOLBRL,52.7,54.1,51.8,53.0,9869.06,525404.599,773
1672358400000,2022-12-30,SOLBRL,51.1,54.2,48.0,52.9,59723.02,3053964.523,2299
1672272000000,2022-12-29,SOLBRL,51.8,57.8,42.6,51.3,34461.82,1678191.968,2243
1672185600000,2022-12-28,SOLBRL,58.8,59.0,50.1,51.8,20797.55,1106415.841,1601
1672099200000,2022-12-27,SOLBRL,59.3,59.7,56.9,58.7,10304.35,600441.09,891
1672012800000,2022-12-26,SOLBRL,59.0,59.5,58.0,59.3,5211.07,306216.489,602
1671926400000,2022-12-25,SOLBRL,59.4,59.8,58.2,59.0,3314.54,195506.885,435
1671840000000,2022-12-24,SOLBRL,61.0,61.0,57.4,59.4,6574.54,388263.591,703
1671753600000,2022-12-23,SOLBRL,61.7,63.0,60.8,61.1,5223.74,322233.674,574
1671667200000,2022-12-22,SOLBRL,63.7,63.8,61.1,61.6,6507.92,405974.488,605
1671580800000,2022-12-21,SOLBRL,64.4,64.5,62.4,63.5,2711.37,171267.859,438
1671494400000,2022-12-20,SOLBRL,63.5,65.9,62.9,64.5,5700.3,369141.951,704
1671408000000,2022-12-19,SOLBRL,65.6,66.7,62.3,63.5,5276.61,342461.902,535
1671321600000,2022-12-18,SOLBRL,66.5,66.7,65.1,65.5,3303.02,217658.806,455
1671235200000,2022-12-17,SOLBRL,65.2,66.4,63.4,66.3,4949.63,322417.91,695
1671148800000,2022-12-16,SOLBRL,74.6,75.0,63.9,65.3,12526.59,845084.29,971
1671062400000,2022-12-15,SOLBRL,74.1,76.3,73.2,74.3,4129.13,307592.076,551
1670976000000,2022-12-14,SOLBRL,73.0,79.0,72.3,74.3,7191.24,544074.609,920
1670889600000,2022-12-13,SOLBRL,70.1,73.5,67.3,72.7,8661.69,619961.414,640
1670803200000,2022-12-12,SOLBRL,70.3,70.8,67.9,69.8,4370.43,303020.67,486
1670716800000,2022-12-11,SOLBRL,71.0,72.2,70.2,70.4,2470.18,176390.83,267
1670630400000,2022-12-10,SOLBRL,71.3,72.0,67.6,71.0,4804.39,340503.616,279
1670544000000,2022-12-09,SOLBRL,71.7,73.1,71.1,71.5,2576.94,185863.655,347
1670457600000,2022-12-08,SOLBRL,70.8,72.2,69.8,71.7,3667.27,261126.259,417
1670371200000,2022-12-07,SOLBRL,75.2,75.4,70.7,70.9,5208.11,381374.313,554
1670284800000,2022-12-06,SOLBRL,73.0,75.7,72.8,75.0,4457.24,330337.163,541
1670198400000,2022-12-05,SOLBRL,71.6,73.9,71.4,73.0,7171.1,522793.434,612
1670112000000,2022-12-04,SOLBRL,69.9,72.2,69.2,71.9,4695.82,331547.174,477
1670025600000,2022-12-03,SOLBRL,71.7,71.8,69.5,69.8,10492.0,745581.576,593
1669939200000,2022-12-02,SOLBRL,70.6,84.5,69.7,71.5,41843.02,3407619.36,696
1669852800000,2022-12-01,SOLBRL,74.3,74.3,70.0,70.3,4033.71,289155.576,567
1669766400000,2022-11-30,SOLBRL,71.2,75.0,70.0,74.3,8012.59,583934.067,937
1669680000000,2022-11-29,SOLBRL,71.7,74.7,70.8,71.1,7708.95,556545.175,718
1669593600000,2022-11-28,SOLBRL,76.0,76.3,69.1,71.8,12087.64,867230.488,1099
1669507200000,2022-11-27,SOLBRL,76.2,77.7,75.6,76.1,5412.26,416124.522,488
1669420800000,2022-11-26,SOLBRL,76.0,80.6,75.4,76.2,10648.96,826061.224,863
1669334400000,2022-11-25,SOLBRL,77.9,77.9,74.6,76.0,12807.96,976101.396,963
1669248000000,2022-11-24,SOLBRL,77.2,80.1,74.5,78.4,15262.58,1179631.214,1368
1669161600000,2022-11-23,SOLBRL,67.1,77.8,67.0,77.3,30521.46,2209669.466,2104
1669075200000,2022-11-22,SOLBRL,63.2,67.2,58.3,67.0,20723.63,1303557.624,1394
1668988800000,2022-11-21,SOLBRL,66.5,66.5,60.3,63.4,27039.48,1722587.802,1381
1668902400000,2022-11-20,SOLBRL,69.2,73.2,65.6,66.4,13023.13,902014.62,1044
1668816000000,2022-11-19,SOLBRL,71.3,71.9,68.0,69.3,16328.53,1132129.09,1280
1668729600000,2022-11-18,SOLBRL,73.2,74.6,70.1,71.4,15894.43,1146649.163,1392
1668643200000,2022-11-17,SOLBRL,76.4,77.5,70.0,73.5,24046.15,1766089.772,1894
1668556800000,2022-11-16,SOLBRL,75.6,77.1,72.4,76.3,15147.62,1137832.423,1516
1668470400000,2022-11-15,SOLBRL,73.9,79.8,73.5,75.6,23524.23,1788918.68,1936
1668384000000,2022-11-14,SOLBRL,68.6,78.9,63.6,74.2,61259.49,4461011.326,4301
1668297600000,2022-11-13,SOLBRL,76.7,84.9,68.2,68.5,67686.36,5352913.774,2497
1668211200000,2022-11-12,SOLBRL,87.2,87.6,76.4,76.4,19154.5,1546916.722,2400
1668124800000,2022-11-11,SOLBRL,94.6,98.2,81.2,86.9,45709.12,4081929.56,3556
1668038400000,2022-11-10,SOLBRL,74.0,101.1,69.8,94.8,85876.49,7525402.862,8311
1667952000000,2022-11-09,SOLBRL,127.2,127.2,65.2,74.5,116284.24,10223143.761,12390
1667865600000,2022-11-08,SOLBRL,153.6,164.2,105.6,127.5,94415.66,13105156.482,11963
1667779200000,2022-11-07,SOLBRL,166.5,193.1,146.2,153.5,45722.16,8039644.665,3262
1667692800000,2022-11-06,SOLBRL,188.0,188.0,165.1,166.6,6308.16,1115069.164,1050
1667606400000,2022-11-05,SOLBRL,171.6,196.8,171.6,186.9,17410.26,3267463.782,2159
1667520000000,2022-11-04,SOLBRL,159.3,173.9,158.4,171.7,5725.51,959837.534,1023
1667433600000,2022-11-03,SOLBRL,159.3,167.0,158.1,159.3,3311.05,536424.24,683
1667347200000,2022-11-02,SOLBRL,166.9,170.2,156.8,159.9,5620.65,916860.445,914
1667260800000,2022-11-01,SOLBRL,169.9,174.3,165.4,166.9,2620.94,444873.524,599
1667174400000,2022-10-31,SOLBRL,176.4,184.0,168.3,169.9,5553.92,978317.525,902
1667088000000,2022-10-30,SOLBRL,174.6,177.2,169.8,176.3,1873.24,325992.452,353
1667001600000,2022-10-29,SOLBRL,170.2,179.2,169.2,174.6,5175.82,907669.737,797
1666915200000,2022-10-28,SOLBRL,162.7,172.8,160.2,170.1,5979.63,1005725.94,895
1666828800000,2022-10-27,SOLBRL,167.3,172.3,162.7,162.9,5185.68,865807.917,784
1666742400000,2022-10-26,SOLBRL,163.3,169.2,162.4,167.0,5818.51,964424.102,842
1666656000000,2022-10-25,SOLBRL,149.6,170.7,148.4,162.6,10204.96,1644916.319,1431
1666569600000,2022-10-24,SOLBRL,152.1,153.2,147.9,149.4,4387.65,660715.804,689
1666483200000,2022-10-23,SOLBRL,146.0,152.8,144.7,152.1,2682.77,400271.568,522
1666396800000,2022-10-22,SOLBRL,146.1,146.7,143.5,146.2,1686.05,245164.976,480
1666310400000,2022-10-21,SOLBRL,147.4,148.5,142.3,146.1,5036.64,732015.515,1024
1666224000000,2022-10-20,SOLBRL,153.0,156.3,147.4,147.4,3088.12,467196.013,801
1666137600000,2022-10-19,SOLBRL,159.1,159.5,152.0,153.2,3522.64,554640.815,720
1666051200000,2022-10-18,SOLBRL,165.1,166.2,157.8,159.0,3260.02,524433.077,633
1665964800000,2022-10-17,SOLBRL,159.5,165.1,158.9,164.7,1953.74,316892.12,504
1665878400000,2022-10-16,SOLBRL,157.9,161.6,157.9,160.1,1815.05,289741.522,486
1665792000000,2022-10-15,SOLBRL,159.9,161.0,157.4,157.9,1566.5,249413.563,503
1665705600000,2022-10-14,SOLBRL,160.5,167.9,158.4,159.9,3844.19,630968.772,798
1665619200000,2022-10-13,SOLBRL,164.7,164.8,148.9,160.9,5993.49,929741.759,1314
1665532800000,2022-10-12,SOLBRL,163.3,166.5,162.7,165.0,2054.07,339073.491,550
1665446400000,2022-10-11,SOLBRL,166.8,166.8,161.4,162.9,3844.92,634534.798,733
1665360000000,2022-10-10,SOLBRL,172.6,175.0,166.5,166.8,3114.95,530714.373,756
1665273600000,2022-10-09,SOLBRL,170.6,173.8,170.1,172.9,849.89,146500.005,323
1665187200000,2022-10-08,SOLBRL,172.7,173.0,170.0,170.9,1164.9,199942.041,363
1665100800000,2022-10-07,SOLBRL,175.2,177.2,171.3,172.7,3170.85,549419.469,638
1665014400000,2022-10-06,SOLBRL,177.8,179.7,174.7,175.3,3034.22,539229.964,672
1664928000000,2022-10-05,SOLBRL,177.6,178.6,174.5,177.7,3422.21,604629.233,729
1664841600000,2022-10-04,SOLBRL,170.8,178.7,170.7,177.2,2582.41,455302.722,650
1664755200000,2022-10-03,SOLBRL,172.9,175.1,169.2,171.1,3795.21,649295.889,747
1664668800000,2022-10-02,SOLBRL,174.8,177.7,172.0,172.8,1291.56,225843.039,388
1664582400000,2022-10-01,SOLBRL,179.1,179.1,174.5,174.7,2843.01,503695.212,713
1664496000000,2022-09-30,SOLBRL,182.7,189.3,176.3,179.1,6190.52,1139990.949,1144
1664409600000,2022-09-29,SOLBRL,177.9,184.9,175.9,182.9,6397.35,1155853.648,929
1664323200000,2022-09-28,SOLBRL,174.6,180.1,170.0,177.5,5316.51,930913.731,1124
1664236800000,2022-09-27,SOLBRL,180.0,186.9,171.8,174.9,7897.41,1419827.344,1469
1664150400000,2022-09-26,SOLBRL,168.8,180.5,167.0,180.3,4230.16,738484.096,1009
1664064000000,2022-09-25,SOLBRL,174.9,177.4,167.1,168.7,3156.01,541943.067,630
1663977600000,2022-09-24,SOLBRL,176.0,181.4,173.4,174.6,5292.75,936453.423,977
1663891200000,2022-09-23,SOLBRL,167.1,178.3,162.8,176.0,7822.9,1325448.869,1160
1663804800000,2022-09-22,SOLBRL,159.8,168.9,159.5,166.8,4362.43,719781.743,916
1663718400000,2022-09-21,SOLBRL,162.5,172.5,156.6,159.8,7523.59,1237751.943,1340
1663632000000,2022-09-20,SOLBRL,170.1,171.0,162.2,162.4,3908.63,649652.491,791
1663545600000,2022-09-19,SOLBRL,164.2,171.9,161.8,169.7,4559.42,763730.061,1008
1663459200000,2022-09-18,SOLBRL,176.7,178.6,163.3,163.6,2625.63,446903.642,589
1663372800000,2022-09-17,SOLBRL,169.8,178.5,169.8,177.4,2051.48,357668.553,515
1663286400000,2022-09-16,SOLBRL,174.1,174.8,167.6,169.9,2852.09,487026.819,730
1663200000000,2022-09-15,SOLBRL,176.7,180.5,170.5,174.1,4205.18,734836.96,840
1663113600000,2022-09-14,SOLBRL,171.8,178.4,170.4,177.4,3190.84,555118.84,963
1663027200000,2022-09-13,SOLBRL,191.4,198.9,171.8,171.8,10198.44,1897422.829,1947
1662940800000,2022-09-12,SOLBRL,180.7,197.1,178.1,191.2,10735.97,2050755.531,2088
1662854400000,2022-09-11,SOLBRL,181.4,186.0,176.3,180.6,3391.11,616233.186,853
1662768000000,2022-09-10,SOLBRL,178.9,183.0,177.3,181.3,2566.61,462102.793,766
1662681600000,2022-09-09,SOLBRL,175.6,185.6,175.3,179.2,5748.86,1041630.457,1427
1662595200000,2022-09-08,SOLBRL,172.0,177.2,168.0,175.6,5006.23,868280.952,1058
1662508800000,2022-09-07,SOLBRL,162.3,172.8,160.0,171.5,4173.61,701315.243,952
1662422400000,2022-09-06,SOLBRL,166.6,177.3,160.3,162.4,8607.44,1450593.717,1636
1662336000000,2022-09-05,SOLBRL,167.5,168.7,162.1,166.7,2784.35,460682.765,660
1662249600000,2022-09-04,SOLBRL,161.7,167.0,161.6,167.0,1440.47,237555.605,486
1662163200000,2022-09-03,SOLBRL,161.7,162.6,160.3,161.9,1180.0,190721.264,409
1662076800000,2022-09-02,SOLBRL,165.3,168.2,160.3,162.4,3562.45,586095.526,925
1661990400000,2022-09-01,SOLBRL,162.9,165.9,158.5,165.4,3583.23,580580.872,925
1661904000000,2022-08-31,SOLBRL,162.2,169.6,161.2,162.6,3951.68,654367.128,938
1661817600000,2022-08-30,SOLBRL,163.7,167.6,156.9,162.0,3246.42,525134.551,808
1661731200000,2022-08-29,SOLBRL,155.8,164.8,153.8,164.0,4458.76,711482.901,1019
1661644800000,2022-08-28,SOLBRL,160.6,164.5,154.5,155.8,2587.71,417247.994,707
1661558400000,2022-08-27,SOLBRL,161.7,164.3,157.7,161.1,3397.66,547108.382,884
1661472000000,2022-08-26,SOLBRL,181.4,182.5,160.2,161.7,7672.32,1331294.723,1764
1661385600000,2022-08-25,SOLBRL,179.4,186.5,179.3,181.4,4940.34,906593.814,899
1661299200000,2022-08-24,SOLBRL,183.0,185.8,176.5,179.4,4606.23,838332.051,962
1661212800000,2022-08-23,SOLBRL,183.7,185.2,177.8,182.9,5824.84,1063083.066,946
1661126400000,2022-08-22,SOLBRL,190.0,190.3,176.5,183.7,3904.63,706668.991,1077
1661040000000,2022-08-21,SOLBRL,184.6,193.0,180.3,190.3,4799.2,898933.984,999
1660953600000,2022-08-20,SOLBRL,186.8,193.7,178.7,184.3,5886.15,1099408.851,1596
1660867200000,2022-08-19,SOLBRL,205.5,205.8,185.0,187.0,12725.4,2471427.599,2623
1660780800000,2022-08-18,SOLBRL,210.4,215.3,205.0,205.7,4302.73,909308.351,1111
1660694400000,2022-08-17,SOLBRL,222.0,230.1,208.6,210.1,15157.5,3317282.292,2030
1660608000000,2022-08-16,SOLBRL,224.0,227.3,217.3,222.7,5227.58,1162468.504,1129
1660521600000,2022-08-15,SOLBRL,228.6,240.5,219.5,224.0,7977.75,1818443.765,1528
1660435200000,2022-08-14,SOLBRL,238.3,244.2,227.4,229.3,5352.22,1261564.962,1114
1660348800000,2022-08-13,SOLBRL,231.3,245.4,230.8,237.8,7915.28,1890789.135,1830
1660262400000,2022-08-12,SOLBRL,220.9,231.5,218.3,231.5,6250.83,1401357.124,1266
1660176000000,2022-08-11,SOLBRL,216.5,230.5,216.1,220.8,15734.45,3526106.739,2192
1660089600000,2022-08-10,SOLBRL,207.4,219.0,202.3,217.2,10619.93,2233327.73,1770
1660003200000,2022-08-09,SOLBRL,216.8,219.4,205.1,208.1,7795.11,1640059.998,1219
1659916800000,2022-08-08,SOLBRL,211.1,224.9,210.8,217.0,6698.53,1467559.414,1470
1659830400000,2022-08-07,SOLBRL,208.0,215.3,204.0,210.7,5826.32,1223339.129,892
1659744000000,2022-08-06,SOLBRL,210.5,212.1,206.9,208.0,2934.12,616151.287,818
1659657600000,2022-08-05,SOLBRL,203.9,216.0,203.1,210.5,11787.39,2478123.283,1554
1659571200000,2022-08-04,SOLBRL,204.6,210.1,199.3,203.5,8683.61,1783405.009,1581
1659484800000,2022-08-03,SOLBRL,210.4,216.3,198.5,204.8,23440.28,4874356.155,3405
1659398400000,2022-08-02,SOLBRL,216.5,223.0,207.5,210.3,6844.5,1470468.818,1369
1659312000000,2022-08-01,SOLBRL,220.9,225.6,211.1,216.8,10126.69,2209582.761,1787
1659225600000,2022-07-31,SOLBRL,228.5,235.1,220.4,221.4,6179.89,1405881.859,1218
1659139200000,2022-07-30,SOLBRL,218.4,242.5,216.2,228.3,9707.85,2233639.915,1809
1659052800000,2022-07-29,SOLBRL,223.4,230.5,212.8,218.2,8413.57,1857368.518,1641
1658966400000,2022-07-28,SOLBRL,212.2,229.5,205.6,223.5,9106.82,1973486.022,1902
1658880000000,2022-07-27,SOLBRL,195.5,213.2,192.2,212.0,7752.57,1573702.223,1682
1658793600000,2022-07-26,SOLBRL,197.6,198.7,187.0,195.2,6352.16,1223393.515,1570
1658707200000,2022-07-25,SOLBRL,225.3,226.2,197.8,198.0,7413.15,1554609.069,1763
1658620800000,2022-07-24,SOLBRL,221.4,231.6,218.0,225.7,3933.08,886071.726,1131
1658534400000,2022-07-23,SOLBRL,224.0,231.0,213.5,220.9,5004.91,1105889.161,1203
1658448000000,2022-07-22,SOLBRL,237.7,243.5,221.6,224.0,7370.81,1707549.431,1621
1658361600000,2022-07-21,SOLBRL,230.5,242.8,218.0,237.6,9025.91,2099190.364,1844
1658275200000,2022-07-20,SOLBRL,243.7,251.3,225.6,230.5,13257.61,3186190.742,2552
1658188800000,2022-07-19,SOLBRL,236.5,255.7,231.7,243.7,25132.54,6163709.435,3556
1658102400000,2022-07-18,SOLBRL,210.0,239.3,210.0,236.6,9926.64,2221951.835,1792
1658016000000,2022-07-17,SOLBRL,214.9,222.3,208.3,209.1,9018.07,1932260.681,1238
1657929600000,2022-07-16,SOLBRL,202.7,218.7,198.0,214.8,12144.2,2558635.137,1346
1657843200000,2022-07-15,SOLBRL,201.9,211.4,198.5,203.0,10158.97,2081995.132,1497
1657756800000,2022-07-14,SOLBRL,189.5,202.8,182.2,201.9,9973.81,1925758.98,1442
1657670400000,2022-07-13,SOLBRL,178.5,190.0,174.2,189.3,9435.4,1703545.392,1474
1657584000000,2022-07-12,SOLBRL,180.3,187.9,178.2,178.3,6446.63,1177400.644,1182
1657497600000,2022-07-11,SOLBRL,194.5,194.5,179.6,180.5,5454.38,1022099.144,1142
1657411200000,2022-07-10,SOLBRL,201.9,201.9,192.4,194.7,2898.58,569629.225,717
1657324800000,2022-07-09,SOLBRL,202.1,206.0,200.7,201.5,3237.75,658697.443,628
1657238400000,2022-07-08,SOLBRL,206.3,212.7,195.4,202.4,11618.31,2363147.826,1679
1657152000000,2022-07-07,SOLBRL,201.0,210.8,197.9,206.6,8190.48,1683230.395,1509
1657065600000,2022-07-06,SOLBRL,190.8,204.7,188.0,200.9,8279.82,1618806.376,1423
1656979200000,2022-07-05,SOLBRL,194.8,197.3,178.8,191.0,12306.67,2322091.341,1543
1656892800000,2022-07-04,SOLBRL,178.5,197.0,173.7,195.7,8204.93,1520353.688,1072
1656806400000,2022-07-03,SOLBRL,177.9,179.8,172.0,178.3,3918.91,691541.103,547
1656720000000,2022-07-02,SOLBRL,174.6,180.9,170.4,177.7,3296.15,578501.456,513
1656633600000,2022-07-01,SOLBRL,177.8,186.5,167.9,175.7,12979.52,2299202.626,1565
1656547200000,2022-06-30,SOLBRL,176.3,178.5,163.3,178.0,11964.5,2023087.167,1523
1656460800000,2022-06-29,SOLBRL,186.5,190.8,174.5,177.3,9222.23,1675085.099,1365
1656374400000,2022-06-28,SOLBRL,201.3,208.6,185.6,186.5,15614.5,3105163.967,1720
1656288000000,2022-06-27,SOLBRL,207.3,216.0,199.4,201.5,9160.97,1890482.041,1158
1656201600000,2022-06-26,SOLBRL,220.7,222.0,206.3,207.7,6818.07,1460078.767,1100
1656115200000,2022-06-25,SOLBRL,219.6,223.1,208.9,220.8,9880.15,2126316.241,1339
1656028800000,2022-06-24,SOLBRL,200.4,224.6,198.0,219.9,13734.08,2903799.804,2035
1655942400000,2022-06-23,SOLBRL,178.3,202.6,178.3,200.2,14054.63,2699144.041,2004
1655856000000,2022-06-22,SOLBRL,187.8,190.4,173.8,177.9,12954.15,2351762.907,1758
1655769600000,2022-06-21,SOLBRL,182.0,201.0,177.6,187.5,23787.57,4585753.727,2816
1655683200000,2022-06-20,SOLBRL,176.9,189.3,164.0,182.5,31651.62,5684184.329,3104
1655596800000,2022-06-19,SOLBRL,166.2,182.8,148.9,176.9,31629.91,5175338.966,3032
1655510400000,2022-06-18,SOLBRL,158.7,166.0,141.3,165.8,20388.04,3158947.142,2791
1655424000000,2022-06-17,SOLBRL,154.3,164.7,150.5,158.8,10748.08,1719996.255,1799
1655337600000,2022-06-16,SOLBRL,177.0,182.8,152.1,154.3,24347.67,4042929.542,3383
1655251200000,2022-06-15,SOLBRL,152.9,176.8,138.8,176.8,40587.04,6357665.692,5566
1655164800000,2022-06-14,SOLBRL,147.3,165.9,133.9,152.7,39880.96,6029891.809,5122
1655078400000,2022-06-13,SOLBRL,154.6,156.6,132.0,147.8,41005.5,5853850.63,6340
1654992000000,2022-06-12,SOLBRL,170.0,173.7,154.6,154.6,13038.45,2139714.301,2337
1654905600000,2022-06-11,SOLBRL,185.8,189.6,167.0,169.9,9632.98,1687802.544,2034
1654819200000,2022-06-10,SOLBRL,196.4,201.5,184.9,186.2,9304.55,1774158.692,2607
1654732800000,2022-06-09,SOLBRL,191.1,206.0,189.3,196.9,10052.71,1996923.081,2425
1654646400000,2022-06-08,SOLBRL,192.3,199.0,186.1,190.9,9690.83,1857862.531,2284
1654560000000,2022-06-07,SOLBRL,204.0,205.3,180.0,191.7,19659.76,3775295.362,3406
1654473600000,2022-06-06,SOLBRL,184.6,214.3,184.5,204.5,15809.28,3236814.197,2671
1654387200000,2022-06-05,SOLBRL,188.2,193.3,182.2,185.1,7695.06,1451941.651,1396
1654300800000,2022-06-04,SOLBRL,184.2,189.9,172.2,187.2,11484.52,2061694.603,1945
1654214400000,2022-06-03,SOLBRL,196.8,199.8,181.2,184.1,15080.74,2806700.191,2360
1654128000000,2022-06-02,SOLBRL,194.1,200.2,184.9,196.6,15451.62,2990887.073,2755
1654041600000,2022-06-01,SOLBRL,218.3,219.7,191.7,194.5,15052.88,3056121.933,2516
1653955200000,2022-05-31,SOLBRL,226.1,230.1,211.2,217.7,10550.22,2323898.138,2244
1653868800000,2022-05-30,SOLBRL,214.5,231.3,211.2,226.0,10389.85,2298568.871,2037
1653782400000,2022-05-29,SOLBRL,211.3,217.0,199.5,214.3,5982.86,1253558.955,1458
1653696000000,2022-05-28,SOLBRL,196.3,215.0,192.1,211.4,5118.94,1032770.254,1525
1653609600000,2022-05-27,SOLBRL,209.2,211.4,192.0,195.4,10115.41,2023945.986,2700
1653523200000,2022-05-26,SOLBRL,232.8,235.9,203.0,208.7,9456.9,2043021.65,2521
1653436800000,2022-05-25,SOLBRL,240.4,244.4,230.5,232.4,4160.09,981048.379,1073
1653350400000,2022-05-24,SOLBRL,238.5,246.5,222.3,240.6,4951.94,1177813.799,1356
1653264000000,2022-05-23,SOLBRL,257.6,267.7,236.2,237.8,7808.97,1981465.549,2159
1653177600000,2022-05-22,SOLBRL,247.4,261.2,244.9,257.7,5974.82,1517686.736,1509
1653091200000,2022-05-21,SOLBRL,243.3,251.5,238.2,247.7,3813.37,936470.194,1170
1653004800000,2022-05-20,SOLBRL,258.3,265.4,234.1,242.7,9222.31,2285095.305,2302
1652918400000,2022-05-19,SOLBRL,250.1,265.8,241.9,258.5,8735.48,2229166.38,2430
1652832000000,2022-05-18,SOLBRL,283.1,287.0,247.5,249.7,7730.81,2022295.596,2289
1652745600000,2022-05-17,SOLBRL,274.8,293.0,264.9,283.9,11416.96,3194924.745,2583
1652659200000,2022-05-16,SOLBRL,299.2,299.2,264.8,272.7,11365.88,3172175.781,2868
1652572800000,2022-05-15,SOLBRL,267.6,302.8,254.0,300.0,12337.83,3437338.804,2788
1652486400000,2022-05-14,SOLBRL,250.0,274.9,235.3,267.6,13381.12,3382416.496,3641
1652400000000,2022-05-13,SOLBRL,231.1,290.1,227.1,249.2,36281.87,9587896.955,9048
1652313600000,2022-05-12,SOLBRL,263.9,280.5,186.0,230.9,72752.51,17069834.685,18986
1652227200000,2022-05-11,SOLBRL,346.3,353.2,224.9,264.0,51751.16,14844676.047,13846
1652140800000,2022-05-10,SOLBRL,324.3,382.3,315.0,347.0,19732.51,6906222.51,5807
1652054400000,2022-05-09,SOLBRL,386.5,394.9,323.0,324.8,14693.81,5210158.476,4486
1651968000000,2022-05-08,SOLBRL,403.7,407.0,378.7,385.2,5227.46,2060456.824,1736
1651881600000,2022-05-07,SOLBRL,417.5,420.6,396.0,404.0,6154.06,2537211.245,1602
1651795200000,2022-05-06,SOLBRL,427.6,429.2,408.2,417.7,7804.25,3249786.176,2045
1651708800000,2022-05-05,SOLBRL,459.2,469.8,412.0,427.3,9910.06,4316122.34,2508
1651622400000,2022-05-04,SOLBRL,428.5,459.0,426.8,458.0,7049.25,3116967.087,1713
1651536000000,2022-05-03,SOLBRL,444.3,449.5,423.7,428.5,3776.84,1653369.466,1394
1651449600000,2022-05-02,SOLBRL,448.8,455.2,432.7,443.3,6106.68,2697266.926,1741
1651363200000,2022-05-01,SOLBRL,425.2,465.9,423.2,448.8,6656.97,2943458.684,1970
1651276800000,2022-04-30,SOLBRL,469.7,474.5,411.7,425.4,7952.03,3563552.683,2425
1651190400000,2022-04-29,SOLBRL,488.4,490.4,461.1,469.5,6478.2,3087662.866,2065
1651104000000,2022-04-28,SOLBRL,490.7,499.5,483.7,488.0,6897.42,3393465.727,2438
1651017600000,2022-04-27,SOLBRL,481.2,505.6,478.1,491.2,6824.92,3364404.594,2066
1650931200000,2022-04-26,SOLBRL,494.9,498.6,477.5,481.3,6646.31,3251310.856,2201
1650844800000,2022-04-25,SOLBRL,480.0,497.1,457.9,494.8,9060.63,4339488.157,3023
1650758400000,2022-04-24,SOLBRL,487.4,493.3,476.3,479.2,4049.42,1968334.584,1433
1650672000000,2022-04-23,SOLBRL,485.0,497.2,474.6,485.8,3692.57,1808594.322,1416
1650585600000,2022-04-22,SOLBRL,474.2,491.7,467.3,485.2,5432.32,2615606.86,2033
1650499200000,2022-04-21,SOLBRL,491.1,511.9,466.1,474.0,4504.04,2224665.344,1914
1650412800000,2022-04-20,SOLBRL,510.0,521.1,484.7,491.1,6588.35,3322903.708,2597
1650326400000,2022-04-19,SOLBRL,479.4,511.0,472.9,511.0,7537.31,3709803.857,2573
1650240000000,2022-04-18,SOLBRL,475.1,482.0,449.3,479.2,5762.55,2694399.996,2288
1650153600000,2022-04-17,SOLBRL,484.2,499.9,472.8,475.6,3145.01,1533163.068,1419
1650067200000,2022-04-16,SOLBRL,481.3,490.4,478.1,484.5,3097.61,1496172.546,1288
1649980800000,2022-04-15,SOLBRL,477.5,488.1,472.3,481.2,3159.09,1518659.111,1729
1649894400000,2022-04-14,SOLBRL,495.2,508.0,467.1,477.5,5894.51,2869162.745,2220
1649808000000,2022-04-13,SOLBRL,487.6,500.6,470.5,495.8,5415.01,2651706.657,2000
1649721600000,2022-04-12,SOLBRL,473.3,510.8,466.8,486.6,7068.86,3479450.684,2700
1649635200000,2022-04-11,SOLBRL,526.0,530.0,465.5,472.3,6634.18,3270900.763,3036
1649548800000,2022-04-10,SOLBRL,537.0,550.4,520.8,526.8,5055.83,2701538.779,1960
1649462400000,2022-04-09,SOLBRL,522.0,538.5,514.0,536.8,4360.82,2290286.164,1808
1649376000000,2022-04-08,SOLBRL,567.0,586.6,512.4,520.9,6900.63,3826243.933,2824
1649289600000,2022-04-07,SOLBRL,537.0,573.8,527.6,568.0,6562.44,3611882.1,2872
1649203200000,2022-04-06,SOLBRL,594.7,597.1,533.8,538.2,10098.11,5715129.66,4865
1649116800000,2022-04-05,SOLBRL,613.2,633.2,590.4,594.6,5367.33,3301285.578,2611
1649030400000,2022-04-04,SOLBRL,642.9,649.8,586.8,612.8,8155.04,5018482.299,2940
1648944000000,2022-04-03,SOLBRL,622.9,663.3,615.0,643.2,6945.25,4466184.158,2816
1648857600000,2022-04-02,SOLBRL,632.2,674.7,619.3,622.9,9951.97,6429379.642,3885
1648771200000,2022-04-01,SOLBRL,588.2,650.8,561.4,632.9,13803.5,8453725.459,4814
1648684800000,2022-03-31,SOLBRL,580.1,619.5,577.3,587.7,13849.66,8278290.831,5943
1648598400000,2022-03-30,SOLBRL,534.2,601.0,514.6,578.9,12680.04,7158216.737,4149
1648512000000,2022-03-29,SOLBRL,506.6,553.2,505.6,536.0,9153.11,4904776.646,2929
1648425600000,2022-03-28,SOLBRL,509.8,549.5,502.0,506.1,11918.15,6274335.535,3723
1648339200000,2022-03-27,SOLBRL,487.1,511.3,473.3,509.9,4239.11,2095172.05,1448
1648252800000,2022-03-26,SOLBRL,472.0,494.8,467.0,486.8,3985.61,1928663.509,1227
1648166400000,2022-03-25,SOLBRL,494.4,507.7,465.9,471.9,7339.61,3587583.061,2592
1648080000000,2022-03-24,SOLBRL,461.5,502.7,440.0,494.9,9744.5,4724993.625,3015
1647993600000,2022-03-23,SOLBRL,447.1,471.3,442.8,461.8,4926.16,2258854.307,1638
1647907200000,2022-03-22,SOLBRL,440.2,465.0,437.8,447.2,6708.08,3038944.839,2147
1647820800000,2022-03-21,SOLBRL,448.2,460.2,436.4,441.4,5739.7,2565941.546,1648
1647734400000,2022-03-20,SOLBRL,466.8,466.8,443.8,447.5,2647.19,1197431.8,926
1647648000000,2022-03-19,SOLBRL,453.1,477.0,450.0,466.5,3677.94,1713649.765,1397
1647561600000,2022-03-18,SOLBRL,444.1,464.2,427.8,452.9,4653.74,2074593.31,1694
1647475200000,2022-03-17,SOLBRL,446.6,464.1,440.6,444.1,5803.73,2623336.146,1862
1647388800000,2022-03-16,SOLBRL,426.3,447.3,418.0,446.3,5957.75,2566850.935,1952
1647302400000,2022-03-15,SOLBRL,415.5,442.4,404.0,426.2,5553.77,2338109.748,1796
1647216000000,2022-03-14,SOLBRL,401.5,418.5,398.7,415.3,3949.51,1616057.768,1260
1647129600000,2022-03-13,SOLBRL,413.2,423.8,396.9,401.6,3849.18,1583495.558,1199
1647043200000,2022-03-12,SOLBRL,410.2,421.2,410.0,414.0,3042.36,1266428.235,1017
1646956800000,2022-03-11,SOLBRL,417.9,423.4,405.8,410.0,4802.67,1988378.957,1594
1646870400000,2022-03-10,SOLBRL,444.3,446.7,397.8,418.7,5319.94,2228815.048,1910
1646784000000,2022-03-09,SOLBRL,420.2,455.9,418.5,443.5,6579.68,2910949.146,2071
1646697600000,2022-03-08,SOLBRL,420.0,435.2,415.7,420.5,4443.52,1890923.012,1507
1646611200000,2022-03-07,SOLBRL,432.6,440.3,409.4,420.0,5447.53,2313743.062,2191
1646524800000,2022-03-06,SOLBRL,457.7,459.9,430.7,432.6,3468.39,1539929.756,1471
1646438400000,2022-03-05,SOLBRL,450.8,466.6,439.7,458.4,3215.31,1459561.496,1488
1646352000000,2022-03-04,SOLBRL,484.3,485.5,445.9,450.0,6771.42,3150738.662,2904
1646265600000,2022-03-03,SOLBRL,515.9,521.5,476.4,483.7,6048.48,3010624.425,2792
1646179200000,2022-03-02,SOLBRL,507.5,547.7,498.0,516.6,12338.77,6492420.393,3956
1646092800000,2022-03-01,SOLBRL,514.0,526.2,486.4,507.5,8658.7,4388501.767,3657
1646006400000,2022-02-28,SOLBRL,446.0,529.2,438.9,513.6,9040.12,4409263.847,4149
1645920000000,2022-02-27,SOLBRL,469.0,479.0,438.5,445.5,6137.2,2810928.354,2516
1645833600000,2022-02-26,SOLBRL,482.3,493.5,464.9,468.4,4980.07,2373876.229,2468
1645747200000,2022-02-25,SOLBRL,462.1,493.6,448.4,482.1,9733.39,4549665.968,3908
1645660800000,2022-02-24,SOLBRL,426.1,479.1,380.0,460.6,21884.15,9307789.795,7521
1645574400000,2022-02-23,SOLBRL,441.2,476.5,426.4,426.6,7324.29,3308010.641,2606
1645488000000,2022-02-22,SOLBRL,428.3,446.0,418.2,440.8,6054.73,2625173.615,2650
1645401600000,2022-02-21,SOLBRL,471.9,499.0,426.7,427.6,9599.01,4438256.337,3981
1645315200000,2022-02-20,SOLBRL,473.7,487.4,444.6,471.2,6689.19,3130885.647,2615
1645228800000,2022-02-19,SOLBRL,466.2,479.5,460.0,474.5,3214.03,1512540.386,1340
1645142400000,2022-02-18,SOLBRL,488.2,502.7,462.2,466.6,5183.69,2483942.389,2508
1645056000000,2022-02-17,SOLBRL,526.0,530.7,481.5,488.0,5703.8,2873846.63,2582
1644969600000,2022-02-16,SOLBRL,547.0,547.0,510.6,525.6,7840.98,4142608.052,2327
1644883200000,2022-02-15,SOLBRL,506.1,547.8,506.1,547.0,6080.42,3231619.468,2654
1644796800000,2022-02-14,SOLBRL,492.3,513.1,481.1,505.8,4658.13,2325444.619,2041
1644710400000,2022-02-13,SOLBRL,507.9,515.3,484.6,492.5,3247.73,1630515.173,1698
1644624000000,2022-02-12,SOLBRL,511.1,528.4,492.8,508.2,5944.73,3019492.59,2542
1644537600000,2022-02-11,SOLBRL,560.3,567.2,504.2,510.6,6734.42,3654236.921,3309
1644451200000,2022-02-10,SOLBRL,600.0,605.4,558.0,560.0,10782.28,6246070.176,3837
1644364800000,2022-02-09,SOLBRL,603.6,620.9,581.0,600.2,6924.57,4186552.162,2826
1644278400000,2022-02-08,SOLBRL,623.8,637.6,581.7,601.9,8368.22,5062899.734,3794
1644192000000,2022-02-07,SOLBRL,620.0,649.4,604.9,624.2,11062.85,6981105.875,4468
1644105600000,2022-02-06,SOLBRL,612.4,622.9,598.5,619.2,4641.97,2835586.311,2428
1644019200000,2022-02-05,SOLBRL,603.5,635.2,592.1,611.9,7897.07,4829928.942,3811
1643932800000,2022-02-04,SOLBRL,542.3,604.0,534.8,602.4,13930.49,7988185.044,5234
1643846400000,2022-02-03,SOLBRL,540.6,547.7,500.4,543.1,12088.08,6307747.471,4701
1643760000000,2022-02-02,SOLBRL,584.4,596.7,515.7,541.5,13560.96,7668469.848,5030
1643673600000,2022-02-01,SOLBRL,530.1,604.5,529.4,583.9,13248.43,7632135.742,5240
1643587200000,2022-01-31,SOLBRL,508.0,540.7,485.9,531.7,7737.76,3962842.099,2760
1643500800000,2022-01-30,SOLBRL,521.3,529.5,498.0,507.2,3527.04,1810207.986,1636
1643414400000,2022-01-29,SOLBRL,495.0,535.0,490.7,521.7,7071.79,3652094.197,2725
1643328000000,2022-01-28,SOLBRL,488.3,510.0,475.0,495.0,7130.17,3523925.031,3307
1643241600000,2022-01-27,SOLBRL,504.2,514.5,467.8,488.9,8103.98,3985221.89,3953
1643155200000,2022-01-26,SOLBRL,523.1,568.5,491.1,506.0,14989.15,7959209.715,5925
1643068800000,2022-01-25,SOLBRL,508.7,550.0,486.3,522.2,9434.81,4886012.429,4340
1642982400000,2022-01-24,SOLBRL,549.2,549.2,447.7,510.0,23876.71,11619460.762,9397
1642896000000,2022-01-23,SOLBRL,523.4,579.2,515.9,551.6,8091.53,4407763.165,4056
1642809600000,2022-01-22,SOLBRL,619.5,628.6,485.9,521.4,22864.42,12371258.379,10416
1642723200000,2022-01-21,SOLBRL,699.4,705.3,588.4,619.1,15698.92,10262485.377,7872
1642636800000,2022-01-20,SOLBRL,746.0,783.7,691.9,699.5,3099.44,2322452.734,2432
1642550400000,2022-01-19,SOLBRL,793.7,799.5,743.4,745.3,3420.13,2608631.192,2435
1642464000000,2022-01-18,SOLBRL,779.3,800.3,748.8,792.7,2868.28,2210548.923,2070
1642377600000,2022-01-17,SOLBRL,827.0,828.3,764.9,778.4,3327.79,2632914.255,2280
1642291200000,2022-01-16,SOLBRL,824.7,849.5,816.4,826.8,1621.22,1348370.669,1451
1642204800000,2022-01-15,SOLBRL,815.5,833.1,805.1,824.6,1658.42,1363320.634,1445
1642118400000,2022-01-14,SOLBRL,815.4,838.4,792.4,815.0,4648.79,3768222.929,2749
1642032000000,2022-01-13,SOLBRL,845.0,877.7,812.8,814.5,5694.75,4834325.871,3301
1641945600000,2022-01-12,SOLBRL,790.6,855.9,779.4,845.5,6015.97,4963258.74,4240
1641859200000,2022-01-11,SOLBRL,776.0,808.5,763.6,790.2,3626.75,2850052.835,2558
1641772800000,2022-01-10,SOLBRL,801.7,817.9,744.7,776.0,4761.95,3674581.905,3297
1641686400000,2022-01-09,SOLBRL,809.8,829.9,787.3,802.7,2505.26,2029361.205,2218
1641600000000,2022-01-08,SOLBRL,777.2,842.8,759.3,809.8,5696.68,4569968.042,3908
1641513600000,2022-01-07,SOLBRL,864.0,864.0,761.3,775.1,9041.75,7226827.299,6172
1641427200000,2022-01-06,SOLBRL,890.9,893.2,845.0,862.5,4689.01,4066588.473,4339
1641340800000,2022-01-05,SOLBRL,959.8,976.5,842.4,891.5,4918.9,4556275.995,3836
1641254400000,2022-01-04,SOLBRL,969.6,984.9,948.0,959.7,2083.54,2015932.365,2167
1641168000000,2022-01-03,SOLBRL,994.2,996.9,950.0,967.6,2107.39,2054384.346,2286
1641081600000,2022-01-02,SOLBRL,1010.0,1011.3,984.0,994.4,1291.27,1285412.3,1533
1640995200000,2022-01-01,SOLBRL,962.1,1009.2,960.3,1008.7,1135.44,1118591.399,1203
1640908800000,2021-12-31,SOLBRL,972.7,997.8,948.0,958.9,2091.66,2034022.493,2046
1640822400000,2021-12-30,SOLBRL,983.1,1008.8,962.8,972.7,2780.92,2735369.427,2764
1640736000000,2021-12-29,SOLBRL,1008.4,1026.5,973.8,980.0,4438.97,4431911.659,3535
1640649600000,2021-12-28,SOLBRL,1111.9,1111.9,1003.8,1009.8,4539.72,4792615.043,3797
1640563200000,2021-12-27,SOLBRL,1133.1,1163.2,1109.6,1112.4,4212.42,4805723.711,3211
1640476800000,2021-12-26,SOLBRL,1103.9,1146.7,1089.0,1130.3,4000.11,4484860.127,2551
1640390400000,2021-12-25,SOLBRL,1085.7,1113.7,1082.8,1104.0,2039.36,2238002.377,1625
1640304000000,2021-12-24,SOLBRL,1082.3,1128.0,1057.7,1084.7,3582.52,3922183.779,2884
1640217600000,2021-12-23,SOLBRL,1016.9,1100.0,1002.8,1082.4,4807.98,5088543.894,3285
1640131200000,2021-12-22,SOLBRL,1031.7,1074.2,1011.0,1018.2,3488.34,3652717.116,2870
1640044800000,2021-12-21,SOLBRL,996.6,1040.9,973.9,1031.7,4272.89,4363367.507,3127
1639958400000,2021-12-20,SOLBRL,1032.5,1034.6,965.9,995.9,2758.25,2753817.815,2455
1639872000000,2021-12-19,SOLBRL,1042.3,1075.7,1019.8,1030.0,2924.54,3064893.72,2326
1639785600000,2021-12-18,SOLBRL,1001.6,1051.0,972.8,1043.8,3237.6,3309007.72,2591
1639699200000,2021-12-17,SOLBRL,1016.7,1046.3,966.3,1001.3,6259.19,6296537.793,3558
1639612800000,2021-12-16,SOLBRL,1020.1,1086.3,1000.1,1013.9,9762.26,10193859.052,5011
1639526400000,2021-12-15,SOLBRL,922.7,1047.5,903.0,1019.9,12757.34,12609389.054,5986
1639440000000,2021-12-14,SOLBRL,889.5,934.3,856.4,922.7,6079.46,5446090.323,3428
1639353600000,2021-12-13,SOLBRL,977.6,978.6,848.3,889.5,6514.33,5906996.577,4191
1639267200000,2021-12-12,SOLBRL,973.1,1001.3,951.3,978.6,2593.2,2520476.455,1910
1639180800000,2021-12-11,SOLBRL,950.3,984.5,916.8,971.9,4892.31,4687614.952,2767
1639094400000,2021-12-10,SOLBRL,1027.8,1043.6,947.9,950.9,5273.24,5221065.254,3841
1639008000000,2021-12-09,SOLBRL,1091.0,1102.0,1010.0,1027.8,3969.61,4147681.646,3265
1638921600000,2021-12-08,SOLBRL,1074.7,1098.7,1045.0,1091.3,4405.43,4725547.93,3772
1638835200000,2021-12-07,SOLBRL,1113.7,1172.1,1061.0,1075.3,5692.91,6417805.395,3719
1638748800000,2021-12-06,SOLBRL,1131.6,1137.4,1011.7,1115.1,7387.76,7958983.902,4697
1638662400000,2021-12-05,SOLBRL,1156.6,1177.3,1047.4,1125.1,5360.19,5933246.368,3730
1638576000000,2021-12-04,SOLBRL,1215.7,1221.9,986.3,1154.4,17349.03,19467611.781,10233
1638489600000,2021-12-03,SOLBRL,1336.8,1358.8,1185.0,1213.0,8051.0,10276674.259,5464
1638403200000,2021-12-02,SOLBRL,1317.8,1388.4,1262.0,1336.8,11224.78,14751850.676,6366
1638316800000,2021-12-01,SOLBRL,1184.4,1324.8,1181.2,1316.9,10198.34,13018701.9,6094
1638230400000,2021-11-30,SOLBRL,1160.0,1229.9,1131.2,1184.2,4726.09,5664334.986,3827
1638144000000,2021-11-29,SOLBRL,1140.0,1203.1,1130.2,1160.5,3778.68,4416250.545,3049
1638057600000,2021-11-28,SOLBRL,1095.0,1147.1,1036.0,1137.2,3406.93,3707126.058,2414
1637971200000,2021-11-27,SOLBRL,1095.1,1136.0,1085.7,1095.0,2088.67,2327588.972,2054
1637884800000,2021-11-26,SOLBRL,1188.6,1188.6,1050.0,1093.5,7686.85,8531749.758,5696
1637798400000,2021-11-25,SOLBRL,1169.9,1217.9,1148.0,1188.5,5727.9,6832878.09,4078
1637712000000,2021-11-24,SOLBRL,1258.7,1260.9,1130.3,1169.9,5149.45,6108726.501,4189
1637625600000,2021-11-23,SOLBRL,1223.0,1280.0,1195.8,1258.7,4108.45,5109959.357,3436
1637539200000,2021-11-22,SOLBRL,1312.6,1319.3,1199.3,1225.9,5694.61,7112340.826,4997
1637452800000,2021-11-21,SOLBRL,1237.6,1337.9,1198.2,1311.8,5903.0,7543125.247,4268
1637366400000,2021-11-20,SOLBRL,1220.9,1255.0,1171.5,1238.3,4421.79,5380160.095,3937
1637280000000,2021-11-19,SOLBRL,1103.5,1241.9,1070.0,1219.4,9868.92,11658021.582,6346
1637193600000,2021-11-18,SOLBRL,1223.3,1245.4,1048.1,1100.0,8125.15,9189751.285,6160
1637107200000,2021-11-17,SOLBRL,1224.9,1238.6,1169.3,1222.7,4842.93,5824636.566,4471
1637020800000,2021-11-16,SOLBRL,1318.4,1318.4,1201.9,1224.9,6902.62,8656084.703,5971
1636934400000,2021-11-15,SOLBRL,1318.5,1355.8,1300.3,1318.0,5645.49,7500190.754,3595
1636848000000,2021-11-14,SOLBRL,1339.3,1340.0,1278.0,1317.2,2719.11,3556902.845,2345
1636761600000,2021-11-13,SOLBRL,1265.0,1341.9,1245.0,1339.9,5193.4,6701347.624,3842
1636675200000,2021-11-12,SOLBRL,1282.2,1310.2,1212.4,1263.2,6737.0,8469731.042,5129
1636588800000,2021-11-11,SOLBRL,1307.1,1374.3,1280.1,1282.3,8604.6,11395235.326,5268
1636502400000,2021-11-10,SOLBRL,1327.7,1371.9,1225.5,1308.1,10542.74,13899746.89,7542
1636416000000,2021-11-09,SOLBRL,1384.8,1411.4,1308.1,1328.2,8514.94,11544564.03,7605
1636329600000,2021-11-08,SOLBRL,1401.7,1412.4,1343.3,1384.7,9876.88,13571457.539,8305
1636243200000,2021-11-07,SOLBRL,1454.9,1454.9,1382.2,1401.4,7031.65,9958812.867,5548
1636156800000,2021-11-06,SOLBRL,1329.2,1462.4,1320.8,1454.7,12061.46,16908232.959,7696
1636070400000,2021-11-05,SOLBRL,1402.7,1410.0,1291.3,1328.8,13316.41,17789728.301,8374
1635984000000,2021-11-04,SOLBRL,1371.6,1420.0,1320.5,1402.7,16632.84,22753622.006,10537
1635897600000,2021-11-03,SOLBRL,1259.7,1389.1,1231.3,1369.4,19439.17,25520544.122,12563
1635811200000,2021-11-02,SOLBRL,1169.7,1268.0,1153.3,1258.5,10911.92,13160376.161,7189
1635724800000,2021-11-01,SOLBRL,1154.3,1202.0,1130.4,1168.3,11212.83,13099121.664,6304
1635638400000,2021-10-31,SOLBRL,1116.9,1169.1,1061.0,1155.9,7940.88,8939733.269,4658
1635552000000,2021-10-30,SOLBRL,1141.8,1143.2,1073.0,1111.7,5133.96,5692997.261,4100
1635465600000,2021-10-29,SOLBRL,1111.9,1165.2,1109.0,1141.8,10667.79,12145749.375,6849
1635379200000,2021-10-28,SOLBRL,1040.9,1138.7,1022.4,1110.5,14633.97,16125712.621,8473
1635292800000,2021-10-27,SOLBRL,1123.0,1153.4,1008.0,1037.9,19793.79,21282147.18,12204
1635206400000,2021-10-26,SOLBRL,1177.5,1201.0,1110.0,1124.9,15340.59,17808199.266,11056
1635120000000,2021-10-25,SOLBRL,1151.9,1233.0,1127.8,1177.5,19001.35,22520742.955,9857
1635033600000,2021-10-24,SOLBRL,1124.0,1167.0,1058.0,1151.9,12702.99,14124134.759,5773
1634947200000,2021-10-23,SOLBRL,1115.6,1168.4,1091.8,1124.0,11204.87,12652164.056,5352
1634860800000,2021-10-22,SOLBRL,1080.3,1235.0,1066.3,1114.3,34270.61,39667198.46,14713
1634774400000,2021-10-21,SOLBRL,990.0,1087.9,990.0,1080.4,30986.27,32298894.926,13601
1634688000000,2021-10-20,SOLBRL,871.4,990.0,867.8,990.0,21526.36,20078296.907,8445
1634601600000,2021-10-19,SOLBRL,871.0,881.3,854.9,871.1,5740.27,4992135.141,2629
1634515200000,2021-10-18,SOLBRL,882.7,894.7,859.1,871.0,6819.83,5962312.935,2833
1634428800000,2021-10-17,SOLBRL,868.9,924.8,848.5,882.0,8496.19,7576238.846,3454
1634342400000,2021-10-16,SOLBRL,899.6,906.2,864.3,869.5,7457.53,6604121.371,2814
1634256000000,2021-10-15,SOLBRL,835.0,913.0,821.0,898.2,18533.36,16260017.09,6456
1634169600000,2021-10-14,SOLBRL,823.8,862.0,817.3,835.0,8074.77,6796166.156,3723
1634083200000,2021-10-13,SOLBRL,850.0,869.0,805.0,823.3,8464.61,6977208.406,3691
1633996800000,2021-10-12,SOLBRL,808.0,856.4,770.0,851.8,11622.77,9484977.795,4489
1633910400000,2021-10-11,SOLBRL,820.7,848.5,785.0,808.0,9545.27,7757507.119,4336
1633824000000,2021-10-10,SOLBRL,867.3,874.1,810.4,820.7,6580.44,5575683.291,3249
1633737600000,2021-10-09,SOLBRL,882.1,894.0,857.0,868.8,6764.47,5916012.12,3460
1633651200000,2021-10-08,SOLBRL,852.6,933.0,841.2,881.5,18018.15,16221139.54,7378
1633564800000,2021-10-07,SOLBRL,845.0,887.3,825.0,852.6,12948.26,11102536.943,5749
1633478400000,2021-10-06,SOLBRL,903.9,908.1,825.0,845.2,16806.66,14548581.863,7219
1633392000000,2021-10-05,SOLBRL,908.4,923.3,874.9,902.4,18638.36,16830095.696,6948
1633305600000,2021-10-04,SOLBRL,925.6,932.5,882.2,908.4,19694.16,17899261.2,6735
1633219200000,2021-10-03,SOLBRL,908.4,950.4,889.4,925.6,16355.99,15113691.508,6419
1633132800000,2021-10-02,SOLBRL,866.8,937.0,836.6,908.8,25078.1,22508269.862,8017
1633046400000,2021-10-01,SOLBRL,769.3,884.0,750.0,866.2,35483.75,29245429.346,10636
1632960000000,2021-09-30,SOLBRL,739.3,776.7,729.3,769.0,14545.98,10979541.837,4642
1632873600000,2021-09-29,SOLBRL,722.5,762.0,717.5,740.1,14102.65,10463645.713,4570
1632787200000,2021-09-28,SOLBRL,738.5,753.8,702.0,722.6,11662.93,8467706.599,4713
1632700800000,2021-09-27,SOLBRL,730.2,797.6,721.4,738.6,21647.42,16622725.865,6853
1632614400000,2021-09-26,SOLBRL,734.0,757.9,675.4,730.9,13816.74,10009119.724,4696
1632528000000,2021-09-25,SOLBRL,751.3,775.0,720.0,734.1,8177.94,6107624.668,3152
1632441600000,2021-09-24,SOLBRL,800.7,807.6,690.0,749.6,24774.25,18463221.545,8314
1632355200000,2021-09-23,SOLBRL,791.9,813.2,764.5,800.1,22694.87,17928211.452,7479
1632268800000,2021-09-22,SOLBRL,663.9,804.4,650.4,792.3,38779.27,28600076.835,10325
1632182400000,2021-09-21,SOLBRL,713.1,774.7,617.9,660.8,36834.18,26033536.865,10448
1632096000000,2021-09-20,SOLBRL,813.5,814.7,703.2,711.0,41789.35,31608051.069,12370
1632009600000,2021-09-19,SOLBRL,899.0,909.7,801.8,812.0,24329.61,20739783.222,6876
1631923200000,2021-09-18,SOLBRL,786.9,911.8,767.8,899.8,29303.0,24941048.593,10295
1631836800000,2021-09-17,SOLBRL,806.2,812.5,711.0,786.9,31633.25,23884792.595,8819
1631750400000,2021-09-16,SOLBRL,834.1,853.6,781.1,805.4,17937.14,14667968.793,6733
1631664000000,2021-09-15,SOLBRL,836.1,876.5,809.2,832.0,33867.64,28551052.28,10062
1631577600000,2021-09-14,SOLBRL,885.6,898.5,753.0,834.1,36081.85,29717562.067,11995
1631491200000,2021-09-13,SOLBRL,923.8,926.1,800.0,889.0,29362.34,25188385.69,12067
1631404800000,2021-09-12,SOLBRL,951.2,963.8,903.9,924.3,12810.65,12024312.101,5590
1631318400000,2021-09-11,SOLBRL,956.8,1028.7,934.0,951.0,33665.39,33119332.616,12098
1631232000000,2021-09-10,SOLBRL,991.5,1039.4,886.0,955.9,46100.22,43843594.761,18906
1631145600000,2021-09-09,SOLBRL,1017.9,1151.1,966.9,990.0,85634.42,92131912.007,31650
1631059200000,2021-09-08,SOLBRL,919.8,1055.9,760.0,1016.9,80737.05,76459337.311,28097
1630972800000,2021-09-07,SOLBRL,856.8,1020.0,668.0,919.9,122247.92,113285893.6,46774
1630886400000,2021-09-06,SOLBRL,738.6,863.9,717.5,857.0,47787.52,37978845.185,15833
1630800000000,2021-09-05,SOLBRL,725.8,758.3,704.8,738.5,28096.3,20596692.414,7968
1630713600000,2021-09-04,SOLBRL,763.5,784.7,710.1,726.7,47598.14,35798229.866,11954
1630627200000,2021-09-03,SOLBRL,668.1,775.4,668.1,763.5,75059.26,54575089.86,20859
1630540800000,2021-09-02,SOLBRL,575.0,684.2,567.6,668.1,68669.83,43380794.052,15710
1630454400000,2021-09-01,SOLBRL,564.5,621.8,552.6,575.0,50434.8,29715738.308,11589
1630368000000,2021-08-31,SOLBRL,578.2,679.8,537.7,565.6,117440.7,70673725.836,27225
1630281600000,2021-08-30,SOLBRL,492.2,608.5,490.0,578.2,78718.42,43896558.894,15212
1630195200000,2021-08-29,SOLBRL,504.8,512.3,473.1,492.3,29574.53,14505809.579,5175
1630108800000,2021-08-28,SOLBRL,459.8,513.2,447.4,504.2,35242.53,16989955.527,6868
1630022400000,2021-08-27,SOLBRL,398.0,464.2,385.8,459.9,58107.84,25080375.363,11521
1629936000000,2021-08-26,SOLBRL,379.6,410.0,350.0,397.7,39694.08,15492201.009,6971
1629849600000,2021-08-25,SOLBRL,374.4,393.6,351.4,378.9,17945.66,6614133.328,4013
1629763200000,2021-08-24,SOLBRL,411.4,431.4,365.0,375.2,30473.79,12237685.903,7199
1629676800000,2021-08-23,SOLBRL,393.9,416.7,387.5,410.8,24205.37,9646797.944,5773
1629590400000,2021-08-22,SOLBRL,401.3,418.6,387.4,393.9,15064.3,6107763.894,3747
1629504000000,2021-08-21,SOLBRL,424.5,442.1,394.3,400.6,24029.14,9996144.588,6195
1629417600000,2021-08-20,SOLBRL,393.2,431.4,382.2,424.5,37255.51,14961199.63,7791
1629331200000,2021-08-19,SOLBRL,393.9,406.5,374.7,393.0,39059.35,15275762.314,9116
1629244800000,2021-08-18,SOLBRL,342.8,432.1,320.7,394.0,71411.24,27515471.532,13296
1629158400000,2021-08-17,SOLBRL,328.9,398.1,313.3,343.4,106104.2,38327391.486,14081
1629072000000,2021-08-16,SOLBRL,282.5,365.1,276.8,331.1,100963.99,33985718.737,12724
1628985600000,2021-08-15,SOLBRL,233.2,289.6,230.6,282.2,15991.93,4243303.26,3188
1628899200000,2021-08-14,SOLBRL,235.4,235.7,226.0,233.2,4125.59,954349.493,927
1628812800000,2021-08-13,SOLBRL,218.6,237.0,215.6,237.0,6962.89,1602849.486,1510
1628726400000,2021-08-12,SOLBRL,219.8,228.7,207.8,217.8,7074.11,1536256.828,1372
1628640000000,2021-08-11,SOLBRL,213.1,229.8,213.1,220.0,8358.58,1860884.599,2267
1628553600000,2021-08-10,SOLBRL,203.3,219.9,201.6,212.9,6442.86,1363873.866,1462
1628467200000,2021-08-09,SOLBRL,198.2,211.4,191.4,204.0,7066.43,1442466.917,1317
1628380800000,2021-08-08,SOLBRL,207.1,208.0,194.6,198.5,6640.29,1341213.108,1042
1628294400000,2021-08-07,SOLBRL,207.1,212.6,198.0,206.8,6594.53,1355774.979,1277
1628208000000,2021-08-06,SOLBRL,196.2,212.4,187.4,207.2,7042.85,1427065.195,1302
1628121600000,2021-08-05,SOLBRL,186.6,198.2,185.4,195.6,6754.8,1305829.681,970
1628035200000,2021-08-04,SOLBRL,177.6,191.5,175.0,186.8,4298.9,788915.016,861
1627948800000,2021-08-03,SOLBRL,172.6,188.3,169.1,178.2,5962.74,1073418.601,930
1627862400000,2021-08-02,SOLBRL,178.4,187.3,172.6,172.8,5206.19,919819.649,774
1627776000000,2021-08-01,SOLBRL,191.2,191.2,174.7,178.5,6457.95,1188867.703,987
1627689600000,2021-07-31,SOLBRL,168.4,192.6,164.5,191.0,9843.87,1754847.026,1346
1627603200000,2021-07-30,SOLBRL,159.8,169.0,152.7,168.9,8735.15,1422593.262,1447
1627516800000,2021-07-29,SOLBRL,143.6,163.3,141.6,159.6,5119.86,787467.496,1108
1627430400000,2021-07-28,SOLBRL,146.6,148.9,142.4,143.6,6524.13,952414.657,779
1627344000000,2021-07-27,SOLBRL,147.1,151.2,140.7,146.3,5166.2,748562.773,824
1627257600000,2021-07-26,SOLBRL,147.1,161.1,144.4,147.9,12596.56,1942536.948,1802
1627171200000,2021-07-25,SOLBRL,150.3,150.7,138.8,147.0,3986.46,575424.412,561
1627084800000,2021-07-24,SOLBRL,149.5,154.0,146.6,150.0,6720.22,1007362.768,742
1626998400000,2021-07-23,SOLBRL,145.9,150.7,137.9,149.1,5036.98,726476.881,653
1626912000000,2021-07-22,SOLBRL,139.8,147.4,136.0,145.9,4801.43,683081.166,640
1626825600000,2021-07-21,SOLBRL,123.4,144.0,120.0,139.8,10806.08,1444322.391,1027
1626739200000,2021-07-20,SOLBRL,130.0,132.0,117.8,123.4,9944.41,1223621.338,941
1626652800000,2021-07-19,SOLBRL,137.8,137.8,125.8,129.4,5926.6,765522.927,683
1626566400000,2021-07-18,SOLBRL,138.4,143.4,135.8,137.9,1526.24,213874.941,272
1626480000000,2021-07-17,SOLBRL,136.4,143.2,134.6,138.4,4837.89,661684.362,543
1626393600000,2021-07-16,SOLBRL,148.0,151.9,135.7,136.6,5029.62,719713.345,633
1626307200000,2021-07-15,SOLBRL,160.9,161.0,144.2,147.2,6253.35,946482.057,775
1626220800000,2021-07-14,SOLBRL,152.0,160.9,143.3,160.6,6631.52,1014633.264,843
1626134400000,2021-07-13,SOLBRL,160.6,162.6,150.8,152.0,3412.98,529728.543,627
1626048000000,2021-07-12,SOLBRL,169.5,172.5,157.4,161.1,5109.53,828189.626,801
1625961600000,2021-07-11,SOLBRL,168.8,172.0,166.7,170.1,1916.55,325494.647,491
1625875200000,2021-07-10,SOLBRL,176.0,181.0,165.2,168.8,4757.68,829552.692,753
1625788800000,2021-07-09,SOLBRL,176.4,183.0,170.3,176.2,4506.77,799356.002,795
1625702400000,2021-07-08,SOLBRL,193.0,194.8,174.2,176.8,7045.72,1304900.503,1304
1625616000000,2021-07-07,SOLBRL,178.5,200.4,176.5,193.6,7804.52,1484813.26,1480
1625529600000,2021-07-06,SOLBRL,170.6,179.6,168.2,178.6,5182.87,905063.17,851
1625443200000,2021-07-05,SOLBRL,173.8,175.0,166.2,169.9,5064.05,865771.265,747
1625356800000,2021-07-04,SOLBRL,174.9,179.3,170.5,173.8,4374.95,770418.08,719
1625270400000,2021-07-03,SOLBRL,172.7,179.0,169.0,174.9,4815.26,843190.58,666
1625184000000,2021-07-02,SOLBRL,169.2,173.3,159.9,172.7,8728.81,1451134.319,942
1625097600000,2021-07-01,SOLBRL,176.8,178.2,162.6,169.6,7719.67,1313502.4,954
1625011200000,2021-06-30,SOLBRL,168.9,180.5,158.5,178.1,11041.08,1846673.655,1146
1624924800000,2021-06-29,SOLBRL,164.1,178.2,162.9,168.8,6044.43,1036084.732,981
1624838400000,2021-06-28,SOLBRL,157.5,170.6,151.5,163.6,7081.61,1147853.397,872
1624752000000,2021-06-27,SOLBRL,148.7,158.8,145.6,157.5,3067.83,466431.377,557
1624665600000,2021-06-26,SOLBRL,143.9,151.0,131.5,147.6,3223.91,463932.233,530
1624579200000,2021-06-25,SOLBRL,155.5,163.0,140.0,143.9,6786.82,1019897.967,822
1624492800000,2021-06-24,SOLBRL,155.8,166.8,132.1,154.9,8263.9,1270245.707,834
1624406400000,2021-06-23,SOLBRL,136.9,165.9,125.1,153.7,9488.61,1437468.406,1255
1624320000000,2021-06-22,SOLBRL,135.0,170.0,102.1,135.3,8949.56,1141867.164,1432
1624233600000,2021-06-21,SOLBRL,182.6,183.0,132.0,135.7,4384.63,682977.073,967
1624147200000,2021-06-20,SOLBRL,181.3,185.8,163.0,182.1,1585.09,279379.169,518
1624060800000,2021-06-19,SOLBRL,190.0,207.0,175.5,181.3,2523.28,468763.51,506
1623974400000,2021-06-18,SOLBRL,198.9,221.0,151.2,189.0,2927.62,550172.677,720
