Unix,Date,Symbol,Open,High,Low,Close,Volume DOGE,Volume BRL,tradecount
1696032000000,2023-09-30,DOGEBRL,0.313,0.3161,0.3114,0.3127,779167.0,244581.4869,473
1695945600000,2023-09-29,DOGEBRL,0.3103,0.3144,0.3087,0.3132,1010273.0,314531.0874,636
1695859200000,2023-09-28,DOGEBRL,0.3054,0.3122,0.3046,0.3104,917991.0,283261.3801,592
1695772800000,2023-09-27,DOGEBRL,0.3025,0.3078,0.3025,0.3055,999137.0,304712.8123,579
1695686400000,2023-09-26,DOGEBRL,0.3036,0.3043,0.2972,0.3028,2108646.0,637119.0276,626
1695600000000,2023-09-25,DOGEBRL,0.3014,0.3049,0.2992,0.304,428049.0,129705.5221,405
1695513600000,2023-09-24,DOGEBRL,0.3051,0.306,0.2995,0.3018,455416.0,138239.6994,338
1695427200000,2023-09-23,DOGEBRL,0.3056,0.3075,0.3047,0.3051,327164.0,100055.8696,267
1695340800000,2023-09-22,DOGEBRL,0.3046,0.3062,0.3009,0.3053,324582.0,98876.015,357
1695254400000,2023-09-21,DOGEBRL,0.307,0.3114,0.3011,0.3046,339431.0,103771.2132,357
1695168000000,2023-09-20,DOGEBRL,0.3071,0.3084,0.3011,0.307,367431.0,112034.8075,396
1695081600000,2023-09-19,DOGEBRL,0.3028,0.3091,0.3028,0.3069,322135.0,98541.2269,327
1694995200000,2023-09-18,DOGEBRL,0.3014,0.3069,0.2996,0.3031,480661.0,145337.0208,348
1694908800000,2023-09-17,DOGEBRL,0.3049,0.3068,0.2996,0.3013,175705.0,53405.1337,265
1694822400000,2023-09-16,DOGEBRL,0.3057,0.308,0.3034,0.305,467914.0,142814.9393,364
1694736000000,2023-09-15,DOGEBRL,0.3049,0.3075,0.3005,0.3057,461046.0,140095.0857,403
1694649600000,2023-09-14,DOGEBRL,0.3032,0.3063,0.3016,0.3047,590792.0,179262.0458,491
1694563200000,2023-09-13,DOGEBRL,0.3027,0.3055,0.3006,0.303,537799.0,162631.1771,437
1694476800000,2023-09-12,DOGEBRL,0.2995,0.3088,0.2989,0.3027,776424.0,235830.7252,536
1694390400000,2023-09-11,DOGEBRL,0.3073,0.3104,0.2949,0.2993,910443.0,273571.2587,615
1694304000000,2023-09-10,DOGEBRL,0.3182,0.3182,0.2994,0.3074,447335.0,138419.1308,416
1694217600000,2023-09-09,DOGEBRL,0.3195,0.3197,0.3166,0.318,251020.0,79946.6059,279
1694131200000,2023-09-08,DOGEBRL,0.3177,0.32,0.313,0.3189,448663.0,141828.6984,370
1694044800000,2023-09-07,DOGEBRL,0.318,0.3194,0.3147,0.3183,306888.0,97268.897,324
1693958400000,2023-09-06,DOGEBRL,0.3194,0.3216,0.3135,0.3174,432230.0,137255.1568,358
1693872000000,2023-09-05,DOGEBRL,0.3137,0.321,0.3116,0.3194,768623.0,243171.5915,373
1693785600000,2023-09-04,DOGEBRL,0.3155,0.3179,0.3089,0.314,539218.0,168308.9891,318
1693699200000,2023-09-03,DOGEBRL,0.316,0.3175,0.3134,0.3153,445271.0,140620.4459,234
1693612800000,2023-09-02,DOGEBRL,0.317,0.3234,0.3125,0.3163,834722.0,264953.9609,487
1693526400000,2023-09-01,DOGEBRL,0.3191,0.3193,0.3096,0.3171,874949.0,275766.4967,541
1693440000000,2023-08-31,DOGEBRL,0.3227,0.3284,0.3131,0.3177,1128192.0,362970.6572,641
1693353600000,2023-08-30,DOGEBRL,0.3245,0.3248,0.3165,0.3233,787989.0,252278.2,417
1693267200000,2023-08-29,DOGEBRL,0.3113,0.3348,0.3061,0.3243,2149236.0,696129.8105,956
1693180800000,2023-08-28,DOGEBRL,0.3103,0.313,0.3041,0.3111,688898.0,212895.7794,569
1693094400000,2023-08-27,DOGEBRL,0.3093,0.313,0.3084,0.3103,277310.0,86094.3914,299
1693008000000,2023-08-26,DOGEBRL,0.3093,0.3103,0.3076,0.3091,344570.0,106377.7133,360
1692921600000,2023-08-25,DOGEBRL,0.3093,0.3095,0.3035,0.3092,390162.0,119472.1335,457
1692835200000,2023-08-24,DOGEBRL,0.3124,0.3134,0.3051,0.3093,602168.0,186042.4642,608
1692748800000,2023-08-23,DOGEBRL,0.3109,0.3219,0.31,0.3123,583968.0,183174.0567,600
1692662400000,2023-08-22,DOGEBRL,0.3131,0.3161,0.2999,0.3106,578781.0,179574.2215,590
1692576000000,2023-08-21,DOGEBRL,0.3212,0.322,0.306,0.3129,511676.0,160351.6874,536
1692489600000,2023-08-20,DOGEBRL,0.321,0.3249,0.319,0.3212,358946.0,115449.5388,439
1692403200000,2023-08-19,DOGEBRL,0.3175,0.3241,0.3171,0.3208,338097.0,107952.975,561
1692316800000,2023-08-18,DOGEBRL,0.3084,0.32,0.3003,0.3171,639734.0,199741.8322,852
1692230400000,2023-08-17,DOGEBRL,0.3366,0.3432,0.2827,0.3077,1381085.0,437218.0481,1167
1692144000000,2023-08-16,DOGEBRL,0.3549,0.3565,0.3323,0.3369,1365072.0,469777.7507,1048
1692057600000,2023-08-15,DOGEBRL,0.3709,0.3722,0.3432,0.355,1244498.0,450537.8882,983
1691971200000,2023-08-14,DOGEBRL,0.3693,0.3827,0.3662,0.3708,1264938.0,470823.2109,815
1691884800000,2023-08-13,DOGEBRL,0.3784,0.3791,0.3672,0.3698,692607.0,258708.8008,894
1691798400000,2023-08-12,DOGEBRL,0.3724,0.3811,0.3724,0.3783,692939.0,261472.516,851
1691712000000,2023-08-11,DOGEBRL,0.3721,0.3736,0.3683,0.3727,451314.0,167491.8658,626
1691625600000,2023-08-10,DOGEBRL,0.3716,0.3754,0.368,0.3721,866155.0,321780.677,821
1691539200000,2023-08-09,DOGEBRL,0.3683,0.374,0.3662,0.3714,889649.0,329190.8982,794
1691452800000,2023-08-08,DOGEBRL,0.3612,0.3718,0.3591,0.3686,626165.0,229306.7043,686
1691366400000,2023-08-07,DOGEBRL,0.3644,0.3708,0.3543,0.3612,694847.0,252754.824,661
1691280000000,2023-08-06,DOGEBRL,0.3716,0.3752,0.3634,0.3638,697567.0,257725.6306,634
1691193600000,2023-08-05,DOGEBRL,0.361,0.3789,0.3579,0.3712,622162.0,231107.6744,788
1691107200000,2023-08-04,DOGEBRL,0.3622,0.3678,0.3551,0.361,446906.0,162134.843,552
1691020800000,2023-08-03,DOGEBRL,0.3591,0.3681,0.3512,0.3618,730317.0,263201.3566,610
1690934400000,2023-08-02,DOGEBRL,0.3753,0.3766,0.3575,0.3592,918037.0,334171.8122,768
1690848000000,2023-08-01,DOGEBRL,0.3702,0.3761,0.359,0.3755,764452.0,282145.2456,738
1690761600000,2023-07-31,DOGEBRL,0.3734,0.3802,0.3661,0.3707,596599.0,223171.1674,681
1690675200000,2023-07-30,DOGEBRL,0.3836,0.3848,0.3655,0.3732,616297.0,233374.9924,737
1690588800000,2023-07-29,DOGEBRL,0.3686,0.3934,0.3675,0.3825,841891.0,319702.4165,827
1690502400000,2023-07-28,DOGEBRL,0.3705,0.3718,0.3626,0.3691,626869.0,230075.1603,710
1690416000000,2023-07-27,DOGEBRL,0.3716,0.3808,0.3664,0.3702,512892.0,191665.1523,717
1690329600000,2023-07-26,DOGEBRL,0.3911,0.3932,0.3654,0.3719,1173335.0,443427.0947,1057
1690243200000,2023-07-25,DOGEBRL,0.3538,0.3994,0.3515,0.3922,2811264.0,1070677.7779,1916
1690156800000,2023-07-24,DOGEBRL,0.3465,0.3745,0.3392,0.3544,2410524.0,867637.8505,1340
1690070400000,2023-07-23,DOGEBRL,0.3395,0.3512,0.3383,0.3466,304093.0,105523.8564,368
1689984000000,2023-07-22,DOGEBRL,0.3514,0.3527,0.3363,0.3401,458180.0,158986.5894,416
1689897600000,2023-07-21,DOGEBRL,0.3407,0.3691,0.3393,0.3523,1289262.0,455072.8275,848
1689811200000,2023-07-20,DOGEBRL,0.338,0.355,0.335,0.3404,1085027.0,373575.5027,689
1689724800000,2023-07-19,DOGEBRL,0.3306,0.3483,0.3301,0.3389,1458746.0,492025.6858,690
1689638400000,2023-07-18,DOGEBRL,0.3381,0.3398,0.3248,0.3312,1419717.0,469151.0452,594
1689552000000,2023-07-17,DOGEBRL,0.3358,0.3524,0.3267,0.3381,1632270.0,550345.7417,609
1689465600000,2023-07-16,DOGEBRL,0.3484,0.3492,0.3333,0.3364,693432.0,237700.8699,406
1689379200000,2023-07-15,DOGEBRL,0.3309,0.3632,0.3273,0.3482,1418401.0,494697.7933,751
1689292800000,2023-07-14,DOGEBRL,0.3389,0.352,0.3202,0.3313,2004412.0,677037.5744,893
1689206400000,2023-07-13,DOGEBRL,0.316,0.3458,0.3138,0.3379,2126945.0,705263.1816,949
1689120000000,2023-07-12,DOGEBRL,0.319,0.3195,0.3098,0.3158,1080117.0,340752.6322,466
1689033600000,2023-07-11,DOGEBRL,0.3187,0.3201,0.3151,0.319,613674.0,195120.8809,418
1688947200000,2023-07-10,DOGEBRL,0.3218,0.323,0.3121,0.3189,1231471.0,391504.0286,558
1688860800000,2023-07-09,DOGEBRL,0.3236,0.3263,0.3211,0.3218,365130.0,118272.6592,301
1688774400000,2023-07-08,DOGEBRL,0.3205,0.3247,0.318,0.3233,400960.0,128933.6155,325
1688688000000,2023-07-07,DOGEBRL,0.3173,0.3246,0.3173,0.3209,1039020.0,333589.9908,432
1688601600000,2023-07-06,DOGEBRL,0.3256,0.3316,0.318,0.3201,1083617.0,352093.5027,469
1688515200000,2023-07-05,DOGEBRL,0.3352,0.3366,0.3212,0.3254,615698.0,201978.2168,524
1688428800000,2023-07-04,DOGEBRL,0.3283,0.3476,0.3263,0.3352,1216406.0,408675.094,702
1688342400000,2023-07-03,DOGEBRL,0.3279,0.3318,0.3235,0.3289,731763.0,240295.1006,548
1688256000000,2023-07-02,DOGEBRL,0.3305,0.334,0.3176,0.3278,464658.0,151570.8627,364
1688169600000,2023-07-01,DOGEBRL,0.3206,0.3439,0.3205,0.3304,1669718.0,558580.891,767
1688083200000,2023-06-30,DOGEBRL,0.3093,0.325,0.298,0.3203,1506669.0,472970.8256,706
1687996800000,2023-06-29,DOGEBRL,0.3059,0.3125,0.3049,0.3092,501473.0,154936.6149,356
1687910400000,2023-06-28,DOGEBRL,0.3167,0.3167,0.2953,0.3057,838170.0,259047.896,458
1687824000000,2023-06-27,DOGEBRL,0.3103,0.3176,0.3097,0.3166,532241.0,166939.0831,426
1687737600000,2023-06-26,DOGEBRL,0.3216,0.3217,0.3032,0.3111,802116.0,252651.7149,580
1687651200000,2023-06-25,DOGEBRL,0.3206,0.3264,0.3192,0.3217,820779.0,264722.6457,389
1687564800000,2023-06-24,DOGEBRL,0.3287,0.3292,0.3145,0.3201,475265.0,153493.468,400
1687478400000,2023-06-23,DOGEBRL,0.314,0.3361,0.3136,0.328,660237.0,213716.1784,490
1687392000000,2023-06-22,DOGEBRL,0.3136,0.33,0.3124,0.3135,612014.0,195447.918,548
1687305600000,2023-06-21,DOGEBRL,0.3034,0.3187,0.3026,0.3137,976422.0,303592.0478,578
1687219200000,2023-06-20,DOGEBRL,0.2997,0.3033,0.2931,0.3033,641001.0,191034.928,364
1687132800000,2023-06-19,DOGEBRL,0.302,0.3021,0.2953,0.2998,555918.0,165910.2878,374
1687046400000,2023-06-18,DOGEBRL,0.3028,0.3114,0.2981,0.3023,811263.0,247003.2859,543
1686960000000,2023-06-17,DOGEBRL,0.3019,0.3045,0.2996,0.3031,191431.0,57981.8241,266
1686873600000,2023-06-16,DOGEBRL,0.2972,0.304,0.295,0.3019,457107.0,136888.0512,407
1686787200000,2023-06-15,DOGEBRL,0.2932,0.2995,0.2892,0.2978,963070.0,284160.6497,479
1686700800000,2023-06-14,DOGEBRL,0.3019,0.3041,0.2804,0.2939,1375515.0,405974.7398,564
1686614400000,2023-06-13,DOGEBRL,0.3005,0.3062,0.2957,0.3022,692467.0,208110.3417,378
1686528000000,2023-06-12,DOGEBRL,0.3045,0.3052,0.2966,0.3005,483841.0,145505.265,366
1686441600000,2023-06-11,DOGEBRL,0.3052,0.3103,0.3023,0.3046,377736.0,115338.3938,324
1686355200000,2023-06-10,DOGEBRL,0.3421,0.3563,0.25,0.306,3370489.0,1024252.8771,1562
1686268800000,2023-06-09,DOGEBRL,0.3378,0.3513,0.3352,0.342,516829.0,176119.495,471
1686182400000,2023-06-08,DOGEBRL,0.334,0.34,0.3329,0.3375,501062.0,169158.2944,453
1686096000000,2023-06-07,DOGEBRL,0.3466,0.3467,0.3304,0.334,614122.0,207710.3117,654
1686009600000,2023-06-06,DOGEBRL,0.3312,0.3548,0.3275,0.3473,2043729.0,698306.7599,1124
1685923200000,2023-06-05,DOGEBRL,0.3636,0.3643,0.3157,0.3313,1678582.0,562918.7937,1116
1685836800000,2023-06-04,DOGEBRL,0.3642,0.3675,0.3626,0.3636,214709.0,78394.9752,233
1685750400000,2023-06-03,DOGEBRL,0.3621,0.3653,0.3607,0.3636,310112.0,112586.4658,352
1685664000000,2023-06-02,DOGEBRL,0.3606,0.3659,0.3572,0.3621,977018.0,352783.4889,718
1685577600000,2023-06-01,DOGEBRL,0.3641,0.3665,0.3596,0.3606,999635.0,363215.6019,440
1685491200000,2023-05-31,DOGEBRL,0.3663,0.3674,0.3605,0.3643,798017.0,290379.9204,508
1685404800000,2023-05-30,DOGEBRL,0.3695,0.3714,0.3641,0.3667,893892.0,328830.6719,498
1685318400000,2023-05-29,DOGEBRL,0.3699,0.3716,0.3654,0.3695,620308.0,228536.7533,395
1685232000000,2023-05-28,DOGEBRL,0.3649,0.3712,0.3614,0.3696,989291.0,361862.3444,694
1685145600000,2023-05-27,DOGEBRL,0.3569,0.3695,0.356,0.3656,913429.0,329265.0813,743
1685059200000,2023-05-26,DOGEBRL,0.3562,0.3588,0.3539,0.357,1088527.0,388164.3389,635
1684972800000,2023-05-25,DOGEBRL,0.3526,0.3587,0.343,0.3569,928042.0,328203.0487,838
1684886400000,2023-05-24,DOGEBRL,0.3641,0.3642,0.3475,0.3527,1401719.0,497421.1208,1156
1684800000000,2023-05-23,DOGEBRL,0.3647,0.3689,0.3617,0.3641,741354.0,270376.2562,643
1684713600000,2023-05-22,DOGEBRL,0.3621,0.371,0.3556,0.3647,1374994.0,497955.5102,842
1684627200000,2023-05-21,DOGEBRL,0.3686,0.3695,0.3615,0.3623,961812.0,351598.0871,585
1684540800000,2023-05-20,DOGEBRL,0.3684,0.3708,0.3668,0.3683,646087.0,238167.1627,554
1684454400000,2023-05-19,DOGEBRL,0.3675,0.3713,0.3645,0.3683,1098105.0,404250.4211,732
1684368000000,2023-05-18,DOGEBRL,0.3717,0.3743,0.3582,0.3679,993933.0,362971.1812,699
1684281600000,2023-05-17,DOGEBRL,0.3626,0.3752,0.3609,0.3717,899079.0,330162.8597,571
1684195200000,2023-05-16,DOGEBRL,0.3555,0.365,0.3504,0.3624,542397.0,193040.0742,595
1684108800000,2023-05-15,DOGEBRL,0.3585,0.366,0.3534,0.3549,455012.0,163459.3688,495
1684022400000,2023-05-14,DOGEBRL,0.3559,0.3609,0.3534,0.358,165753.0,59290.9281,235
1683936000000,2023-05-13,DOGEBRL,0.3599,0.3599,0.3554,0.3554,661772.0,236775.1835,420
1683849600000,2023-05-12,DOGEBRL,0.358,0.3617,0.3463,0.3606,1110886.0,394405.5771,723
1683763200000,2023-05-11,DOGEBRL,0.3643,0.3647,0.3449,0.3584,957347.0,341788.4385,1002
1683676800000,2023-05-10,DOGEBRL,0.3668,0.372,0.3527,0.3642,908911.0,332861.8081,813
1683590400000,2023-05-09,DOGEBRL,0.3646,0.3687,0.3629,0.3665,377669.0,138127.0381,351
1683504000000,2023-05-08,DOGEBRL,0.383,0.3867,0.353,0.3653,752586.0,277155.7612,777
1683417600000,2023-05-07,DOGEBRL,0.3849,0.3885,0.3828,0.3844,167459.0,64600.2351,372
1683331200000,2023-05-06,DOGEBRL,0.3997,0.3997,0.381,0.3847,386181.0,149953.4521,612
1683244800000,2023-05-05,DOGEBRL,0.3924,0.4055,0.3882,0.3992,419924.0,166315.0679,509
1683158400000,2023-05-04,DOGEBRL,0.4,0.4003,0.391,0.3924,1203012.0,475344.6435,728
1683072000000,2023-05-03,DOGEBRL,0.3989,0.405,0.3898,0.3999,898945.0,354740.8396,673
1682985600000,2023-05-02,DOGEBRL,0.3978,0.4013,0.3925,0.3992,1447817.0,575430.7342,846
1682899200000,2023-05-01,DOGEBRL,0.3996,0.4026,0.3911,0.3978,874226.0,346850.6594,633
1682812800000,2023-04-30,DOGEBRL,0.4098,0.4103,0.3989,0.4,157243.0,63876.327,295
1682726400000,2023-04-29,DOGEBRL,0.4048,0.412,0.3767,0.41,848102.0,343371.1197,498
1682640000000,2023-04-28,DOGEBRL,0.4014,0.4055,0.3986,0.404,1089472.0,437507.58,551
1682553600000,2023-04-27,DOGEBRL,0.3996,0.4088,0.3995,0.4013,801753.0,323238.7966,577
1682467200000,2023-04-26,DOGEBRL,0.4055,0.4239,0.384,0.3999,2535531.0,1036260.466,1622
1682380800000,2023-04-25,DOGEBRL,0.4,0.4068,0.3961,0.4066,1482012.0,593183.1178,948
1682294400000,2023-04-24,DOGEBRL,0.4027,0.4086,0.3933,0.3998,1196081.0,480739.0224,792
1682208000000,2023-04-23,DOGEBRL,0.4107,0.4136,0.3939,0.4025,1040321.0,421532.1694,591
1682121600000,2023-04-22,DOGEBRL,0.4016,0.4142,0.4001,0.412,1028412.0,419809.4335,665
1682035200000,2023-04-21,DOGEBRL,0.4263,0.4315,0.3925,0.4021,2325243.0,963660.7985,1172
1681948800000,2023-04-20,DOGEBRL,0.4504,0.476,0.42,0.4267,5860499.0,2635582.6131,2417
1681862400000,2023-04-19,DOGEBRL,0.4706,0.4706,0.428,0.4505,5316729.0,2398718.7106,2107
1681776000000,2023-04-18,DOGEBRL,0.455,0.4753,0.4484,0.471,3439722.0,1588331.7464,1563
1681689600000,2023-04-17,DOGEBRL,0.4509,0.474,0.4427,0.4548,5722517.0,2632072.3067,2585
1681603200000,2023-04-16,DOGEBRL,0.4441,0.4569,0.4383,0.4506,2537808.0,1138038.5371,1348
1681516800000,2023-04-15,DOGEBRL,0.4392,0.4479,0.4312,0.4441,1556295.0,685272.1106,967
1681430400000,2023-04-14,DOGEBRL,0.4322,0.4516,0.4257,0.4388,3992273.0,1758538.9206,1859
1681344000000,2023-04-13,DOGEBRL,0.4142,0.4401,0.4112,0.4322,2428666.0,1038429.0363,1461
1681257600000,2023-04-12,DOGEBRL,0.4233,0.4246,0.4069,0.4142,2791461.0,1151937.2401,1340
1681171200000,2023-04-11,DOGEBRL,0.4308,0.4348,0.4212,0.4233,2029987.0,868481.8736,1320
1681084800000,2023-04-10,DOGEBRL,0.423,0.4336,0.4196,0.4306,1713712.0,726299.5966,1053
1680998400000,2023-04-09,DOGEBRL,0.4147,0.4275,0.4133,0.4238,1086538.0,457193.0133,838
1680912000000,2023-04-08,DOGEBRL,0.4193,0.4268,0.41,0.4142,1577336.0,663440.4224,1140
1680825600000,2023-04-07,DOGEBRL,0.4341,0.439,0.4143,0.4195,2847478.0,1205207.5059,1836
1680739200000,2023-04-06,DOGEBRL,0.469,0.4712,0.4288,0.434,4856052.0,2205084.8897,2546
1680652800000,2023-04-05,DOGEBRL,0.4845,0.5044,0.4619,0.4697,3843935.0,1867371.3711,2437
1680566400000,2023-04-04,DOGEBRL,0.4904,0.5268,0.471,0.4857,8623106.0,4281912.1604,4925
1680480000000,2023-04-03,DOGEBRL,0.4051,0.5354,0.391,0.4901,36461333.0,17606017.9357,12616
1680393600000,2023-04-02,DOGEBRL,0.4179,0.4374,0.3979,0.4055,3447180.0,1440331.9197,1662
1680307200000,2023-04-01,DOGEBRL,0.3936,0.4258,0.3887,0.4179,3136688.0,1282528.7237,1492
1680220800000,2023-03-31,DOGEBRL,0.3826,0.398,0.3789,0.3939,1609644.0,621565.3077,838
1680134400000,2023-03-30,DOGEBRL,0.3908,0.3952,0.3779,0.3819,1732338.0,667288.2679,662
1680048000000,2023-03-29,DOGEBRL,0.3846,0.399,0.3826,0.3903,536225.0,210585.9104,366
1679961600000,2023-03-28,DOGEBRL,0.3839,0.3857,0.3752,0.3838,887633.0,337490.6993,409
1679875200000,2023-03-27,DOGEBRL,0.3939,0.4021,0.3776,0.3836,1206651.0,467495.8326,559
1679788800000,2023-03-26,DOGEBRL,0.3923,0.3993,0.389,0.3936,639549.0,252694.2392,289
1679702400000,2023-03-25,DOGEBRL,0.395,0.4018,0.3858,0.3921,548041.0,216321.2272,369
1679616000000,2023-03-24,DOGEBRL,0.4104,0.4113,0.3875,0.3942,677151.0,271356.2372,457
1679529600000,2023-03-23,DOGEBRL,0.392,0.4196,0.3865,0.4104,2879708.0,1166590.1155,1284
1679443200000,2023-03-22,DOGEBRL,0.4054,0.4144,0.3779,0.3915,2996071.0,1193815.4191,1323
1679356800000,2023-03-21,DOGEBRL,0.3777,0.4116,0.3728,0.4054,3471333.0,1365535.3102,1651
1679270400000,2023-03-20,DOGEBRL,0.3952,0.3988,0.3732,0.3776,2134547.0,824980.992,1086
1679184000000,2023-03-19,DOGEBRL,0.3871,0.405,0.3869,0.3931,1182918.0,468122.2261,753
1679097600000,2023-03-18,DOGEBRL,0.4052,0.4179,0.383,0.3852,2432087.0,983702.4842,1280
1679011200000,2023-03-17,DOGEBRL,0.3822,0.41,0.3769,0.4052,1781573.0,700581.6953,1005
1678924800000,2023-03-16,DOGEBRL,0.3697,0.3905,0.3662,0.3823,1775188.0,664187.829,986
1678838400000,2023-03-15,DOGEBRL,0.3939,0.3996,0.3598,0.3697,2779599.0,1058427.5786,1393
1678752000000,2023-03-14,DOGEBRL,0.3803,0.4063,0.3719,0.3942,3220365.0,1260158.2777,1581
1678665600000,2023-03-13,DOGEBRL,0.3657,0.3847,0.3513,0.3802,2541347.0,942594.2559,1286
1678579200000,2023-03-12,DOGEBRL,0.3373,0.3651,0.3347,0.3649,1505947.0,525627.1612,727
1678492800000,2023-03-11,DOGEBRL,0.3448,0.3588,0.3304,0.3378,2366657.0,810639.0728,1045
1678406400000,2023-03-10,DOGEBRL,0.3427,0.3459,0.3256,0.3449,2481460.0,837651.3252,1107
1678320000000,2023-03-09,DOGEBRL,0.3681,0.3741,0.3327,0.3428,3219220.0,1132166.3304,1415
1678233600000,2023-03-08,DOGEBRL,0.3875,0.388,0.3637,0.3679,1963703.0,738654.8605,933
1678147200000,2023-03-07,DOGEBRL,0.3883,0.394,0.3782,0.3876,1363793.0,527330.2276,800
1678060800000,2023-03-06,DOGEBRL,0.3913,0.3924,0.3836,0.3882,1155640.0,448418.3824,625
1677974400000,2023-03-05,DOGEBRL,0.3908,0.3977,0.3887,0.3914,642465.0,252862.5134,411
1677888000000,2023-03-04,DOGEBRL,0.4025,0.4042,0.38,0.3905,1709538.0,670500.349,869
1677801600000,2023-03-03,DOGEBRL,0.421,0.4215,0.3851,0.4024,3501429.0,1393088.5711,1727
1677715200000,2023-03-02,DOGEBRL,0.4276,0.4288,0.4173,0.4209,916790.0,386279.0922,551
1677628800000,2023-03-01,DOGEBRL,0.4232,0.4325,0.4207,0.4279,624378.0,267200.6542,486
1677542400000,2023-02-28,DOGEBRL,0.425,0.4355,0.4196,0.4229,1135161.0,485427.0427,643
1677456000000,2023-02-27,DOGEBRL,0.4289,0.4289,0.4171,0.4246,570656.0,241056.1785,460
1677369600000,2023-02-26,DOGEBRL,0.4216,0.4305,0.4202,0.4294,232899.0,99111.8784,273
1677283200000,2023-02-25,DOGEBRL,0.4227,0.4277,0.41,0.4222,613963.0,257974.4499,444
1677196800000,2023-02-24,DOGEBRL,0.4347,0.4382,0.415,0.4227,949377.0,406058.3337,688
1677110400000,2023-02-23,DOGEBRL,0.4436,0.4474,0.4322,0.4349,2159139.0,948987.2858,1109
1677024000000,2023-02-22,DOGEBRL,0.4457,0.465,0.4326,0.4433,3608323.0,1601477.9193,1551
1676937600000,2023-02-21,DOGEBRL,0.459,0.4615,0.44,0.4452,895218.0,404407.9884,637
1676851200000,2023-02-20,DOGEBRL,0.4549,0.4617,0.4469,0.4584,656767.0,300143.5873,571
1676764800000,2023-02-19,DOGEBRL,0.4626,0.468,0.4476,0.455,1198636.0,550130.7223,750
1676678400000,2023-02-18,DOGEBRL,0.4564,0.4704,0.4522,0.4635,910225.0,420838.7843,612
1676592000000,2023-02-17,DOGEBRL,0.4435,0.4604,0.4414,0.4564,1145653.0,518342.5464,765
1676505600000,2023-02-16,DOGEBRL,0.4642,0.481,0.4425,0.4431,3507489.0,1626604.4253,1906
1676419200000,2023-02-15,DOGEBRL,0.4358,0.4666,0.431,0.4633,4437776.0,2003215.6064,1956
1676332800000,2023-02-14,DOGEBRL,0.4269,0.4373,0.4179,0.4354,1750182.0,747758.5526,963
1676246400000,2023-02-13,DOGEBRL,0.4333,0.4552,0.4141,0.427,3443550.0,1490139.4527,1626
1676160000000,2023-02-12,DOGEBRL,0.4326,0.4512,0.4277,0.4331,2074712.0,912138.0304,1015
1676073600000,2023-02-11,DOGEBRL,0.4248,0.4344,0.424,0.4327,1095072.0,472079.7683,587
1675987200000,2023-02-10,DOGEBRL,0.431,0.4393,0.4168,0.4248,2513406.0,1082491.2086,1408
1675900800000,2023-02-09,DOGEBRL,0.4721,0.4739,0.4189,0.4321,4896079.0,2181482.5438,2340
1675814400000,2023-02-08,DOGEBRL,0.4818,0.4846,0.4641,0.4707,2102937.0,998160.3911,1396
1675728000000,2023-02-07,DOGEBRL,0.4637,0.4825,0.4636,0.4813,2350876.0,1114364.9588,1569
1675641600000,2023-02-06,DOGEBRL,0.4793,0.4834,0.4595,0.4635,2217300.0,1052051.0796,2219
1675555200000,2023-02-05,DOGEBRL,0.4943,0.5003,0.4697,0.4784,5053992.0,2436641.608,3444
1675468800000,2023-02-04,DOGEBRL,0.4783,0.5155,0.4762,0.4944,9236125.0,4544602.2407,5308
1675382400000,2023-02-03,DOGEBRL,0.4628,0.4806,0.4594,0.4783,8137106.0,3839904.8845,3523
1675296000000,2023-02-02,DOGEBRL,0.479,0.4864,0.4568,0.4621,5261128.0,2480625.1197,2504
1675209600000,2023-02-01,DOGEBRL,0.49,0.495,0.4508,0.4777,8386076.0,3915349.5544,3204
1675123200000,2023-01-31,DOGEBRL,0.4552,0.4999,0.4552,0.4901,7068867.0,3394203.697,3479
1675036800000,2023-01-30,DOGEBRL,0.462,0.4755,0.4361,0.4546,5449295.0,2458826.9967,2462
1674950400000,2023-01-29,DOGEBRL,0.4513,0.4655,0.4487,0.4621,2428169.0,1113578.0102,1327
1674864000000,2023-01-28,DOGEBRL,0.4483,0.4813,0.4462,0.4503,2888448.0,1327287.3273,1396
1674777600000,2023-01-27,DOGEBRL,0.4407,0.452,0.428,0.4477,2176926.0,958187.8639,1167
1674691200000,2023-01-26,DOGEBRL,0.4436,0.4533,0.4343,0.4408,1281384.0,565387.2211,761
1674604800000,2023-01-25,DOGEBRL,0.4336,0.4493,0.4243,0.4432,1996164.0,863711.3491,942
1674518400000,2023-01-24,DOGEBRL,0.4619,0.4734,0.4273,0.4344,2056198.0,933161.9886,1146
1674432000000,2023-01-23,DOGEBRL,0.4614,0.4773,0.4509,0.4623,1798319.0,832216.8716,982
1674345600000,2023-01-22,DOGEBRL,0.4434,0.4868,0.4413,0.4618,2539658.0,1181281.4699,1162
1674259200000,2023-01-21,DOGEBRL,0.4506,0.4606,0.4396,0.4413,2311918.0,1043563.0559,1168
1674172800000,2023-01-20,DOGEBRL,0.4245,0.4523,0.42,0.4492,1413667.0,615542.1484,905
1674086400000,2023-01-19,DOGEBRL,0.4148,0.4271,0.4148,0.4249,647231.0,273627.7757,526
1674000000000,2023-01-18,DOGEBRL,0.4267,0.4586,0.403,0.4153,4230752.0,1834936.9464,2134
1673913600000,2023-01-17,DOGEBRL,0.4315,0.4382,0.4249,0.4268,1970318.0,851137.0317,1117
1673827200000,2023-01-16,DOGEBRL,0.443,0.4526,0.4214,0.4326,2745598.0,1198928.6061,1434
1673740800000,2023-01-15,DOGEBRL,0.4475,0.451,0.4253,0.4427,3543206.0,1545433.219,1492
1673654400000,2023-01-14,DOGEBRL,0.4336,0.4719,0.4229,0.4477,7475375.0,3344319.0365,3342
1673568000000,2023-01-13,DOGEBRL,0.416,0.437,0.4066,0.4337,2638480.0,1102081.202,1519
1673481600000,2023-01-12,DOGEBRL,0.4075,0.4227,0.3934,0.4146,3959218.0,1619794.3087,1857
1673395200000,2023-01-11,DOGEBRL,0.4073,0.41,0.3932,0.4068,2108188.0,844345.0401,1113
1673308800000,2023-01-10,DOGEBRL,0.4015,0.41,0.3902,0.4069,2956520.0,1189392.7008,1275
1673222400000,2023-01-09,DOGEBRL,0.3918,0.4224,0.389,0.4,5924238.0,2418606.2554,2606
1673136000000,2023-01-08,DOGEBRL,0.3829,0.3935,0.3772,0.3915,1090538.0,418351.3484,642
1673049600000,2023-01-07,DOGEBRL,0.3829,0.3851,0.3807,0.3822,906572.0,346930.5106,600
1672963200000,2023-01-06,DOGEBRL,0.386,0.3882,0.3751,0.382,2228570.0,847071.0975,1020
1672876800000,2023-01-05,DOGEBRL,0.3955,0.4076,0.3796,0.385,1488788.0,586077.435,760
1672790400000,2023-01-04,DOGEBRL,0.3817,0.4,0.3792,0.3972,1298397.0,508602.5846,857
1672704000000,2023-01-03,DOGEBRL,0.3795,0.3841,0.374,0.3821,1304687.0,495589.8883,766
1672617600000,2023-01-02,DOGEBRL,0.373,0.3897,0.3667,0.3804,1296645.0,495767.6146,716
1672531200000,2023-01-01,DOGEBRL,0.3742,0.3762,0.3679,0.373,2135116.0,795269.4232,425
1672444800000,2022-12-31,DOGEBRL,0.3655,0.3812,0.3634,0.3741,843173.0,314729.8175,475
1672358400000,2022-12-30,DOGEBRL,0.3775,0.3793,0.352,0.3649,4095365.0,1486206.1278,962
1672272000000,2022-12-29,DOGEBRL,0.3738,0.3799,0.368,0.377,2917200.0,1091070.5471,612
1672185600000,2022-12-28,DOGEBRL,0.3906,0.3914,0.3677,0.3736,794417.0,299524.8264,612
1672099200000,2022-12-27,DOGEBRL,0.3961,0.3975,0.3864,0.3904,561808.0,220437.7313,480
1672012800000,2022-12-26,DOGEBRL,0.3935,0.3976,0.3891,0.3955,692908.0,272866.3365,498
1671926400000,2022-12-25,DOGEBRL,0.4001,0.4015,0.3802,0.3938,949921.0,370763.1762,488
1671840000000,2022-12-24,DOGEBRL,0.3994,0.4044,0.3973,0.4019,573538.0,230268.571,307
1671753600000,2022-12-23,DOGEBRL,0.4011,0.4103,0.397,0.3994,2995920.0,1200859.0656,816
1671667200000,2022-12-22,DOGEBRL,0.3869,0.4072,0.3844,0.401,1325560.0,527330.0052,719
1671580800000,2022-12-21,DOGEBRL,0.3933,0.3935,0.3738,0.3844,710763.0,273368.6917,518
1671494400000,2022-12-20,DOGEBRL,0.3813,0.3989,0.379,0.3933,2382612.0,930527.3394,1062
1671408000000,2022-12-19,DOGEBRL,0.4162,0.4207,0.3731,0.3792,1869083.0,743501.6892,798
1671321600000,2022-12-18,DOGEBRL,0.42,0.424,0.4115,0.4162,408777.0,170537.4282,411
1671235200000,2022-12-17,DOGEBRL,0.4036,0.4207,0.4014,0.4203,676417.0,277494.6673,602
1671148800000,2022-12-16,DOGEBRL,0.4504,0.4584,0.3957,0.4036,3676699.0,1530950.3846,1770
1671062400000,2022-12-15,DOGEBRL,0.4634,0.4666,0.4472,0.4504,633185.0,290167.5839,619
1670976000000,2022-12-14,DOGEBRL,0.4773,0.4882,0.4603,0.4634,1020892.0,487305.8225,770
1670889600000,2022-12-13,DOGEBRL,0.4746,0.4964,0.4574,0.4776,1210019.0,574429.1217,891
1670803200000,2022-12-12,DOGEBRL,0.4865,0.4879,0.4463,0.4735,873971.0,408694.4462,803
1670716800000,2022-12-11,DOGEBRL,0.5052,0.5089,0.4819,0.4861,307965.0,153654.3776,384
1670630400000,2022-12-10,DOGEBRL,0.5078,0.5111,0.5041,0.5047,484531.0,245995.1099,521
1670544000000,2022-12-09,DOGEBRL,0.5154,0.5182,0.5031,0.5081,775068.0,396178.8364,773
1670457600000,2022-12-08,DOGEBRL,0.5028,0.5175,0.4986,0.5159,712662.0,362063.479,669
1670371200000,2022-12-07,DOGEBRL,0.5263,0.532,0.492,0.5015,1116949.0,565996.7618,904
1670284800000,2022-12-06,DOGEBRL,0.5352,0.5413,0.5182,0.5278,909437.0,479730.8983,868
1670198400000,2022-12-05,DOGEBRL,0.5448,0.582,0.5243,0.5344,1510830.0,828921.7435,1334
1670112000000,2022-12-04,DOGEBRL,0.5233,0.5538,0.5233,0.5448,1245491.0,674229.7933,1031
1670025600000,2022-12-03,DOGEBRL,0.5316,0.5409,0.5167,0.5233,999289.0,527273.5502,849
1669939200000,2022-12-02,DOGEBRL,0.5298,0.5403,0.5062,0.5311,1056454.0,550301.7944,1003
1669852800000,2022-12-01,DOGEBRL,0.561,0.5654,0.526,0.5309,1017978.0,548516.184,1187
1669766400000,2022-11-30,DOGEBRL,0.541,0.5836,0.5275,0.5594,1587383.0,883797.5941,1734
1669680000000,2022-11-29,DOGEBRL,0.5117,0.564,0.5046,0.5418,1692955.0,923341.768,1514
1669593600000,2022-11-28,DOGEBRL,0.5311,0.5371,0.4892,0.5117,2102028.0,1078322.2728,1536
1669507200000,2022-11-27,DOGEBRL,0.4802,0.5805,0.4786,0.5309,2971484.0,1624325.0359,2025
1669420800000,2022-11-26,DOGEBRL,0.4832,0.5159,0.4686,0.4787,3068941.0,1533698.142,1955
1669334400000,2022-11-25,DOGEBRL,0.4372,0.492,0.4324,0.4836,2806038.0,1330747.816,1649
1669248000000,2022-11-24,DOGEBRL,0.4405,0.4505,0.4301,0.4377,777907.0,342051.2978,598
1669161600000,2022-11-23,DOGEBRL,0.4245,0.4471,0.4182,0.4405,1934992.0,839516.2455,1149
1669075200000,2022-11-22,DOGEBRL,0.3989,0.4242,0.3909,0.4223,3152930.0,1289278.3596,1419
1668988800000,2022-11-21,DOGEBRL,0.4171,0.4189,0.3815,0.3994,3994028.0,1611391.4252,1909
1668902400000,2022-11-20,DOGEBRL,0.4569,0.4629,0.413,0.4174,2453552.0,1077844.3508,1405
1668816000000,2022-11-19,DOGEBRL,0.4567,0.4588,0.4488,0.4566,1163679.0,528374.9108,743
1668729600000,2022-11-18,DOGEBRL,0.4554,0.4654,0.4507,0.4556,2134255.0,974371.5392,1213
1668643200000,2022-11-17,DOGEBRL,0.4577,0.465,0.4461,0.4554,2705433.0,1233527.726,1608
1668556800000,2022-11-16,DOGEBRL,0.4596,0.4796,0.443,0.4577,2492389.0,1145857.1151,1565
1668470400000,2022-11-15,DOGEBRL,0.4546,0.4717,0.4504,0.4597,2803675.0,1292940.4356,1750
1668384000000,2022-11-14,DOGEBRL,0.4427,0.4803,0.4168,0.4545,6977437.0,3168785.3467,3166
1668297600000,2022-11-13,DOGEBRL,0.464,0.481,0.4338,0.4437,4172131.0,1898253.3042,2115
1668211200000,2022-11-12,DOGEBRL,0.4517,0.5011,0.4154,0.4629,8024769.0,3786917.6084,3510
1668124800000,2022-11-11,DOGEBRL,0.4808,0.5,0.4299,0.4514,5450516.0,2494283.5273,2594
1668038400000,2022-11-10,DOGEBRL,0.392,0.5024,0.388,0.4821,6018935.0,2745047.8899,3442
1667952000000,2022-11-09,DOGEBRL,0.4631,0.5099,0.3744,0.392,13586673.0,6376487.3813,4279
1667865600000,2022-11-08,DOGEBRL,0.577,0.5825,0.4101,0.4615,17121807.0,8956559.3941,8153
1667779200000,2022-11-07,DOGEBRL,0.5855,0.6104,0.557,0.5764,6341987.0,3744907.7826,3947
1667692800000,2022-11-06,DOGEBRL,0.633,0.65,0.5719,0.5863,3529859.0,2169214.5123,2653
1667606400000,2022-11-05,DOGEBRL,0.642,0.6904,0.6124,0.6324,3965830.0,2570132.2723,2889
1667520000000,2022-11-04,DOGEBRL,0.6319,0.6538,0.5975,0.6411,6909420.0,4325846.6838,4264
1667433600000,2022-11-03,DOGEBRL,0.6627,0.7092,0.6192,0.6321,4957542.0,3330037.4871,3496
1667347200000,2022-11-02,DOGEBRL,0.7347,0.7669,0.635,0.6627,9599861.0,6704089.6787,5938
1667260800000,2022-11-01,DOGEBRL,0.6621,0.8286,0.6504,0.7367,17220152.0,12643386.0045,10353
1667174400000,2022-10-31,DOGEBRL,0.6303,0.6936,0.6107,0.6624,20212390.0,13226242.7249,8332
1667088000000,2022-10-30,DOGEBRL,0.6455,0.76,0.59,0.63,26395356.0,17235141.3794,10412
1667001600000,2022-10-29,DOGEBRL,0.4456,0.8,0.4405,0.6457,72334767.0,46442932.876,26459
1666915200000,2022-10-28,DOGEBRL,0.4087,0.4727,0.3848,0.4451,24471329.0,10693848.4672,8436
1666828800000,2022-10-27,DOGEBRL,0.3882,0.4526,0.3831,0.4092,19656254.0,8196300.6042,6818
1666742400000,2022-10-26,DOGEBRL,0.3321,0.3925,0.3318,0.3893,6889058.0,2535909.3752,2818
1666656000000,2022-10-25,DOGEBRL,0.3129,0.3397,0.3129,0.3326,2754854.0,906913.3458,973
1666569600000,2022-10-24,DOGEBRL,0.3139,0.3163,0.3082,0.3148,810546.0,253639.6178,481
1666483200000,2022-10-23,DOGEBRL,0.3119,0.3142,0.3067,0.314,517114.0,160687.7039,358
1666396800000,2022-10-22,DOGEBRL,0.3085,0.3119,0.3081,0.3108,484639.0,150379.8308,293
1666310400000,2022-10-21,DOGEBRL,0.312,0.3126,0.3025,0.309,2285789.0,705307.2943,574
1666224000000,2022-10-20,DOGEBRL,0.3109,0.3186,0.3097,0.3123,624274.0,195941.4354,412
1666137600000,2022-10-19,DOGEBRL,0.3153,0.3227,0.309,0.3107,1338987.0,421736.7279,608
1666051200000,2022-10-18,DOGEBRL,0.3171,0.3235,0.31,0.3148,1154916.0,363081.5079,426
1665964800000,2022-10-17,DOGEBRL,0.3121,0.3175,0.3109,0.316,488336.0,153307.7767,318
1665878400000,2022-10-16,DOGEBRL,0.3135,0.3163,0.3113,0.3121,292200.0,91640.2841,307
1665792000000,2022-10-15,DOGEBRL,0.313,0.3184,0.3091,0.3135,686831.0,215171.4296,447
1665705600000,2022-10-14,DOGEBRL,0.3146,0.321,0.3103,0.3125,1146180.0,360606.88,538
1665619200000,2022-10-13,DOGEBRL,0.3167,0.3175,0.2922,0.3146,2062835.0,636550.2051,852
1665532800000,2022-10-12,DOGEBRL,0.3192,0.3229,0.315,0.3166,1115771.0,356639.0093,473
1665446400000,2022-10-11,DOGEBRL,0.3094,0.3211,0.3003,0.3188,1345071.0,424849.8868,643
1665360000000,2022-10-10,DOGEBRL,0.3259,0.3276,0.3094,0.3102,979252.0,309901.8073,501
1665273600000,2022-10-09,DOGEBRL,0.3232,0.3276,0.3211,0.3262,549881.0,177721.2591,260
1665187200000,2022-10-08,DOGEBRL,0.3267,0.3287,0.3208,0.3234,597328.0,193783.2304,437
1665100800000,2022-10-07,DOGEBRL,0.3332,0.3349,0.322,0.3269,933719.0,306168.5762,790
1665014400000,2022-10-06,DOGEBRL,0.3384,0.3483,0.3301,0.3332,1644124.0,553866.3286,1012
1664928000000,2022-10-05,DOGEBRL,0.3426,0.348,0.3291,0.338,2775052.0,933322.6774,1579
1664841600000,2022-10-04,DOGEBRL,0.3129,0.3456,0.3112,0.3421,4147513.0,1378500.4588,1348
1664755200000,2022-10-03,DOGEBRL,0.3194,0.3237,0.3091,0.313,836582.0,264909.5726,488
1664668800000,2022-10-02,DOGEBRL,0.3261,0.3281,0.3175,0.3194,432270.0,139127.9966,385
1664582400000,2022-10-01,DOGEBRL,0.3321,0.34,0.3249,0.3262,1362054.0,451490.6882,625
1664496000000,2022-09-30,DOGEBRL,0.3276,0.3355,0.3218,0.3321,1017338.0,333382.7142,513
1664409600000,2022-09-29,DOGEBRL,0.3245,0.3272,0.3199,0.3272,481577.0,155885.738,329
1664323200000,2022-09-28,DOGEBRL,0.3243,0.3269,0.3144,0.3249,775073.0,249126.9638,430
1664236800000,2022-09-27,DOGEBRL,0.3244,0.3332,0.32,0.3242,1170840.0,382295.7487,591
1664150400000,2022-09-26,DOGEBRL,0.3193,0.3265,0.3135,0.3251,2915384.0,941620.2694,552
1664064000000,2022-09-25,DOGEBRL,0.3307,0.3326,0.315,0.3189,931790.0,303879.6193,380
1663977600000,2022-09-24,DOGEBRL,0.3307,0.3566,0.3284,0.3307,5118811.0,1737507.0504,1050
1663891200000,2022-09-23,DOGEBRL,0.3071,0.338,0.3064,0.3309,2359031.0,763433.4182,812
1663804800000,2022-09-22,DOGEBRL,0.2984,0.3091,0.2961,0.3071,2019211.0,618962.4567,461
1663718400000,2022-09-21,DOGEBRL,0.3021,0.3135,0.2928,0.2985,6057072.0,1842572.4586,874
1663632000000,2022-09-20,DOGEBRL,0.3047,0.3135,0.3003,0.3026,5189345.0,1579886.7995,657
1663545600000,2022-09-19,DOGEBRL,0.3038,0.3075,0.2965,0.305,2087708.0,632242.068,512
1663459200000,2022-09-18,DOGEBRL,0.3265,0.3273,0.2985,0.303,996101.0,310641.9007,415
1663372800000,2022-09-17,DOGEBRL,0.3186,0.3286,0.3177,0.3279,725977.0,235669.9954,408
1663286400000,2022-09-16,DOGEBRL,0.3084,0.3191,0.306,0.3184,333164.0,104895.5518,381
1663200000000,2022-09-15,DOGEBRL,0.3175,0.3175,0.3076,0.3084,560134.0,175177.6641,384
1663113600000,2022-09-14,DOGEBRL,0.3095,0.32,0.3093,0.3178,531996.0,168192.6471,403
1663027200000,2022-09-13,DOGEBRL,0.3264,0.3269,0.3077,0.3108,1098314.0,348001.6026,678
1662940800000,2022-09-12,DOGEBRL,0.3289,0.3357,0.3223,0.3265,727569.0,238931.2778,433
1662854400000,2022-09-11,DOGEBRL,0.3345,0.3378,0.3247,0.3294,545837.0,180469.4755,375
1662768000000,2022-09-10,DOGEBRL,0.3295,0.3387,0.3267,0.3353,932231.0,310390.6236,463
1662681600000,2022-09-09,DOGEBRL,0.3181,0.3342,0.3181,0.3302,1664629.0,545553.2681,848
1662595200000,2022-09-08,DOGEBRL,0.3199,0.3219,0.3122,0.3178,567843.0,180342.9758,422
1662508800000,2022-09-07,DOGEBRL,0.3093,0.3228,0.3032,0.3199,583202.0,184518.4416,405
1662422400000,2022-09-06,DOGEBRL,0.3264,0.337,0.3053,0.3097,1452633.0,464438.5734,642
1662336000000,2022-09-05,DOGEBRL,0.3287,0.3311,0.317,0.3251,416924.0,134411.0844,417
1662249600000,2022-09-04,DOGEBRL,0.3263,0.3319,0.3235,0.3286,348132.0,114380.6793,285
1662163200000,2022-09-03,DOGEBRL,0.3206,0.3319,0.3181,0.3261,609598.0,198473.4328,346
1662076800000,2022-09-02,DOGEBRL,0.3266,0.3279,0.3164,0.3203,380896.0,122780.8339,374
1661990400000,2022-09-01,DOGEBRL,0.3167,0.3271,0.31,0.3266,645105.0,206387.8156,519
1661904000000,2022-08-31,DOGEBRL,0.3173,0.3262,0.3148,0.3169,734573.0,236255.0986,446
1661817600000,2022-08-30,DOGEBRL,0.3225,0.325,0.3081,0.316,537329.0,170984.334,400
1661731200000,2022-08-29,DOGEBRL,0.3161,0.325,0.3125,0.3226,659391.0,210834.806,339
1661644800000,2022-08-28,DOGEBRL,0.3243,0.3286,0.3146,0.3163,331315.0,107636.6117,260
1661558400000,2022-08-27,DOGEBRL,0.3241,0.3272,0.3188,0.3244,370243.0,119862.2398,336
1661472000000,2022-08-26,DOGEBRL,0.3549,0.3562,0.321,0.3241,1218583.0,415878.3648,909
1661385600000,2022-08-25,DOGEBRL,0.349,0.3681,0.3481,0.3551,1202638.0,429725.2967,669
1661299200000,2022-08-24,DOGEBRL,0.3536,0.3572,0.3441,0.3485,1116093.0,390110.637,639
1661212800000,2022-08-23,DOGEBRL,0.355,0.3575,0.3479,0.3529,882973.0,311612.6368,417
1661126400000,2022-08-22,DOGEBRL,0.3612,0.3615,0.3407,0.3546,1231272.0,430686.4691,669
1661040000000,2022-08-21,DOGEBRL,0.3625,0.3691,0.352,0.3614,635288.0,229352.1303,447
1660953600000,2022-08-20,DOGEBRL,0.3538,0.3707,0.3535,0.3625,1588631.0,574483.3838,677
1660867200000,2022-08-19,DOGEBRL,0.3889,0.3914,0.3496,0.3535,3274992.0,1204050.2574,1372
1660780800000,2022-08-18,DOGEBRL,0.4164,0.4249,0.3834,0.3898,1313926.0,537405.5074,773
1660694400000,2022-08-17,DOGEBRL,0.4482,0.4572,0.4114,0.4148,2122566.0,923196.6691,1050
1660608000000,2022-08-16,DOGEBRL,0.3926,0.4606,0.3899,0.4484,7267481.0,3170437.2321,2424
1660521600000,2022-08-15,DOGEBRL,0.4161,0.4183,0.3834,0.3927,2012919.0,798088.0051,1013
1660435200000,2022-08-14,DOGEBRL,0.3726,0.4316,0.3707,0.4161,6536551.0,2651142.6118,1989
1660348800000,2022-08-13,DOGEBRL,0.3683,0.3817,0.3659,0.3714,1285764.0,482262.2087,575
1660262400000,2022-08-12,DOGEBRL,0.3656,0.3735,0.361,0.368,1442161.0,526205.5709,542
1660176000000,2022-08-11,DOGEBRL,0.3639,0.3826,0.3615,0.3663,1607998.0,595880.9269,742
1660089600000,2022-08-10,DOGEBRL,0.3557,0.365,0.3444,0.3639,1475304.0,526845.7667,635
1660003200000,2022-08-09,DOGEBRL,0.3605,0.3811,0.3506,0.3561,1798399.0,654352.1079,804
1659916800000,2022-08-08,DOGEBRL,0.3585,0.3715,0.355,0.3589,1222804.0,444097.1884,632
1659830400000,2022-08-07,DOGEBRL,0.3559,0.3634,0.3506,0.3578,568690.0,202727.6909,399
1659744000000,2022-08-06,DOGEBRL,0.3619,0.3693,0.3557,0.3568,790034.0,286482.9859,424
1659657600000,2022-08-05,DOGEBRL,0.354,0.3678,0.3524,0.3617,1118534.0,402995.0075,533
1659571200000,2022-08-04,DOGEBRL,0.351,0.3574,0.3445,0.3535,951556.0,333731.8185,494
1659484800000,2022-08-03,DOGEBRL,0.3528,0.361,0.3451,0.3521,926448.0,327545.5164,498
1659398400000,2022-08-02,DOGEBRL,0.3568,0.3595,0.3415,0.3523,1418477.0,497248.0504,693
1659312000000,2022-08-01,DOGEBRL,0.355,0.3714,0.3487,0.3574,2532694.0,903606.9177,894
1659225600000,2022-07-31,DOGEBRL,0.3631,0.3751,0.3542,0.3565,1532763.0,559700.7031,546
1659139200000,2022-07-30,DOGEBRL,0.3594,0.3881,0.3545,0.3631,2033985.0,764512.4776,883
1659052800000,2022-07-29,DOGEBRL,0.3605,0.3755,0.3483,0.3572,1173404.0,424466.8821,741
1658966400000,2022-07-28,DOGEBRL,0.3542,0.3672,0.3419,0.3607,1293637.0,457658.8626,688
1658880000000,2022-07-27,DOGEBRL,0.3367,0.3539,0.3321,0.3537,860992.0,295951.7048,567
1658793600000,2022-07-26,DOGEBRL,0.3347,0.3373,0.3242,0.3367,1054906.0,347734.6937,509
1658707200000,2022-07-25,DOGEBRL,0.3715,0.373,0.3346,0.3346,847091.0,298979.1414,639
1658620800000,2022-07-24,DOGEBRL,0.3755,0.3793,0.3722,0.3722,232170.0,87328.2193,319
1658534400000,2022-07-23,DOGEBRL,0.3731,0.3834,0.365,0.3767,774279.0,287535.6101,448
1658448000000,2022-07-22,DOGEBRL,0.3852,0.3921,0.3693,0.372,738033.0,281470.0757,519
1658361600000,2022-07-21,DOGEBRL,0.3852,0.3886,0.3676,0.3852,1128465.0,427823.8058,675
1658275200000,2022-07-20,DOGEBRL,0.374,0.4167,0.3681,0.3852,5046898.0,1989615.3418,1909
1658188800000,2022-07-19,DOGEBRL,0.3674,0.3817,0.3556,0.374,1936226.0,711587.8294,916
1658102400000,2022-07-18,DOGEBRL,0.3427,0.3722,0.342,0.3669,1823303.0,657338.9647,708
1658016000000,2022-07-17,DOGEBRL,0.3502,0.3538,0.3416,0.3416,385636.0,133942.8268,328
1657929600000,2022-07-16,DOGEBRL,0.342,0.3519,0.3361,0.3488,764359.0,264192.8345,379
1657843200000,2022-07-15,DOGEBRL,0.34,0.3498,0.3354,0.3418,886873.0,304328.9234,499
1657756800000,2022-07-14,DOGEBRL,0.3358,0.3433,0.3227,0.3391,1286216.0,432474.4243,485
1657670400000,2022-07-13,DOGEBRL,0.3263,0.338,0.3164,0.3367,960916.0,313579.2443,508
1657584000000,2022-07-12,DOGEBRL,0.3326,0.3406,0.3266,0.3275,748885.0,249514.1524,483
1657497600000,2022-07-11,DOGEBRL,0.3564,0.3564,0.331,0.3334,963390.0,331410.2299,582
1657411200000,2022-07-10,DOGEBRL,0.3677,0.3685,0.3517,0.3564,517144.0,185098.0344,372
1657324800000,2022-07-09,DOGEBRL,0.3671,0.3712,0.365,0.3689,334261.0,123259.8317,346
1657238400000,2022-07-08,DOGEBRL,0.3797,0.3933,0.3642,0.3644,1030886.0,385664.3921,651
1657152000000,2022-07-07,DOGEBRL,0.3717,0.3832,0.3691,0.3789,1266720.0,476890.8131,719
1657065600000,2022-07-06,DOGEBRL,0.3631,0.3767,0.3571,0.3721,1295183.0,477377.0904,648
1656979200000,2022-07-05,DOGEBRL,0.3712,0.3731,0.353,0.3624,882465.0,321718.6691,564
1656892800000,2022-07-04,DOGEBRL,0.3594,0.3719,0.3522,0.3707,1392683.0,505748.4998,564
1656806400000,2022-07-03,DOGEBRL,0.355,0.3601,0.347,0.359,417289.0,147803.1494,256
1656720000000,2022-07-02,DOGEBRL,0.355,0.3613,0.3502,0.355,1074163.0,383708.4093,444
1656633600000,2022-07-01,DOGEBRL,0.3497,0.3603,0.3369,0.3546,1353813.0,476402.6055,536
1656547200000,2022-06-30,DOGEBRL,0.3621,0.3621,0.3269,0.3488,1809879.0,618906.7528,612
1656460800000,2022-06-29,DOGEBRL,0.3488,0.3727,0.3436,0.3626,2233819.0,799430.51,684
1656374400000,2022-06-28,DOGEBRL,0.3774,0.3834,0.346,0.346,1183457.0,433531.708,533
1656288000000,2022-06-27,DOGEBRL,0.3852,0.4135,0.3694,0.3774,3454636.0,1354257.1377,1125
1656201600000,2022-06-26,DOGEBRL,0.3585,0.4066,0.3524,0.3839,4527741.0,1726755.5842,1209
1656115200000,2022-06-25,DOGEBRL,0.351,0.3632,0.3421,0.3584,1225524.0,432271.9634,502
1656028800000,2022-06-24,DOGEBRL,0.3357,0.3578,0.3357,0.3513,1732540.0,601129.5431,728
1655942400000,2022-06-23,DOGEBRL,0.322,0.3379,0.3218,0.3361,1978192.0,653545.7019,633
1655856000000,2022-06-22,DOGEBRL,0.3371,0.3376,0.3163,0.322,3200895.0,1041175.9135,1058
1655769600000,2022-06-21,DOGEBRL,0.3101,0.361,0.3065,0.3388,7860078.0,2682685.039,2115
1655683200000,2022-06-20,DOGEBRL,0.3122,0.3165,0.2978,0.3112,1841247.0,565281.2982,692
1655596800000,2022-06-19,DOGEBRL,0.2737,0.3251,0.265,0.3122,13055382.0,3848873.798,2576
1655510400000,2022-06-18,DOGEBRL,0.2937,0.2991,0.2557,0.2745,5952437.0,1641190.341,1451
1655424000000,2022-06-17,DOGEBRL,0.2834,0.298,0.2811,0.2955,2241500.0,656262.3582,766
1655337600000,2022-06-16,DOGEBRL,0.3196,0.3197,0.279,0.2834,9811790.0,2913438.2297,2376
1655251200000,2022-06-15,DOGEBRL,0.2864,0.3245,0.2618,0.3199,13831254.0,4029920.591,3231
1655164800000,2022-06-14,DOGEBRL,0.2787,0.3022,0.2575,0.2882,7800032.0,2203761.6552,2050
1655078400000,2022-06-13,DOGEBRL,0.3212,0.3341,0.267,0.2788,20086080.91,5823205.14576,4735
1654992000000,2022-06-12,DOGEBRL,0.351,0.3534,0.3209,0.321,5231561.0,1750812.231,1491
1654905600000,2022-06-11,DOGEBRL,0.3772,0.3824,0.342,0.3509,3055738.0,1097529.2256,1195
1654819200000,2022-06-10,DOGEBRL,0.3917,0.3934,0.372,0.3775,2042172.0,777242.252,956
1654732800000,2022-06-09,DOGEBRL,0.3899,0.3983,0.3885,0.3912,1141019.0,446620.2265,683
1654646400000,2022-06-08,DOGEBRL,0.3922,0.3973,0.385,0.3906,1390619.0,543909.2225,808
1654560000000,2022-06-07,DOGEBRL,0.3971,0.3994,0.3756,0.3924,2140908.0,834728.9139,1112
1654473600000,2022-06-06,DOGEBRL,0.3899,0.405,0.3892,0.3973,2518342.0,1001097.6729,1190
1654387200000,2022-06-05,DOGEBRL,0.3942,0.3953,0.3882,0.3905,441768.0,173415.3235,556
1654300800000,2022-06-04,DOGEBRL,0.386,0.396,0.3822,0.3931,642114.0,250879.7347,644
1654214400000,2022-06-03,DOGEBRL,0.3979,0.3996,0.3833,0.3857,1095288.0,425485.3401,896
1654128000000,2022-06-02,DOGEBRL,0.3913,0.4037,0.3854,0.398,1632077.0,643447.7984,955
1654041600000,2022-06-01,DOGEBRL,0.4093,0.426,0.3814,0.3932,2239804.0,908645.5327,1366
1653955200000,2022-05-31,DOGEBRL,0.4215,0.4225,0.3936,0.4091,2472478.0,1013152.8162,1647
1653868800000,2022-05-30,DOGEBRL,0.395,0.4232,0.391,0.4211,2210226.0,902171.5594,1642
1653782400000,2022-05-29,DOGEBRL,0.391,0.397,0.382,0.394,1155493.0,450699.909,1081
1653696000000,2022-05-28,DOGEBRL,0.389,0.396,0.385,0.391,2096104.0,819665.111,1734
1653609600000,2022-05-27,DOGEBRL,0.375,0.425,0.366,0.388,6379314.0,2481612.23,3102
1653523200000,2022-05-26,DOGEBRL,0.403,0.406,0.363,0.375,3938223.0,1501143.086,1906
1653436800000,2022-05-25,DOGEBRL,0.405,0.409,0.398,0.402,1598865.0,645194.66,1177
1653350400000,2022-05-24,DOGEBRL,0.405,0.41,0.387,0.405,762878.0,305470.636,918
1653264000000,2022-05-23,DOGEBRL,0.421,0.432,0.399,0.404,1836743.0,768712.668,1578
1653177600000,2022-05-22,DOGEBRL,0.416,0.425,0.412,0.421,652239.0,273219.957,911
1653091200000,2022-05-21,DOGEBRL,0.412,0.42,0.405,0.415,691765.0,285822.853,770
1653004800000,2022-05-20,DOGEBRL,0.43,0.435,0.403,0.412,2073171.0,868936.057,1849
1652918400000,2022-05-19,DOGEBRL,0.418,0.433,0.408,0.429,2385127.0,1009078.735,1856
1652832000000,2022-05-18,DOGEBRL,0.448,0.452,0.416,0.417,1331989.0,574343.122,1727
1652745600000,2022-05-17,DOGEBRL,0.449,0.461,0.435,0.448,2129103.0,956110.064,1737
1652659200000,2022-05-16,DOGEBRL,0.475,0.475,0.439,0.448,1524365.0,685199.002,1787
1652572800000,2022-05-15,DOGEBRL,0.457,0.475,0.442,0.475,1175414.0,538504.139,1665
1652486400000,2022-05-14,DOGEBRL,0.451,0.469,0.429,0.457,2697635.0,1201196.545,2635
1652400000000,2022-05-13,DOGEBRL,0.427,0.499,0.427,0.449,6022518.0,2764986.59,3636
1652313600000,2022-05-12,DOGEBRL,0.441,0.481,0.342,0.427,9826112.0,4069802.896,6006
1652227200000,2022-05-11,DOGEBRL,0.559,0.573,0.371,0.441,10500758.35,4970278.609661,5139
1652140800000,2022-05-10,DOGEBRL,0.531,0.61,0.519,0.56,5293573.0,3013228.8156,4237
1652054400000,2022-05-09,DOGEBRL,0.637,0.642,0.524,0.53,4501013.24,2611883.214746,3842
1651968000000,2022-05-08,DOGEBRL,0.653,0.657,0.631,0.636,1108746.0,712919.149,1491
1651881600000,2022-05-07,DOGEBRL,0.653,0.677,0.638,0.652,1928701.0,1266073.984,2214
1651795200000,2022-05-06,DOGEBRL,0.648,0.663,0.634,0.653,2297169.0,1485023.157,2528
1651708800000,2022-05-05,DOGEBRL,0.67,0.683,0.635,0.648,3170370.0,2079798.17,3357
1651622400000,2022-05-04,DOGEBRL,0.648,0.675,0.644,0.671,2883105.0,1897795.29,2143
1651536000000,2022-05-03,DOGEBRL,0.664,0.669,0.633,0.646,1094633.0,713780.079,1690
1651449600000,2022-05-02,DOGEBRL,0.664,0.672,0.649,0.664,2095702.0,1382272.584,1986
1651363200000,2022-05-01,DOGEBRL,0.64,0.684,0.633,0.664,2417133.0,1596659.823,2509
1651276800000,2022-04-30,DOGEBRL,0.674,0.683,0.622,0.64,2410850.0,1574430.572,2559
1651190400000,2022-04-29,DOGEBRL,0.683,0.721,0.664,0.674,6594023.0,4541091.639,5024
1651104000000,2022-04-28,DOGEBRL,0.698,0.714,0.675,0.684,3844922.0,2664764.161,3624
1651017600000,2022-04-27,DOGEBRL,0.692,0.731,0.681,0.699,6099670.0,4286531.64,5199
1650931200000,2022-04-26,DOGEBRL,0.775,0.814,0.683,0.692,14679588.0,11118620.787,13122
1650844800000,2022-04-25,DOGEBRL,0.637,0.838,0.596,0.774,24776935.0,18271473.807,15737
1650758400000,2022-04-24,DOGEBRL,0.647,0.651,0.634,0.638,955081.0,613317.169,966
1650672000000,2022-04-23,DOGEBRL,0.657,0.659,0.643,0.647,606146.0,395441.617,885
1650585600000,2022-04-22,DOGEBRL,0.636,0.661,0.633,0.657,1316072.0,852345.472,1890
1650499200000,2022-04-21,DOGEBRL,0.656,0.666,0.627,0.636,1489172.0,965551.265,2091
1650412800000,2022-04-20,DOGEBRL,0.67,0.689,0.647,0.656,1855832.0,1240459.553,3054
1650326400000,2022-04-19,DOGEBRL,0.657,0.679,0.651,0.67,1286610.0,854961.073,2085
1650240000000,2022-04-18,DOGEBRL,0.661,0.667,0.632,0.657,1843678.0,1190696.946,1621
1650153600000,2022-04-17,DOGEBRL,0.681,0.687,0.657,0.662,1170459.0,791598.325,1053
1650067200000,2022-04-16,DOGEBRL,0.692,0.702,0.671,0.681,814847.0,558050.203,1310
1649980800000,2022-04-15,DOGEBRL,0.681,0.709,0.673,0.692,1872424.0,1295386.253,2020
1649894400000,2022-04-14,DOGEBRL,0.661,0.696,0.646,0.683,4312860.0,2912942.63,3052
1649808000000,2022-04-13,DOGEBRL,0.65,0.676,0.641,0.661,1614753.0,1064079.776,1304
1649721600000,2022-04-12,DOGEBRL,0.636,0.677,0.631,0.651,1951162.0,1274708.019,1732
1649635200000,2022-04-11,DOGEBRL,0.702,0.718,0.631,0.636,3138170.0,2117628.133,2534
1649548800000,2022-04-10,DOGEBRL,0.684,0.748,0.682,0.701,4333165.0,3117544.17,2772
1649462400000,2022-04-09,DOGEBRL,0.675,0.686,0.667,0.685,618417.0,418805.104,919
1649376000000,2022-04-08,DOGEBRL,0.7,0.733,0.668,0.677,3495967.0,2474878.569,2579
1649289600000,2022-04-07,DOGEBRL,0.682,0.705,0.667,0.7,2145659.0,1479776.653,2245
1649203200000,2022-04-06,DOGEBRL,0.81,0.82,0.672,0.682,8966466.0,6593311.021,5599
1649116800000,2022-04-05,DOGEBRL,0.689,0.838,0.683,0.81,15037962.0,11426401.599,8385
1649030400000,2022-04-04,DOGEBRL,0.689,0.736,0.658,0.689,5618467.0,3900198.068,4434
1648944000000,2022-04-03,DOGEBRL,0.653,0.703,0.641,0.688,2107931.0,1435400.639,2609
1648857600000,2022-04-02,DOGEBRL,0.665,0.679,0.65,0.652,1259145.0,840129.787,2124
1648771200000,2022-04-01,DOGEBRL,0.662,0.679,0.632,0.665,2464093.0,1619590.4,2828
1648684800000,2022-03-31,DOGEBRL,0.689,0.709,0.651,0.662,2275967.0,1551363.134,1987
1648598400000,2022-03-30,DOGEBRL,0.692,0.697,0.662,0.689,1794037.0,1225238.739,1744
1648512000000,2022-03-29,DOGEBRL,0.683,0.709,0.674,0.693,2338195.0,1624404.494,1876
1648425600000,2022-03-28,DOGEBRL,0.689,0.742,0.675,0.682,2602033.0,1852512.188,2739
1648339200000,2022-03-27,DOGEBRL,0.651,0.692,0.648,0.69,3052143.0,2058688.574,2304
1648252800000,2022-03-26,DOGEBRL,0.626,0.656,0.618,0.651,1343644.0,859530.111,1210
1648166400000,2022-03-25,DOGEBRL,0.662,0.667,0.612,0.626,1859999.0,1194171.062,1690
1648080000000,2022-03-24,DOGEBRL,0.631,0.685,0.619,0.663,4489646.0,2961581.313,3121
1647993600000,2022-03-23,DOGEBRL,0.605,0.641,0.598,0.631,1996743.0,1238965.808,1757
1647907200000,2022-03-22,DOGEBRL,0.593,0.621,0.59,0.605,1727700.0,1050085.368,1610
1647820800000,2022-03-21,DOGEBRL,0.602,0.615,0.589,0.593,977529.0,584600.93,1026
1647734400000,2022-03-20,DOGEBRL,0.624,0.625,0.593,0.602,525067.0,319434.446,794
1647648000000,2022-03-19,DOGEBRL,0.601,0.631,0.597,0.624,1103186.0,680138.718,1418
1647561600000,2022-03-18,DOGEBRL,0.588,0.604,0.578,0.6,1139438.0,670770.431,1279
1647475200000,2022-03-17,DOGEBRL,0.595,0.608,0.587,0.588,1451356.0,864327.746,1493
1647388800000,2022-03-16,DOGEBRL,0.579,0.595,0.576,0.595,1294093.0,757733.026,1487
1647302400000,2022-03-15,DOGEBRL,0.582,0.587,0.565,0.579,1238230.0,713746.417,1313
1647216000000,2022-03-14,DOGEBRL,0.569,0.621,0.564,0.582,2625721.0,1550625.47,1871
1647129600000,2022-03-13,DOGEBRL,0.584,0.592,0.561,0.569,889669.0,514711.221,1031
1647043200000,2022-03-12,DOGEBRL,0.587,0.597,0.584,0.585,578035.0,341970.848,799
1646956800000,2022-03-11,DOGEBRL,0.589,0.597,0.579,0.588,789747.0,463756.95,1054
1646870400000,2022-03-10,DOGEBRL,0.613,0.614,0.581,0.59,997470.0,591087.851,1208
1646784000000,2022-03-09,DOGEBRL,0.598,0.63,0.594,0.612,1191898.0,733881.164,1421
1646697600000,2022-03-08,DOGEBRL,0.601,0.616,0.59,0.598,1515520.0,913035.634,1422
1646611200000,2022-03-07,DOGEBRL,0.618,0.624,0.58,0.602,1102441.0,667400.606,1327
1646524800000,2022-03-06,DOGEBRL,0.638,0.643,0.612,0.616,723201.0,455149.18,837
1646438400000,2022-03-05,DOGEBRL,0.626,0.643,0.62,0.639,805674.0,508910.34,1012
1646352000000,2022-03-04,DOGEBRL,0.656,0.658,0.615,0.625,1486339.0,948764.657,1506
1646265600000,2022-03-03,DOGEBRL,0.682,0.686,0.648,0.657,1227174.0,812834.15,1436
1646179200000,2022-03-02,DOGEBRL,0.691,0.705,0.674,0.682,1445915.0,995548.906,1679
1646092800000,2022-03-01,DOGEBRL,0.689,0.716,0.668,0.691,1713619.0,1182463.616,1895
1646006400000,2022-02-28,DOGEBRL,0.638,0.696,0.632,0.688,1694466.0,1121162.015,1615
1645920000000,2022-02-27,DOGEBRL,0.664,0.667,0.632,0.64,962925.0,624798.575,1053
1645833600000,2022-02-26,DOGEBRL,0.664,0.677,0.654,0.663,1024258.0,680837.761,1227
1645747200000,2022-02-25,DOGEBRL,0.64,0.667,0.622,0.664,2326157.0,1500505.396,1751
1645660800000,2022-02-24,DOGEBRL,0.642,0.649,0.537,0.639,5172845.68,3056487.909696,3579
1645574400000,2022-02-23,DOGEBRL,0.671,0.69,0.643,0.643,1447936.0,968270.683,1626
1645488000000,2022-02-22,DOGEBRL,0.661,0.673,0.64,0.672,1631862.07,1078388.524201,1714
1645401600000,2022-02-21,DOGEBRL,0.71,0.736,0.656,0.661,1882439.33,1308963.862765,1870
1645315200000,2022-02-20,DOGEBRL,0.732,0.732,0.701,0.71,921070.0,656520.255,1143
1645228800000,2022-02-19,DOGEBRL,0.719,0.759,0.718,0.732,1794045.0,1325279.221,1610
1645142400000,2022-02-18,DOGEBRL,0.722,0.741,0.704,0.719,1229448.0,889667.793,1608
1645056000000,2022-02-17,DOGEBRL,0.767,0.774,0.716,0.722,1604543.0,1199329.246,1873
1644969600000,2022-02-16,DOGEBRL,0.785,0.785,0.76,0.768,1743329.0,1343655.813,1917
1644883200000,2022-02-15,DOGEBRL,0.765,0.793,0.76,0.786,1750754.0,1364381.369,2043
1644796800000,2022-02-14,DOGEBRL,0.784,0.797,0.751,0.765,2006623.0,1543748.97,2242
1644710400000,2022-02-13,DOGEBRL,0.765,0.837,0.762,0.784,3449500.0,2778741.468,2799
1644624000000,2022-02-12,DOGEBRL,0.765,0.78,0.745,0.763,1393661.0,1060254.606,1426
1644537600000,2022-02-11,DOGEBRL,0.799,0.81,0.753,0.766,1710332.0,1352437.051,2126
1644451200000,2022-02-10,DOGEBRL,0.837,0.846,0.792,0.8,2312731.0,1894325.866,2706
1644364800000,2022-02-09,DOGEBRL,0.84,0.862,0.819,0.84,1759726.0,1477203.036,2512
1644278400000,2022-02-08,DOGEBRL,0.878,0.9,0.812,0.84,2851859.0,2419714.974,3474
1644192000000,2022-02-07,DOGEBRL,0.825,0.917,0.813,0.876,4393950.0,3802121.611,5020
1644105600000,2022-02-06,DOGEBRL,0.79,0.837,0.777,0.827,2272339.0,1841596.068,2356
1644019200000,2022-02-05,DOGEBRL,0.792,0.809,0.779,0.789,1813411.0,1444135.205,2301
1643932800000,2022-02-04,DOGEBRL,0.736,0.793,0.731,0.792,1504391.0,1142765.681,2055
1643846400000,2022-02-03,DOGEBRL,0.728,0.741,0.719,0.735,1402812.0,1025247.675,1489
1643760000000,2022-02-02,DOGEBRL,0.756,0.776,0.722,0.729,1303584.0,979804.097,1761
1643673600000,2022-02-01,DOGEBRL,0.757,0.769,0.752,0.755,894065.0,678567.028,1914
1643587200000,2022-01-31,DOGEBRL,0.757,0.759,0.742,0.756,1124118.0,844870.725,1380
1643500800000,2022-01-30,DOGEBRL,0.776,0.779,0.751,0.757,1048046.0,801402.822,1317
1643414400000,2022-01-29,DOGEBRL,0.766,0.782,0.764,0.777,1235179.0,954619.755,1547
1643328000000,2022-01-28,DOGEBRL,0.771,0.779,0.751,0.767,983368.0,751265.078,1573
1643241600000,2022-01-27,DOGEBRL,0.785,0.796,0.745,0.771,1478433.0,1140939.352,1954
1643155200000,2022-01-26,DOGEBRL,0.787,0.835,0.775,0.786,2779896.0,2255687.026,3141
1643068800000,2022-01-25,DOGEBRL,0.762,0.841,0.736,0.786,3935263.0,3082510.368,3173
1642982400000,2022-01-24,DOGEBRL,0.783,0.783,0.698,0.764,2338635.0,1714958.843,2684
1642896000000,2022-01-23,DOGEBRL,0.735,0.8,0.731,0.783,2196615.0,1688149.123,2427
1642809600000,2022-01-22,DOGEBRL,0.781,0.8,0.665,0.735,3419940.26,2498441.991322,3865
1642723200000,2022-01-21,DOGEBRL,0.852,0.863,0.775,0.784,3319296.0,2716583.798,3704
1642636800000,2022-01-20,DOGEBRL,0.89,0.924,0.844,0.851,2253663.0,2004802.881,2843
1642550400000,2022-01-19,DOGEBRL,0.926,0.95,0.888,0.891,2519554.0,2300650.538,2844
1642464000000,2022-01-18,DOGEBRL,0.952,0.971,0.9,0.926,2740405.0,2553479.204,2946
1642377600000,2022-01-17,DOGEBRL,0.986,0.996,0.921,0.952,2061172.0,1949429.714,3524
1642291200000,2022-01-16,DOGEBRL,1.032,1.032,0.97,0.989,2579174.0,2577519.162,3687
1642204800000,2022-01-15,DOGEBRL,1.021,1.086,1.014,1.032,5108937.0,5379367.74,5151
1642118400000,2022-01-14,DOGEBRL,0.96,1.195,0.952,1.021,15833303.0,16881683.797,14300
1642032000000,2022-01-13,DOGEBRL,0.905,0.99,0.898,0.96,6938701.0,6543084.906,4861
1641945600000,2022-01-12,DOGEBRL,0.867,0.912,0.853,0.907,1541622.0,1361191.913,2870
1641859200000,2022-01-11,DOGEBRL,0.817,0.951,0.809,0.867,5444357.0,4835796.509,3718
1641772800000,2022-01-10,DOGEBRL,0.858,0.867,0.785,0.817,1089242.0,892730.074,2302
1641686400000,2022-01-09,DOGEBRL,0.861,0.877,0.849,0.859,695112.0,600370.176,1597
1641600000000,2022-01-08,DOGEBRL,0.883,0.898,0.831,0.859,781929.0,681073.205,2156
1641513600000,2022-01-07,DOGEBRL,0.918,0.92,0.853,0.882,1228394.0,1084622.673,2872
1641427200000,2022-01-06,DOGEBRL,0.918,0.927,0.888,0.92,1284366.0,1167614.279,2783
1641340800000,2022-01-05,DOGEBRL,0.964,0.975,0.859,0.918,1838877.0,1717485.546,3336
1641254400000,2022-01-04,DOGEBRL,0.969,0.978,0.952,0.964,1209828.0,1174088.951,2308
1641168000000,2022-01-03,DOGEBRL,0.984,0.984,0.953,0.968,1026753.0,994817.471,2280
1641081600000,2022-01-02,DOGEBRL,0.976,0.993,0.962,0.984,468257.0,457921.408,1677
1640995200000,2022-01-01,DOGEBRL,0.964,0.978,0.957,0.976,399959.0,387524.151,1036
1640908800000,2021-12-31,DOGEBRL,0.965,0.987,0.938,0.96,971733.0,936725.406,1842
1640822400000,2021-12-30,DOGEBRL,0.965,1.01,0.951,0.964,889036.0,867269.518,2315
1640736000000,2021-12-29,DOGEBRL,0.99,1.008,0.955,0.964,1818829.0,1786057.428,2818
1640649600000,2021-12-28,DOGEBRL,1.068,1.068,0.978,0.988,1936075.0,1969312.774,3637
1640563200000,2021-12-27,DOGEBRL,1.086,1.095,1.06,1.068,1287323.0,1395575.559,2856
1640476800000,2021-12-26,DOGEBRL,1.091,1.099,1.06,1.084,1338820.0,1451991.733,2237
1640390400000,2021-12-25,DOGEBRL,1.064,1.118,1.058,1.091,1372901.0,1496133.775,2612
1640304000000,2021-12-24,DOGEBRL,1.053,1.117,1.023,1.063,3187986.0,3414645.184,4584
1640217600000,2021-12-23,DOGEBRL,0.988,1.054,0.976,1.054,2505399.0,2554635.75,3654
1640131200000,2021-12-22,DOGEBRL,0.98,1.032,0.975,0.987,2377737.0,2376478.685,3445
1640044800000,2021-12-21,DOGEBRL,0.959,0.985,0.951,0.98,1142422.0,1111109.225,2724
1639958400000,2021-12-20,DOGEBRL,0.97,0.977,0.924,0.959,1762205.0,1671244.202,3122
1639872000000,2021-12-19,DOGEBRL,0.984,0.992,0.968,0.97,888880.0,870160.203,2150
1639785600000,2021-12-18,DOGEBRL,0.961,0.999,0.946,0.984,1306522.0,1277347.418,2626
1639699200000,2021-12-17,DOGEBRL,0.993,1.013,0.929,0.96,2439047.0,2370159.038,3856
1639612800000,2021-12-16,DOGEBRL,1.035,1.061,0.989,0.993,2089451.0,2143366.538,4294
1639526400000,2021-12-15,DOGEBRL,1.092,1.092,0.98,1.035,4791771.0,4930294.484,6715
1639440000000,2021-12-14,DOGEBRL,0.902,1.258,0.887,1.092,25305089.0,28165461.092,17940
1639353600000,2021-12-13,DOGEBRL,0.961,0.965,0.868,0.902,2546421.0,2327787.44,2693
1639267200000,2021-12-12,DOGEBRL,0.957,0.985,0.94,0.961,1272264.0,1226765.072,1578
1639180800000,2021-12-11,DOGEBRL,0.932,0.962,0.916,0.955,1255684.0,1186648.693,1491
1639094400000,2021-12-10,DOGEBRL,0.958,0.984,0.928,0.931,1744513.0,1670046.996,2146
1639008000000,2021-12-09,DOGEBRL,1.005,1.029,0.952,0.956,2467382.0,2445823.621,3042
1638921600000,2021-12-08,DOGEBRL,0.995,1.036,0.977,1.005,2400127.0,2409405.854,3419
1638835200000,2021-12-07,DOGEBRL,1.022,1.056,0.987,0.995,2644565.0,2714362.765,3101
1638748800000,2021-12-06,DOGEBRL,0.983,1.037,0.914,1.021,4042849.0,3956204.535,3879
1638662400000,2021-12-05,DOGEBRL,1.026,1.042,0.934,0.984,2921052.0,2891348.161,3423
1638576000000,2021-12-04,DOGEBRL,1.147,1.148,0.74,1.028,14600686.28,13947420.133664,10850
1638489600000,2021-12-03,DOGEBRL,1.197,1.207,1.101,1.147,2560843.0,2978943.37,3174
1638403200000,2021-12-02,DOGEBRL,1.199,1.276,1.158,1.196,6120665.0,7499485.374,4477
1638316800000,2021-12-01,DOGEBRL,1.218,1.242,1.18,1.199,1461417.0,1769657.124,2859
1638230400000,2021-11-30,DOGEBRL,1.221,1.285,1.207,1.217,3813603.0,4755522.187,4440
1638144000000,2021-11-29,DOGEBRL,1.177,1.272,1.149,1.22,4921603.0,6015677.254,4184
1638057600000,2021-11-28,DOGEBRL,1.165,1.177,1.092,1.176,1709369.0,1942535.1,2055
1637971200000,2021-11-27,DOGEBRL,1.146,1.19,1.141,1.164,1894656.0,2228170.483,1967
1637884800000,2021-11-26,DOGEBRL,1.25,1.253,1.056,1.146,8409067.0,9609397.493,6029
1637798400000,2021-11-25,DOGEBRL,1.23,1.29,1.216,1.25,3795486.0,4757026.829,3471
1637712000000,2021-11-24,DOGEBRL,1.285,1.305,1.197,1.232,3051040.0,3759937.38,3748
1637625600000,2021-11-23,DOGEBRL,1.244,1.342,1.21,1.284,4029741.0,5221574.46,4283
1637539200000,2021-11-22,DOGEBRL,1.287,1.287,1.224,1.245,1482109.0,1866887.137,2510
1637452800000,2021-11-21,DOGEBRL,1.323,1.323,1.282,1.285,954739.0,1242368.744,2120
1637366400000,2021-11-20,DOGEBRL,1.322,1.336,1.28,1.324,1422098.0,1869315.349,2549
1637280000000,2021-11-19,DOGEBRL,1.251,1.331,1.22,1.321,2492666.0,3193831.631,3379
1637193600000,2021-11-18,DOGEBRL,1.326,1.348,1.208,1.248,3530792.0,4524366.249,4039
1637107200000,2021-11-17,DOGEBRL,1.321,1.34,1.286,1.326,2058441.0,2713623.767,2926
1637020800000,2021-11-16,DOGEBRL,1.421,1.421,1.254,1.324,4409026.0,5925148.103,5039
1636934400000,2021-11-15,DOGEBRL,1.452,1.462,1.417,1.421,2544973.0,3659251.555,2851
1636848000000,2021-11-14,DOGEBRL,1.448,1.504,1.44,1.451,2731835.0,3988887.791,2830
1636761600000,2021-11-13,DOGEBRL,1.434,1.452,1.409,1.449,1933226.0,2766822.101,2569
1636675200000,2021-11-12,DOGEBRL,1.43,1.473,1.368,1.435,3323722.0,4746738.682,3798
1636588800000,2021-11-11,DOGEBRL,1.425,1.487,1.414,1.43,3892282.0,5634008.101,4493
1636502400000,2021-11-10,DOGEBRL,1.52,1.532,1.326,1.427,5799491.0,8451261.102,7559
1636416000000,2021-11-09,DOGEBRL,1.571,1.615,1.5,1.519,4440342.0,6882083.324,7378
1636329600000,2021-11-08,DOGEBRL,1.495,1.652,1.48,1.575,9407052.0,14753199.996,9953
1636243200000,2021-11-07,DOGEBRL,1.471,1.517,1.454,1.496,2649182.0,3942884.068,4023
1636156800000,2021-11-06,DOGEBRL,1.468,1.503,1.409,1.472,3601393.0,5270918.718,4816
1636070400000,2021-11-05,DOGEBRL,1.491,1.53,1.44,1.468,3433614.0,5061650.444,5981
1635984000000,2021-11-04,DOGEBRL,1.513,1.523,1.432,1.492,4144389.0,6141575.736,6510
1635897600000,2021-11-03,DOGEBRL,1.563,1.58,1.5,1.513,4932738.0,7574003.401,7125
1635811200000,2021-11-02,DOGEBRL,1.556,1.605,1.53,1.562,6400209.0,10033687.6,7749
1635724800000,2021-11-01,DOGEBRL,1.6,1.631,1.51,1.558,9612654.0,14991646.423,9260
1635638400000,2021-10-31,DOGEBRL,1.534,1.628,1.443,1.597,14203195.0,21995368.272,11048
1635552000000,2021-10-30,DOGEBRL,1.644,1.681,1.476,1.532,9846676.0,15717488.581,10176
1635465600000,2021-10-29,DOGEBRL,1.707,1.746,1.54,1.643,20734588.0,34294251.216,19863
1635379200000,2021-10-28,DOGEBRL,1.34,1.927,1.309,1.704,75975261.06,129585047.809847,57879
1635292800000,2021-10-27,DOGEBRL,1.439,1.479,1.238,1.34,17030566.0,23359113.915,16094
1635206400000,2021-10-26,DOGEBRL,1.486,1.539,1.41,1.439,7312529.0,10932014.445,9347
1635120000000,2021-10-25,DOGEBRL,1.57,1.595,1.448,1.485,7989958.0,12108686.176,9456
1635033600000,2021-10-24,DOGEBRL,1.429,1.612,1.399,1.569,16185537.0,24283910.312,13249
1634947200000,2021-10-23,DOGEBRL,1.39,1.443,1.374,1.427,4174152.0,5890704.148,3858
1634860800000,2021-10-22,DOGEBRL,1.375,1.431,1.347,1.389,5386667.0,7505473.399,4948
1634774400000,2021-10-21,DOGEBRL,1.426,1.445,1.366,1.375,4894736.0,6892948.896,5440
1634688000000,2021-10-20,DOGEBRL,1.371,1.456,1.352,1.426,5433490.0,7648151.26,6377
1634601600000,2021-10-19,DOGEBRL,1.37,1.409,1.342,1.37,3638705.0,4972060.953,5260
1634515200000,2021-10-18,DOGEBRL,1.31,1.502,1.304,1.368,15752339.0,22318172.67,11574
1634428800000,2021-10-17,DOGEBRL,1.308,1.335,1.244,1.312,2807467.0,3663943.698,2796
1634342400000,2021-10-16,DOGEBRL,1.29,1.355,1.289,1.31,5045247.0,6669915.176,4455
1634256000000,2021-10-15,DOGEBRL,1.294,1.338,1.241,1.29,4501950.0,5795611.714,4820
1634169600000,2021-10-14,DOGEBRL,1.293,1.334,1.286,1.295,3139595.0,4103349.244,4172
1634083200000,2021-10-13,DOGEBRL,1.262,1.302,1.236,1.29,2801512.0,3550874.768,3376
1633996800000,2021-10-12,DOGEBRL,1.29,1.293,1.208,1.261,3218714.0,4020470.128,2945
1633910400000,2021-10-11,DOGEBRL,1.272,1.319,1.256,1.291,2946239.0,3806054.533,3732
1633824000000,2021-10-10,DOGEBRL,1.366,1.371,1.24,1.273,2779394.0,3678113.336,3285
1633737600000,2021-10-09,DOGEBRL,1.357,1.396,1.341,1.364,3461181.0,4736558.315,3163
1633651200000,2021-10-08,DOGEBRL,1.343,1.399,1.334,1.352,7277237.0,9938501.251,5181
1633564800000,2021-10-07,DOGEBRL,1.396,1.409,1.295,1.342,6597143.0,8908082.999,7770
1633478400000,2021-10-06,DOGEBRL,1.382,1.487,1.329,1.398,12053844.0,16823854.961,11366
1633392000000,2021-10-05,DOGEBRL,1.315,1.46,1.265,1.382,11020695.0,15180426.743,10492
1633305600000,2021-10-04,DOGEBRL,1.187,1.353,1.14,1.312,12091407.0,15060587.016,8249
1633219200000,2021-10-03,DOGEBRL,1.174,1.209,1.154,1.188,2250036.0,2658620.638,2235
1633132800000,2021-10-02,DOGEBRL,1.193,1.202,1.153,1.176,2616086.0,3095440.885,2513
1633046400000,2021-10-01,DOGEBRL,1.111,1.209,1.096,1.193,3767640.0,4354076.019,3630
1632960000000,2021-09-30,DOGEBRL,1.087,1.118,1.082,1.111,2142144.0,2352425.23,1777
1632873600000,2021-09-29,DOGEBRL,1.072,1.108,1.065,1.086,1964332.0,2131999.148,1812
1632787200000,2021-09-28,DOGEBRL,1.082,1.1,1.073,1.074,1638227.0,1780284.43,3066
1632700800000,2021-09-27,DOGEBRL,1.103,1.121,1.082,1.082,2188927.0,2411581.598,3327
1632614400000,2021-09-26,DOGEBRL,1.123,1.126,1.05,1.104,2571078.0,2816247.085,1849
1632528000000,2021-09-25,DOGEBRL,1.127,1.147,1.105,1.125,1861579.0,2096029.458,1885
1632441600000,2021-09-24,DOGEBRL,1.2,1.225,1.059,1.126,4906126.0,5610893.501,4034
1632355200000,2021-09-23,DOGEBRL,1.2,1.212,1.162,1.199,2447944.0,2913118.925,2717
1632268800000,2021-09-22,DOGEBRL,1.068,1.233,1.066,1.202,6377411.0,7384537.579,4510
1632182400000,2021-09-21,DOGEBRL,1.121,1.171,1.054,1.067,4197062.0,4643469.24,4146
1632096000000,2021-09-20,DOGEBRL,1.239,1.239,1.072,1.12,4881970.79,5538258.713032,4349
1632009600000,2021-09-19,DOGEBRL,1.284,1.284,1.229,1.238,1573987.0,1984195.03,1972
1631923200000,2021-09-18,DOGEBRL,1.28,1.312,1.269,1.282,1913947.0,2466129.38,2562
1631836800000,2021-09-17,DOGEBRL,1.278,1.372,1.26,1.279,4425399.0,5799925.034,5367
1631750400000,2021-09-16,DOGEBRL,1.3,1.301,1.236,1.278,2491389.0,3173670.921,3076
1631664000000,2021-09-15,DOGEBRL,1.267,1.306,1.256,1.299,2240564.0,2876738.63,2614
1631577600000,2021-09-14,DOGEBRL,1.235,1.269,1.224,1.265,1928994.0,2402643.341,2337
1631491200000,2021-09-13,DOGEBRL,1.33,1.338,1.208,1.235,3841991.0,4823603.232,4324
1631404800000,2021-09-12,DOGEBRL,1.281,1.353,1.272,1.328,5061892.0,6704086.774,2929
1631318400000,2021-09-11,DOGEBRL,1.275,1.318,1.266,1.282,2661288.0,3446039.255,2532
1631232000000,2021-09-10,DOGEBRL,1.334,1.376,1.245,1.274,3024937.0,3937716.624,3947
1631145600000,2021-09-09,DOGEBRL,1.365,1.381,1.322,1.333,3564383.0,4826131.58,4870
1631059200000,2021-09-08,DOGEBRL,1.355,1.399,1.223,1.367,5772165.0,7727924.018,7480
1630972800000,2021-09-07,DOGEBRL,1.611,1.622,1.146,1.347,11552718.7,16367441.732074,12565
1630886400000,2021-09-06,DOGEBRL,1.634,1.658,1.563,1.611,4658442.61,7503914.200348,5146
1630800000000,2021-09-05,DOGEBRL,1.564,1.645,1.549,1.633,5080327.88,8108289.573496,4760
1630713600000,2021-09-04,DOGEBRL,1.545,1.6099,1.53,1.563,4331789.32,6792565.572403,4407
1630627200000,2021-09-03,DOGEBRL,1.538,1.577,1.496,1.543,5855955.0,9021955.096,5816
1630540800000,2021-09-02,DOGEBRL,1.529,1.604,1.517,1.537,8027040.23,12530801.568286,7460
1630454400000,2021-09-01,DOGEBRL,1.451,1.532,1.424,1.527,9058826.0,13346881.25,6012
1630368000000,2021-08-31,DOGEBRL,1.425,1.48,1.414,1.451,12296455.0,17784152.521,7576
1630281600000,2021-08-30,DOGEBRL,1.47,1.517,1.416,1.425,10499777.0,15306363.05,6420
1630195200000,2021-08-29,DOGEBRL,1.497,1.529,1.449,1.47,4497097.0,6707645.926,2996
1630108800000,2021-08-28,DOGEBRL,1.537,1.5622,1.482,1.499,8159557.47,12333889.778925,5367
1630022400000,2021-08-27,DOGEBRL,1.427,1.539,1.408,1.537,15574414.14,22770307.334205,8834
1629936000000,2021-08-26,DOGEBRL,1.5421,1.559,1.4,1.426,14503045.69,20937436.999227,9345
1629849600000,2021-08-25,DOGEBRL,1.5334,1.5748,1.4857,1.5408,5412386.91,8263126.65484,6548
1629763200000,2021-08-24,DOGEBRL,1.7262,1.7365,1.4701,1.5362,9512008.22,15351985.887424,11451
1629676800000,2021-08-23,DOGEBRL,1.7032,1.7644,1.6894,1.728,9834840.99,16990816.080531,11264
1629590400000,2021-08-22,DOGEBRL,1.721,1.7373,1.662,1.7032,6087797.19,10357150.361701,7518
1629504000000,2021-08-21,DOGEBRL,1.7671,1.774,1.697,1.7208,10467471.71,18234742.56549,11741
1629417600000,2021-08-20,DOGEBRL,1.7145,1.8027,1.6927,1.7671,14894772.52,26013860.960532,15796
1629331200000,2021-08-19,DOGEBRL,1.6404,1.7238,1.5959,1.7122,14372348.21,23858922.323708,11831
1629244800000,2021-08-18,DOGEBRL,1.6005,1.7436,1.4893,1.6407,19716731.58,32243187.178737,16247
1629158400000,2021-08-17,DOGEBRL,1.6965,1.803,1.5737,1.603,17857222.96,30502140.231138,15942
1629072000000,2021-08-16,DOGEBRL,1.797,1.8514,1.6502,1.6965,22090798.07,38891669.156306,21278
1628985600000,2021-08-15,DOGEBRL,1.5531,1.8499,1.5236,1.7945,26822792.27,44593438.646361,21986
1628899200000,2021-08-14,DOGEBRL,1.51,1.57,1.46,1.555,18930062.07,28812320.814379,13865
1628812800000,2021-08-13,DOGEBRL,1.3979,1.5139,1.384,1.5132,14111189.46,20567968.551112,11334
1628726400000,2021-08-12,DOGEBRL,1.3975,1.5549,1.3275,1.398,21871248.78,31426155.566169,17869
1628640000000,2021-08-11,DOGEBRL,1.3474,1.4874,1.3417,1.398,19997074.14,28460064.39181,19661
1628553600000,2021-08-10,DOGEBRL,1.3489,1.383,1.2875,1.3466,15845918.31,21252243.152954,13817
1628467200000,2021-08-09,DOGEBRL,1.2653,1.3997,1.2159,1.3488,18503015.74,24584809.120363,15316
1628380800000,2021-08-08,DOGEBRL,1.378,1.4944,1.2399,1.264,31545909.19,43478840.136844,24609
1628294400000,2021-08-07,DOGEBRL,1.0733,1.3823,1.0681,1.3763,31858996.18,39232761.169725,24516
1628208000000,2021-08-06,DOGEBRL,1.0528,1.1136,1.0412,1.0733,8301452.34,8880977.628523,7562
1628121600000,2021-08-05,DOGEBRL,1.0497,1.0604,1.0083,1.0528,9781277.43,10167497.455508,6188
1628035200000,2021-08-04,DOGEBRL,1.028,1.0709,1.0189,1.0495,6206041.91,6489377.027667,5827
1627948800000,2021-08-03,DOGEBRL,1.06,1.0668,1.0111,1.0261,8514821.23,8825407.233864,6357
1627862400000,2021-08-02,DOGEBRL,1.0654,1.0912,1.053,1.0609,5490914.05,5840117.604018,5059
1627776000000,2021-08-01,DOGEBRL,1.0837,1.1309,1.0563,1.0654,8742430.56,9579698.515244,7129
1627689600000,2021-07-31,DOGEBRL,1.0891,1.1168,1.0634,1.0845,6512345.63,7067133.676592,6088
1627603200000,2021-07-30,DOGEBRL,1.0482,1.09,1.005,1.0893,11619913.64,12229785.698965,7872
1627516800000,2021-07-29,DOGEBRL,1.0609,1.0652,1.0255,1.0472,4648912.62,4869619.436226,4891
1627430400000,2021-07-28,DOGEBRL,1.0714,1.1087,1.05,1.062,11117169.5,11900718.368339,8417
1627344000000,2021-07-27,DOGEBRL,1.0643,1.0942,1.0178,1.0723,10199765.6,10745520.295749,9448
1627257600000,2021-07-26,DOGEBRL,1.031,1.195,1.0245,1.0652,27233066.98,30439657.229578,22365
1627171200000,2021-07-25,DOGEBRL,1.03,1.0468,1.0002,1.0291,8098033.53,8271407.704863,4934
1627084800000,2021-07-24,DOGEBRL,1.0213,1.0676,0.9948,1.0317,9572727.3,9803786.351107,7793
1626998400000,2021-07-23,DOGEBRL,1.0057,1.0467,0.9549,1.0201,10844457.42,10861513.684509,7893
1626912000000,2021-07-22,DOGEBRL,0.9996,1.0291,0.9761,1.0062,8915435.16,8920628.033745,7427
1626825600000,2021-07-21,DOGEBRL,0.8981,1.1269,0.8872,0.9996,27956146.17,28544624.493257,19028
1626739200000,2021-07-20,DOGEBRL,0.9166,0.9469,0.8489,0.8978,15142469.61,13480465.085042,10708
1626652800000,2021-07-19,DOGEBRL,0.9399,0.9519,0.8914,0.9167,7842120.09,7189074.419301,6330
1626566400000,2021-07-18,DOGEBRL,0.9674,1.0114,0.9333,0.9399,7334245.11,7130857.058121,6633
1626480000000,2021-07-17,DOGEBRL,0.89,1.0611,0.8754,0.9688,12895219.26,12441452.002022,10152
1626393600000,2021-07-16,DOGEBRL,0.9553,0.9695,0.8859,0.8906,11997531.52,11113830.406657,7962
1626307200000,2021-07-15,DOGEBRL,1.0146,1.0277,0.9317,0.9564,9345737.63,9117847.736881,7365
1626220800000,2021-07-14,DOGEBRL,1.0459,1.057,0.98,1.014,14779366.6,15048561.72334,8535
1626134400000,2021-07-13,DOGEBRL,1.0867,1.0915,1.0341,1.0459,8910676.1,9445249.925202,6361
1626048000000,2021-07-12,DOGEBRL,1.141,1.1588,1.0687,1.0864,7849363.87,8691032.18275,7093
1625961600000,2021-07-11,DOGEBRL,1.1374,1.1593,1.12,1.141,5410572.72,6160219.33614,3938
1625875200000,2021-07-10,DOGEBRL,1.164,1.2048,1.1174,1.1364,7833638.98,9071671.66735,7724
1625788800000,2021-07-09,DOGEBRL,1.103,1.22,1.04,1.162,14648761.33,16815161.297219,11997
1625702400000,2021-07-08,DOGEBRL,1.1808,1.1863,1.0764,1.1015,15154191.06,17144833.465159,11610
1625616000000,2021-07-07,DOGEBRL,1.2215,1.2344,1.1667,1.1811,8579535.59,10400646.857044,8886
1625529600000,2021-07-06,DOGEBRL,1.1923,1.239,1.1885,1.2215,8448271.3,10213089.02411,7920
1625443200000,2021-07-05,DOGEBRL,1.249,1.2515,1.1534,1.1923,11706051.8,14167825.585037,8655
1625356800000,2021-07-04,DOGEBRL,1.2503,1.2768,1.2362,1.2501,5786782.75,7260713.571903,4755
1625270400000,2021-07-03,DOGEBRL,1.245,1.2672,1.2315,1.2503,5422889.19,6787486.222611,4709
1625184000000,2021-07-02,DOGEBRL,1.239,1.2585,1.2105,1.2439,6041694.51,7455843.914346,5288
1625097600000,2021-07-01,DOGEBRL,1.2737,1.3102,1.1972,1.239,11928415.68,14969570.588881,9740
1625011200000,2021-06-30,DOGEBRL,1.3144,1.3147,1.1997,1.2737,15172692.0,19071981.976853,10380
1624924800000,2021-06-29,DOGEBRL,1.2764,1.367,1.2534,1.3113,17865036.71,23521032.675257,14202
1624838400000,2021-06-28,DOGEBRL,1.3154,1.3245,1.2433,1.2764,13360139.28,17037520.623838,11169
1624752000000,2021-06-27,DOGEBRL,1.2299,1.3276,1.1993,1.3125,16627698.23,20649628.602551,10631
1624665600000,2021-06-26,DOGEBRL,1.1902,1.2727,1.1555,1.2299,16201457.43,19531592.115669,14108
1624579200000,2021-06-25,DOGEBRL,1.3066,1.4305,1.1455,1.1898,37396023.53,47683675.305224,34369
1624492800000,2021-06-24,DOGEBRL,1.1795,1.3331,1.1163,1.3059,26560718.29,32308058.518644,20944
1624406400000,2021-06-23,DOGEBRL,0.9581,1.255,0.9076,1.1819,29975219.57,33222838.087909,26510
1624320000000,2021-06-22,DOGEBRL,0.91,1.1042,0.8351,0.9581,45578584.62,43819578.464384,29601
1624233600000,2021-06-21,DOGEBRL,1.4445,1.4488,0.8426,0.91,34191572.15,36822071.563472,27903
1624147200000,2021-06-20,DOGEBRL,1.473,1.495,1.3231,1.4445,13781130.96,19345728.22258,9365
1624060800000,2021-06-19,DOGEBRL,1.5075,1.5333,1.4713,1.4742,6449467.13,9670280.941253,5839
1623974400000,2021-06-18,DOGEBRL,1.5431,1.5497,1.4333,1.5077,8895436.5,13233483.885344,11038
1623888000000,2021-06-17,DOGEBRL,1.5698,1.601,1.535,1.5431,4206229.88,6602896.820573,7838
1623801600000,2021-06-16,DOGEBRL,1.626,1.6347,1.542,1.5698,7163351.36,11354322.703727,9438
1623715200000,2021-06-15,DOGEBRL,1.6731,1.6839,1.6142,1.6287,5711683.21,9401176.78635,8676
1623628800000,2021-06-14,DOGEBRL,1.6573,1.7191,1.6353,1.6728,6322298.2,10537600.145126,9858
1623542400000,2021-06-13,DOGEBRL,1.6102,1.6888,1.5875,1.6574,6248862.89,10129354.266054,7149
1623456000000,2021-06-12,DOGEBRL,1.645,1.6472,1.5577,1.6112,5963700.25,9597983.868339,9363
1623369600000,2021-06-11,DOGEBRL,1.6653,1.7215,1.6043,1.6458,7694405.44,12696550.792961,10161
1623283200000,2021-06-10,DOGEBRL,1.7546,1.7599,1.6524,1.6653,7634938.89,12990343.047011,10564
1623196800000,2021-06-09,DOGEBRL,1.6605,1.81,1.5864,1.7502,10266050.96,17509831.343255,16125
1623110400000,2021-06-08,DOGEBRL,1.6973,1.7423,1.5036,1.6615,10125914.84,16673575.411486,19820
1623024000000,2021-06-07,DOGEBRL,1.8922,1.9229,1.6732,1.6935,13402444.43,24613616.962998,17886
1622937600000,2021-06-06,DOGEBRL,1.8962,1.9152,1.8631,1.8906,5018935.18,9461331.149333,6540
1622851200000,2021-06-05,DOGEBRL,1.91,1.989,1.8359,1.8935,9114595.48,17515105.817681,12543
1622764800000,2021-06-04,DOGEBRL,2.0351,2.042,1.8,1.9149,16238331.05,31156882.350028,24499
1622678400000,2021-06-03,DOGEBRL,2.1679,2.2466,1.9247,2.0339,18528768.65,38476850.409481,29461
1622592000000,2021-06-02,DOGEBRL,1.9199,2.2956,1.8201,2.1678,35280319.8,74061755.087397,48449
1622505600000,2021-06-01,DOGEBRL,1.7062,1.9931,1.6219,1.9172,18729132.26,33730836.975421,24559
1622419200000,2021-05-31,DOGEBRL,1.594,1.7318,1.5517,1.7061,7959732.23,13140869.348968,11140
1622332800000,2021-05-30,DOGEBRL,1.5957,1.6331,1.5154,1.5958,4668949.79,7445914.389433,6775
1622246400000,2021-05-29,DOGEBRL,1.647,1.6821,1.48,1.5956,5386603.24,8544732.785674,8949
1622160000000,2021-05-28,DOGEBRL,1.7672,1.8379,1.6025,1.6437,7820387.71,13205221.59726,12216
1622073600000,2021-05-27,DOGEBRL,1.8893,1.8893,1.7386,1.766,7624708.28,13764407.156111,13134
1621987200000,2021-05-26,DOGEBRL,1.8644,1.9531,1.8052,1.8924,10743379.18,20123260.93276,17358
1621900800000,2021-05-25,DOGEBRL,1.9678,2.0447,1.7399,1.8644,12694429.55,23785239.814847,21140
1621814400000,2021-05-24,DOGEBRL,1.68,2.011,1.6133,1.9678,17334467.2,31844913.750878,27735
1621728000000,2021-05-23,DOGEBRL,1.8667,1.9067,1.3826,1.6765,15215211.42,25071798.151797,26109
1621641600000,2021-05-22,DOGEBRL,1.95,1.9799,1.7315,1.8631,9596443.12,17978767.542557,16872
1621555200000,2021-05-21,DOGEBRL,2.1351,2.2129,1.7271,1.952,20146546.38,39960104.211028,31052
1621468800000,2021-05-20,DOGEBRL,1.7996,2.3699,1.6296,2.133,33627571.64,70513482.747862,51558
1621382400000,2021-05-19,DOGEBRL,2.5355,2.548,1.1382,1.7995,36836883.05,72822594.400414,70242
1621296000000,2021-05-18,DOGEBRL,2.5988,2.75,2.4903,2.5355,8838095.72,22919517.31499,23293
1621209600000,2021-05-17,DOGEBRL,2.7415,2.755,2.43,2.5999,8285152.65,21587383.790065,30755
1621123200000,2021-05-16,DOGEBRL,2.7178,2.9193,2.4127,2.7449,12359466.42,33886514.802116,33176
1621036800000,2021-05-15,DOGEBRL,2.9876,2.9999,2.6203,2.7178,13804933.68,38493365.577125,40937
1620950400000,2021-05-14,DOGEBRL,2.6168,3.15,2.4928,2.98,42421578.27,121627554.901303,90758
1620864000000,2021-05-13,DOGEBRL,2.1023,2.7856,1.9,2.6239,35034979.92,80924477.964781,70909
1620777600000,2021-05-12,DOGEBRL,2.598,2.7376,2.059,2.1024,20696213.41,51467410.549049,46564
1620691200000,2021-05-11,DOGEBRL,2.3997,2.9,2.36,2.5982,23043697.62,60663803.963117,49492
1620604800000,2021-05-10,DOGEBRL,3.0222,3.0278,2.2451,2.3962,32398675.77,85955549.670831,74511
1620518400000,2021-05-09,DOGEBRL,3.3832,3.719,2.2255,3.02,98208714.45,279772125.29928,161954
1620432000000,2021-05-08,DOGEBRL,3.6568,3.891,3.1834,3.3832,38962638.67,140690937.433327,118746
1620345600000,2021-05-07,DOGEBRL,3.1099,3.89,2.7625,3.6568,50988546.18,170295715.140594,123768
1620259200000,2021-05-06,DOGEBRL,3.534,3.5948,2.8997,3.095,31317718.74,101181094.12867,77231
1620172800000,2021-05-05,DOGEBRL,2.98,3.8194,2.8,3.534,81620117.03,280627687.200895,155682
1620086400000,2021-05-04,DOGEBRL,2.4272,3.3568,2.18,2.9762,84942532.06,242469390.42338,130256
1620000000000,2021-05-03,DOGEBRL,2.0559,2.4615,2.0559,2.4272,25679619.03,58338172.628477,41110
1619913600000,2021-05-02,DOGEBRL,2.147,2.1996,1.985,2.0544,18029674.23,38049127.98787,29318
1619827200000,2021-05-01,DOGEBRL,1.8499,2.1836,1.8009,2.1499,27353157.12,54801773.475821,39495
1619740800000,2021-04-30,DOGEBRL,1.6447,1.86,1.631,1.8494,15528337.05,27365742.180834,22249
1619654400000,2021-04-29,DOGEBRL,1.7391,1.752,1.607,1.6438,13224678.71,22209368.829347,22201
1619568000000,2021-04-28,DOGEBRL,1.4973,1.9012,1.4102,1.7426,43901395.64,74239978.955525,45146
1619481600000,2021-04-27,DOGEBRL,1.4874,1.5296,1.4506,1.4992,11552610.32,17185564.734412,17355
1619395200000,2021-04-26,DOGEBRL,1.3985,1.55,1.3751,1.4841,18058455.46,26606531.493289,17240
1619308800000,2021-04-25,DOGEBRL,1.5013,1.6058,1.2499,1.395,22898512.84,33027853.469433,20373
1619222400000,2021-04-24,DOGEBRL,1.3885,1.6004,1.2693,1.5013,37996280.17,56263765.462424,30700
1619136000000,2021-04-23,DOGEBRL,1.4442,1.4837,0.64,1.3878,44408174.66,54728209.136338,44883
1619049600000,2021-04-22,DOGEBRL,1.7317,1.74,1.3919,1.4467,40121784.9,63026193.528309,48349
1618963200000,2021-04-21,DOGEBRL,1.7887,1.9496,1.6666,1.7319,25401312.9,45031379.111438,48856
1618876800000,2021-04-20,DOGEBRL,2.31,2.38,1.5194,1.7955,48336345.29,96455874.245556,103225
1618790400000,2021-04-19,DOGEBRL,1.84,2.4699,1.7563,2.31,55607559.73,122325936.028474,110807
1618704000000,2021-04-18,DOGEBRL,1.6122,2.01,1.3672,1.8376,33967810.93,60851942.631771,68058
1618617600000,2021-04-17,DOGEBRL,2.0825,2.1649,1.32,1.6197,52078694.97,88034632.379686,88872
1618531200000,2021-04-16,DOGEBRL,1.042,2.5842,1.0,2.0825,234369621.48,407097478.048866,232313
1618444800000,2021-04-15,DOGEBRL,0.6981,1.0912,0.6893,1.0388,98538012.8,87771911.604119,56615
1618358400000,2021-04-14,DOGEBRL,0.548,0.8431,0.535,0.6961,148105855.29,105958187.575627,57596
1618272000000,2021-04-13,DOGEBRL,0.4089,0.5541,0.4079,0.547,45741376.12,22476706.931625,18538
1618185600000,2021-04-12,DOGEBRL,0.4231,0.4326,0.3921,0.4083,13003793.69,5332963.500176,7754
1618099200000,2021-04-11,DOGEBRL,0.3655,0.456,0.3622,0.4236,41535975.16,17275922.59873,11877
1618012800000,2021-04-10,DOGEBRL,0.3529,0.3698,0.35,0.3647,6207605.13,2233638.965342,3832
1617926400000,2021-04-09,DOGEBRL,0.349,0.3606,0.3407,0.352,6566934.88,2308412.736952,4409
1617840000000,2021-04-08,DOGEBRL,0.3343,0.3528,0.3332,0.349,4847168.85,1671618.298676,4353
1617753600000,2021-04-07,DOGEBRL,0.3669,0.382,0.3251,0.3343,13183635.43,4652853.099921,7803
1617667200000,2021-04-06,DOGEBRL,0.343,0.3743,0.3328,0.3651,10504360.68,3684383.723916,6317
1617580800000,2021-04-05,DOGEBRL,0.333,0.347,0.3257,0.3425,5279569.59,1764316.123021,3187
1617494400000,2021-04-04,DOGEBRL,0.3235,0.3375,0.3201,0.3333,2644389.02,871264.309381,1865
1617408000000,2021-04-03,DOGEBRL,0.3323,0.3414,0.3226,0.3226,5122349.93,1714372.079372,2526
1617321600000,2021-04-02,DOGEBRL,0.3584,0.3626,0.3299,0.3322,8050409.37,2743209.757678,4181
1617235200000,2021-04-01,DOGEBRL,0.3063,0.405,0.3048,0.3583,45796507.72,16411724.655749,11875
1617148800000,2021-03-31,DOGEBRL,0.3127,0.3152,0.2984,0.3056,5622349.64,1743177.304598,2708
1617062400000,2021-03-30,DOGEBRL,0.3128,0.3208,0.3107,0.3127,6516533.46,2043869.280494,2869
1616976000000,2021-03-29,DOGEBRL,0.3092,0.3154,0.3062,0.3128,17005716.23,5277688.439072,3188
1616889600000,2021-03-28,DOGEBRL,0.3138,0.3148,0.3063,0.3087,3302574.86,1026634.553073,1523
1616803200000,2021-03-27,DOGEBRL,0.3128,0.3208,0.3097,0.3133,3400351.24,1069327.907035,2026
1616716800000,2021-03-26,DOGEBRL,0.2944,0.3128,0.2936,0.3125,2355562.87,714139.156791,1760
1616630400000,2021-03-25,DOGEBRL,0.2948,0.2999,0.2829,0.2943,3521991.28,1028397.804932,1884
1616544000000,2021-03-24,DOGEBRL,0.2997,0.3149,0.2909,0.2952,6008337.27,1825075.097719,2162
1616457600000,2021-03-23,DOGEBRL,0.3073,0.3175,0.295,0.2985,3585398.4,1095713.877426,1771
1616371200000,2021-03-22,DOGEBRL,0.3214,0.324,0.307,0.3081,4422548.56,1402399.180758,2154
1616284800000,2021-03-21,DOGEBRL,0.3278,0.3322,0.3194,0.3215,1450568.75,471550.340325,1409
1616198400000,2021-03-20,DOGEBRL,0.3245,0.3368,0.3215,0.3278,4514398.43,1488938.604143,2582
1616112000000,2021-03-19,DOGEBRL,0.3225,0.3352,0.319,0.3248,4936577.49,1606060.611047,2739
1616025600000,2021-03-18,DOGEBRL,0.3252,0.3328,0.32,0.3225,4456985.33,1452644.388677,2904
1615939200000,2021-03-17,DOGEBRL,0.3329,0.3349,0.3224,0.3252,3408099.41,1117054.421549,3238
1615852800000,2021-03-16,DOGEBRL,0.3258,0.335,0.3177,0.3329,6220774.83,2033315.447183,4370
1615766400000,2021-03-15,DOGEBRL,0.3303,0.3394,0.3139,0.3258,4238053.88,1378144.685654,3569
1615680000000,2021-03-14,DOGEBRL,0.3506,0.3559,0.3292,0.33,10035385.98,3446329.221111,5590
1615593600000,2021-03-13,DOGEBRL,0.3102,0.353,0.3079,0.3514,9407522.79,3124301.863095,4410
1615507200000,2021-03-12,DOGEBRL,0.3126,0.3195,0.3058,0.31,3287671.68,1019939.639566,2779
1615420800000,2021-03-11,DOGEBRL,0.3209,0.3215,0.309,0.3122,2574644.5,809949.74297,2434
1615334400000,2021-03-10,DOGEBRL,0.3373,0.341,0.312,0.32,5854234.28,1899330.127868,3350
1615248000000,2021-03-09,DOGEBRL,0.365,0.365,0.3236,0.3369,8046312.87,2730786.27257,4928
1615161600000,2021-03-08,DOGEBRL,0.296,0.365,0.2925,0.365,13740181.24,4450574.131878,6322
1615075200000,2021-03-07,DOGEBRL,0.2924,0.2969,0.287,0.2944,1874460.07,547336.09653,1644
1614988800000,2021-03-06,DOGEBRL,0.2847,0.3019,0.2832,0.2917,4881828.91,1430601.990441,2489
1614902400000,2021-03-05,DOGEBRL,0.286,0.292,0.2758,0.284,3952303.55,1122409.648291,2468
1614816000000,2021-03-04,DOGEBRL,0.2861,0.292,0.2715,0.2865,4276670.95,1214701.794598,2928
1614729600000,2021-03-03,DOGEBRL,0.2873,0.297,0.2846,0.2861,3674375.78,1068546.737672,2351
1614643200000,2021-03-02,DOGEBRL,0.2871,0.2971,0.2829,0.2884,5275544.28,1527394.65035,2277
1614556800000,2021-03-01,DOGEBRL,0.2752,0.2951,0.2729,0.2872,5553543.95,1573706.617342,2274
1614470400000,2021-02-28,DOGEBRL,0.2862,0.2862,0.257,0.2737,5093705.23,1389988.049481,2315
1614384000000,2021-02-27,DOGEBRL,0.2864,0.2922,0.28,0.2856,3442566.64,985142.108747,1700
1614297600000,2021-02-26,DOGEBRL,0.2803,0.2951,0.276,0.2864,8028291.57,2286299.805189,2953
1614211200000,2021-02-25,DOGEBRL,0.3125,0.3185,0.2787,0.2813,9016044.54,2683430.974193,4258
1614124800000,2021-02-24,DOGEBRL,0.265,0.3337,0.257,0.3123,20720218.4,6290883.022948,8114
1614038400000,2021-02-23,DOGEBRL,0.2991,0.3,0.2365,0.265,12208454.62,3286517.376435,4775
1613952000000,2021-02-22,DOGEBRL,0.3096,0.342,0.257,0.2991,8117294.84,2441810.785331,5210
1613865600000,2021-02-21,DOGEBRL,0.2981,0.3272,0.2942,0.309,4519593.08,1398134.299391,3563
1613779200000,2021-02-20,DOGEBRL,0.302,0.331,0.2822,0.2984,6273480.83,1924810.687357,4513
1613692800000,2021-02-19,DOGEBRL,0.3254,0.3287,0.295,0.3014,4672274.88,1438187.718125,3868
1613606400000,2021-02-18,DOGEBRL,0.272,0.356,0.268,0.3255,9661870.97,2976585.697805,5882
1613520000000,2021-02-17,DOGEBRL,0.2921,0.2993,0.2612,0.2705,4500974.42,1261044.389763,3247
1613433600000,2021-02-16,DOGEBRL,0.3089,0.3408,0.277,0.2936,6728996.31,2055448.398018,3455
1613347200000,2021-02-15,DOGEBRL,0.3401,0.3524,0.2625,0.308,10300423.94,3227512.713069,4528
1613260800000,2021-02-14,DOGEBRL,0.362,0.3745,0.3024,0.3401,9085664.35,3100195.065283,4555
1613174400000,2021-02-13,DOGEBRL,0.3807,0.3885,0.3601,0.362,2791592.41,1041386.138822,2727
1613088000000,2021-02-12,DOGEBRL,0.3796,0.398,0.331,0.3807,6371210.27,2354779.148293,4709
1613001600000,2021-02-11,DOGEBRL,0.3953,0.4127,0.369,0.3769,6667173.69,2577140.921368,4556
1612915200000,2021-02-10,DOGEBRL,0.382,0.4456,0.3676,0.3962,11098672.32,4479107.903123,7179
1612828800000,2021-02-09,DOGEBRL,0.42,0.4508,0.343,0.3801,12821109.72,5130610.00257,8359
1612742400000,2021-02-08,DOGEBRL,0.4266,0.4579,0.3426,0.4203,17364458.81,7212113.787485,10479
1612656000000,2021-02-07,DOGEBRL,0.3129,0.475,0.28,0.4255,30215020.82,11250858.746645,14341
1612569600000,2021-02-06,DOGEBRL,0.253,0.3183,0.2419,0.3122,13163747.22,3696630.310483,5846
1612483200000,2021-02-05,DOGEBRL,0.2888,0.2986,0.16,0.2548,12524679.96,3190166.794237,6458
1612396800000,2021-02-04,DOGEBRL,0.1993,0.3321,0.1933,0.2888,40989933.25,10886801.7551,12610
1612310400000,2021-02-03,DOGEBRL,0.1699,0.2147,0.167,0.1993,12638290.43,2361498.446578,3632
1612224000000,2021-02-02,DOGEBRL,0.2113,0.5898,0.163,0.169,3694519.44,632637.803113,1499
