Unix,Date,Symbol,Open,High,Low,Close,Volume BNB,Volume BRL,tradecount
1696032000000,2023-09-30,BNBBRL,1084.0,1093.0,1079.0,1081.0,1159.243,1258794.956,2632
1695945600000,2023-09-29,BNBBRL,1085.0,1092.0,1078.0,1084.0,1368.344,1486079.385,3015
1695859200000,2023-09-28,BNBBRL,1070.0,1097.0,1067.0,1086.0,1240.236,1343273.032,2683
1695772800000,2023-09-27,BNBBRL,1061.0,1080.0,1059.0,1070.0,1417.211,1517621.441,2665
1695686400000,2023-09-26,BNBBRL,1048.0,1064.0,1044.0,1062.0,1235.207,1304840.682,2808
1695600000000,2023-09-25,BNBBRL,1034.0,1050.0,1027.0,1048.0,1258.72,1312446.431,2600
1695513600000,2023-09-24,BNBBRL,1045.0,1048.0,1020.0,1034.0,1050.851,1094046.497,2346
1695427200000,2023-09-23,BNBBRL,1049.0,1051.0,1042.0,1044.0,707.289,740009.818,2204
1695340800000,2023-09-22,BNBBRL,1047.0,1052.0,1038.0,1048.0,1328.67,1388822.408,3083
1695254400000,2023-09-21,BNBBRL,1051.0,1055.0,1028.0,1047.0,1377.643,1437493.369,3150
1695168000000,2023-09-20,BNBBRL,1063.0,1067.0,1046.0,1051.0,1547.572,1631618.752,3315
1695081600000,2023-09-19,BNBBRL,1055.0,1073.0,1053.0,1065.0,1097.415,1166014.91,2620
1694995200000,2023-09-18,BNBBRL,1059.0,1082.0,1051.0,1057.0,1244.386,1326378.01,2986
1694908800000,2023-09-17,BNBBRL,1054.0,1064.0,1047.0,1060.0,590.347,623694.677,1944
1694822400000,2023-09-16,BNBBRL,1048.0,1055.0,1044.0,1053.0,815.012,856247.252,2511
1694736000000,2023-09-15,BNBBRL,1041.0,1052.0,1030.0,1047.0,2176.733,2259103.697,3358
1694649600000,2023-09-14,BNBBRL,1053.0,1063.0,1037.0,1041.0,1354.231,1415619.138,2975
1694563200000,2023-09-13,BNBBRL,1048.0,1056.0,1040.0,1053.0,1315.717,1381274.827,3035
1694476800000,2023-09-12,BNBBRL,1021.0,1063.0,1015.0,1047.0,1935.067,2027775.132,3202
1694390400000,2023-09-11,BNBBRL,1064.0,1067.0,1013.0,1021.0,1934.403,1991556.18,3349
1694304000000,2023-09-10,BNBBRL,1076.0,1076.0,1061.0,1063.0,871.534,931130.262,2211
1694217600000,2023-09-09,BNBBRL,1075.0,1082.0,1073.0,1076.0,780.933,841117.954,2255
1694131200000,2023-09-08,BNBBRL,1086.0,1094.0,1068.0,1076.0,1035.978,1114202.147,2539
1694044800000,2023-09-07,BNBBRL,1073.0,1090.0,1069.0,1087.0,955.444,1028759.997,2507
1693958400000,2023-09-06,BNBBRL,1070.0,1092.0,1061.0,1073.0,1398.206,1499328.008,2977
1693872000000,2023-09-05,BNBBRL,1068.0,1079.0,1059.0,1069.0,1046.597,1120635.811,2699
1693785600000,2023-09-04,BNBBRL,1070.0,1079.0,1057.0,1067.0,1117.389,1193252.522,2499
1693699200000,2023-09-03,BNBBRL,1068.0,1073.0,1063.0,1070.0,830.946,886930.784,2051
1693612800000,2023-09-02,BNBBRL,1063.0,1075.0,1061.0,1067.0,1039.936,1110812.471,2427
1693526400000,2023-09-01,BNBBRL,1079.0,1087.0,1049.0,1063.0,1761.318,1874807.765,3722
1693440000000,2023-08-31,BNBBRL,1098.0,1110.0,1070.0,1080.0,1645.417,1793606.223,3244
1693353600000,2023-08-30,BNBBRL,1108.0,1110.0,1083.0,1099.0,1333.185,1460295.834,2826
1693267200000,2023-08-29,BNBBRL,1071.0,1142.0,1062.0,1109.0,2097.991,2324207.618,3605
1693180800000,2023-08-28,BNBBRL,1073.0,1080.0,1059.0,1072.0,969.998,1039266.119,2416
1693094400000,2023-08-27,BNBBRL,1063.0,1081.0,1061.0,1074.0,615.03,659069.415,1836
1693008000000,2023-08-26,BNBBRL,1070.0,1073.0,1061.0,1065.0,785.441,836713.243,2273
1692921600000,2023-08-25,BNBBRL,1074.0,1076.0,1050.0,1071.0,1290.352,1373559.665,3046
1692835200000,2023-08-24,BNBBRL,1062.0,1081.0,1056.0,1074.0,1307.803,1396759.587,3357
1692748800000,2023-08-23,BNBBRL,1047.0,1075.0,1046.0,1061.0,1727.932,1836277.775,3486
1692662400000,2023-08-22,BNBBRL,1053.0,1057.0,1012.0,1048.0,1790.369,1855217.453,3765
1692576000000,2023-08-21,BNBBRL,1091.0,1092.0,1037.0,1052.0,1537.939,1625713.77,3324
1692489600000,2023-08-20,BNBBRL,1091.0,1097.0,1083.0,1091.0,716.809,781636.415,2379
1692403200000,2023-08-19,BNBBRL,1085.0,1103.0,1074.0,1090.0,1061.481,1152975.624,2819
1692316800000,2023-08-18,BNBBRL,1101.0,1113.0,1071.0,1085.0,1848.983,2017024.044,3950
1692230400000,2023-08-17,BNBBRL,1163.0,1165.0,1082.0,1102.0,2992.148,3339136.003,5354
1692144000000,2023-08-16,BNBBRL,1186.0,1188.0,1158.0,1163.0,1082.552,1268126.121,3635
1692057600000,2023-08-15,BNBBRL,1194.0,1198.0,1175.0,1186.0,2237.118,2664883.687,5760
1691971200000,2023-08-14,BNBBRL,1186.0,1202.0,1182.0,1195.0,1755.604,2096907.02,4695
1691884800000,2023-08-13,BNBBRL,1185.0,1194.0,1182.0,1186.0,709.691,843041.658,2607
1691798400000,2023-08-12,BNBBRL,1181.0,1189.0,1177.0,1184.0,1066.408,1263832.696,3467
1691712000000,2023-08-11,BNBBRL,1186.0,1189.0,1170.0,1180.0,1596.911,1882054.097,3982
1691625600000,2023-08-10,BNBBRL,1202.0,1203.0,1176.0,1186.0,1335.366,1583496.999,3878
1691539200000,2023-08-09,BNBBRL,1204.0,1207.0,1196.0,1202.0,1359.431,1631612.987,3820
1691452800000,2023-08-08,BNBBRL,1188.0,1218.0,1184.0,1204.0,1553.689,1869327.148,4268
1691366400000,2023-08-07,BNBBRL,1192.0,1200.0,1181.0,1188.0,1247.225,1482465.295,3757
1691280000000,2023-08-06,BNBBRL,1192.0,1204.0,1190.0,1191.0,693.903,830613.008,2795
1691193600000,2023-08-05,BNBBRL,1187.0,1195.0,1178.0,1193.0,873.637,1038326.029,3317
1691107200000,2023-08-04,BNBBRL,1187.0,1197.0,1176.0,1187.0,1115.917,1323299.496,3417
1691020800000,2023-08-03,BNBBRL,1165.0,1191.0,1152.0,1187.0,1094.51,1287791.837,3207
1690934400000,2023-08-02,BNBBRL,1192.0,1197.0,1141.0,1165.0,1998.055,2349051.489,3841
1690848000000,2023-08-01,BNBBRL,1148.0,1193.0,1132.0,1190.0,2280.658,2661596.813,4523
1690761600000,2023-07-31,BNBBRL,1160.0,1166.0,1145.0,1147.0,1038.761,1201454.347,3063
1690675200000,2023-07-30,BNBBRL,1159.0,1166.0,1150.0,1160.0,524.123,607599.194,2097
1690588800000,2023-07-29,BNBBRL,1155.0,1160.0,1151.0,1159.0,692.119,800283.051,2627
1690502400000,2023-07-28,BNBBRL,1148.0,1159.0,1143.0,1157.0,999.79,1151936.15,3055
1690416000000,2023-07-27,BNBBRL,1141.0,1166.0,1138.0,1147.0,734.203,841797.633,2668
1690329600000,2023-07-26,BNBBRL,1137.0,1146.0,1130.0,1141.0,764.987,868818.979,2846
1690243200000,2023-07-25,BNBBRL,1140.0,1145.0,1128.0,1136.0,825.805,937415.873,2935
1690156800000,2023-07-24,BNBBRL,1170.0,1173.0,1123.0,1140.0,1058.505,1209455.116,3223
1690070400000,2023-07-23,BNBBRL,1164.0,1177.0,1161.0,1170.0,368.547,431041.26,1872
1689984000000,2023-07-22,BNBBRL,1174.0,1181.0,1159.0,1163.0,615.45,720656.788,2590
1689897600000,2023-07-21,BNBBRL,1170.0,1185.0,1167.0,1174.0,662.828,778174.292,2994
1689811200000,2023-07-20,BNBBRL,1162.0,1180.0,1160.0,1169.0,1031.055,1204892.815,3135
1689724800000,2023-07-19,BNBBRL,1159.0,1178.0,1157.0,1162.0,1025.673,1195827.858,3103
1689638400000,2023-07-18,BNBBRL,1181.0,1192.0,1151.0,1159.0,1699.222,1982410.587,4956
1689552000000,2023-07-17,BNBBRL,1172.0,1193.0,1157.0,1181.0,1584.616,1863624.464,5318
1689465600000,2023-07-16,BNBBRL,1216.0,1223.0,1170.0,1173.0,1210.312,1452510.485,3775
1689379200000,2023-07-15,BNBBRL,1201.0,1222.0,1195.0,1216.0,1053.632,1277654.558,3549
1689292800000,2023-07-14,BNBBRL,1229.0,1254.0,1175.0,1201.0,1935.679,2349444.985,5183
1689206400000,2023-07-13,BNBBRL,1185.0,1238.0,1178.0,1231.0,2191.485,2650283.359,5400
1689120000000,2023-07-12,BNBBRL,1214.0,1222.0,1175.0,1184.0,1461.672,1745902.705,3846
1689033600000,2023-07-11,BNBBRL,1203.0,1219.0,1197.0,1215.0,1387.22,1678771.682,3838
1688947200000,2023-07-10,BNBBRL,1152.0,1206.0,1140.0,1204.0,2057.015,2444497.757,4282
1688860800000,2023-07-09,BNBBRL,1163.0,1166.0,1147.0,1151.0,509.462,588774.298,2152
1688774400000,2023-07-08,BNBBRL,1155.0,1167.0,1151.0,1162.0,597.161,692436.151,2273
1688688000000,2023-07-07,BNBBRL,1145.0,1162.0,1140.0,1157.0,940.615,1083343.901,2981
1688601600000,2023-07-06,BNBBRL,1160.0,1194.0,1142.0,1145.0,1135.846,1326638.057,3269
1688515200000,2023-07-05,BNBBRL,1180.0,1185.0,1150.0,1162.0,1306.079,1523763.736,3193
1688428800000,2023-07-04,BNBBRL,1186.0,1188.0,1168.0,1180.0,1157.734,1366450.285,3347
1688342400000,2023-07-03,BNBBRL,1190.0,1228.0,1182.0,1186.0,1226.468,1468075.774,3549
1688256000000,2023-07-02,BNBBRL,1197.0,1199.0,1173.0,1190.0,657.15,777970.247,2220
1688169600000,2023-07-01,BNBBRL,1160.0,1200.0,1158.0,1196.0,1131.023,1334560.42,2992
1688083200000,2023-06-30,BNBBRL,1136.0,1179.0,1123.0,1158.0,1408.368,1625062.033,3182
1687996800000,2023-06-29,BNBBRL,1127.0,1156.0,1126.0,1136.0,745.12,848893.107,2458
1687910400000,2023-06-28,BNBBRL,1146.0,1151.0,1097.0,1127.0,1181.204,1335787.433,2992
1687824000000,2023-06-27,BNBBRL,1134.0,1159.0,1124.0,1148.0,994.335,1140843.808,2956
1687737600000,2023-06-26,BNBBRL,1152.0,1156.0,1121.0,1132.0,855.255,972258.966,2686
1687651200000,2023-06-25,BNBBRL,1136.0,1159.0,1129.0,1151.0,566.558,649785.164,2202
1687564800000,2023-06-24,BNBBRL,1178.0,1197.0,1114.0,1135.0,992.688,1139761.402,2920
1687478400000,2023-06-23,BNBBRL,1151.0,1193.0,1145.0,1178.0,1116.592,1312699.762,3059
1687392000000,2023-06-22,BNBBRL,1189.0,1221.0,1147.0,1151.0,1223.034,1444329.274,3392
1687305600000,2023-06-21,BNBBRL,1192.0,1220.0,1180.0,1188.0,1304.999,1559118.804,3872
1687219200000,2023-06-20,BNBBRL,1168.0,1193.0,1150.0,1191.0,1030.471,1202392.658,3229
1687132800000,2023-06-19,BNBBRL,1188.0,1190.0,1147.0,1167.0,895.508,1045188.098,3241
1687046400000,2023-06-18,BNBBRL,1191.0,1207.0,1179.0,1188.0,585.638,699877.681,2692
1686960000000,2023-06-17,BNBBRL,1163.0,1207.0,1152.0,1191.0,854.308,1014425.43,3268
1686873600000,2023-06-16,BNBBRL,1145.0,1180.0,1124.0,1163.0,1082.208,1247461.248,3908
1686787200000,2023-06-15,BNBBRL,1157.0,1177.0,1115.0,1145.0,1408.82,1608639.755,4559
1686700800000,2023-06-14,BNBBRL,1194.0,1237.0,1131.0,1156.0,1648.369,1963759.853,4921
1686614400000,2023-06-13,BNBBRL,1130.0,1205.0,1117.0,1195.0,1858.823,2174716.769,4585
1686528000000,2023-06-12,BNBBRL,1164.0,1183.0,1091.0,1130.0,1596.943,1810847.99,4815
1686441600000,2023-06-11,BNBBRL,1180.0,1184.0,1155.0,1164.0,827.648,967481.386,3140
1686355200000,2023-06-10,BNBBRL,1283.0,1284.0,1130.0,1181.0,1835.474,2177794.945,6312
1686268800000,2023-06-09,BNBBRL,1302.0,1308.0,1271.0,1284.0,1046.352,1346469.78,3883
1686182400000,2023-06-08,BNBBRL,1287.0,1327.0,1276.0,1303.0,983.377,1286300.03,4047
1686096000000,2023-06-07,BNBBRL,1389.0,1390.0,1258.0,1288.0,1805.933,2360381.326,5734
1686009600000,2023-06-06,BNBBRL,1381.0,1412.0,1359.0,1390.0,1336.131,1850678.1,5576
1685923200000,2023-06-05,BNBBRL,1531.0,1532.0,1353.0,1381.0,2058.132,2922700.475,6464
1685836800000,2023-06-04,BNBBRL,1536.0,1543.0,1525.0,1532.0,531.55,815712.51,2506
1685750400000,2023-06-03,BNBBRL,1535.0,1544.0,1524.0,1537.0,586.215,899410.024,2927
1685664000000,2023-06-02,BNBBRL,1539.0,1556.0,1523.0,1535.0,954.929,1468395.259,3433
1685577600000,2023-06-01,BNBBRL,1560.0,1565.0,1532.0,1539.0,1071.552,1657473.564,3791
1685491200000,2023-05-31,BNBBRL,1579.0,1580.0,1549.0,1560.0,1051.513,1643584.304,3703
1685404800000,2023-05-30,BNBBRL,1575.0,1607.0,1569.0,1580.0,833.754,1320602.804,3308
1685318400000,2023-05-29,BNBBRL,1579.0,1592.0,1566.0,1575.0,902.122,1424920.051,3465
1685232000000,2023-05-28,BNBBRL,1547.0,1581.0,1542.0,1579.0,595.203,925361.703,2809
1685145600000,2023-05-27,BNBBRL,1541.0,1550.0,1530.0,1548.0,497.307,765030.746,2755
1685059200000,2023-05-26,BNBBRL,1533.0,1554.0,1517.0,1542.0,846.961,1303655.784,3671
1684972800000,2023-05-25,BNBBRL,1526.0,1546.0,1509.0,1535.0,947.477,1450181.422,3709
1684886400000,2023-05-24,BNBBRL,1567.0,1568.0,1515.0,1526.0,848.018,1299221.94,3665
1684800000000,2023-05-23,BNBBRL,1545.0,1575.0,1545.0,1567.0,927.376,1451555.877,3602
1684713600000,2023-05-22,BNBBRL,1538.0,1555.0,1531.0,1545.0,766.44,1185476.631,3467
1684627200000,2023-05-21,BNBBRL,1556.0,1559.0,1537.0,1539.0,463.532,718590.763,2600
1684540800000,2023-05-20,BNBBRL,1548.0,1566.0,1544.0,1555.0,542.043,842432.306,2896
1684454400000,2023-05-19,BNBBRL,1546.0,1558.0,1538.0,1549.0,820.033,1271037.266,3418
1684368000000,2023-05-18,BNBBRL,1559.0,1568.0,1529.0,1546.0,1008.84,1567576.518,3589
1684281600000,2023-05-17,BNBBRL,1550.0,1564.0,1531.0,1560.0,946.82,1465822.251,3516
1684195200000,2023-05-16,BNBBRL,1547.0,1555.0,1527.0,1551.0,974.147,1501837.003,3884
1684108800000,2023-05-15,BNBBRL,1554.0,1570.0,1545.0,1547.0,792.617,1233309.909,3530
1684022400000,2023-05-14,BNBBRL,1542.0,1564.0,1535.0,1554.0,612.254,949679.056,3007
1683936000000,2023-05-13,BNBBRL,1536.0,1551.0,1530.0,1542.0,660.245,1017897.979,3251
1683849600000,2023-05-12,BNBBRL,1531.0,1538.0,1495.0,1535.0,1025.549,1559741.105,4015
1683763200000,2023-05-11,BNBBRL,1566.0,1569.0,1516.0,1531.0,1065.177,1645138.829,4215
1683676800000,2023-05-10,BNBBRL,1565.0,1580.0,1539.0,1565.0,1273.495,1996990.781,4779
1683590400000,2023-05-09,BNBBRL,1583.0,1593.0,1561.0,1565.0,1310.71,2064980.499,5418
1683504000000,2023-05-08,BNBBRL,1610.0,1617.0,1555.0,1582.0,1555.751,2466855.215,6270
1683417600000,2023-05-07,BNBBRL,1615.0,1632.0,1550.0,1610.0,1221.958,1979411.037,5053
1683331200000,2023-05-06,BNBBRL,1628.0,1634.0,1600.0,1614.0,1044.2,1688147.805,5150
1683244800000,2023-05-05,BNBBRL,1620.0,1640.0,1616.0,1627.0,1533.648,2497115.934,6387
1683158400000,2023-05-04,BNBBRL,1636.0,1645.0,1618.0,1620.0,1064.643,1737036.769,4603
1683072000000,2023-05-03,BNBBRL,1629.0,1645.0,1599.0,1636.0,1724.612,2810057.222,6321
1682985600000,2023-05-02,BNBBRL,1659.0,1659.0,1627.0,1630.0,1503.886,2470856.305,5803
1682899200000,2023-05-01,BNBBRL,1697.0,1707.0,1648.0,1659.0,1471.882,2471807.26,5981
1682812800000,2023-04-30,BNBBRL,1619.0,1700.0,1612.0,1697.0,1155.196,1913664.677,4344
1682726400000,2023-04-29,BNBBRL,1632.0,1635.0,1614.0,1618.0,718.256,1166609.407,3212
1682640000000,2023-04-28,BNBBRL,1656.0,1658.0,1599.0,1633.0,1965.761,3193813.679,6615
1682553600000,2023-04-27,BNBBRL,1682.0,1709.0,1656.0,1656.0,1261.038,2115085.998,5203
1682467200000,2023-04-26,BNBBRL,1720.0,1754.0,1654.0,1681.0,1333.528,2284135.306,5313
1682380800000,2023-04-25,BNBBRL,1683.0,1729.0,1669.0,1720.0,1367.416,2313206.668,4663
1682294400000,2023-04-24,BNBBRL,1691.0,1707.0,1669.0,1680.0,1250.383,2111930.944,4848
1682208000000,2023-04-23,BNBBRL,1702.0,1705.0,1679.0,1691.0,705.594,1194394.348,2817
1682121600000,2023-04-22,BNBBRL,1645.0,1706.0,1636.0,1702.0,759.997,1274068.504,3459
1682035200000,2023-04-21,BNBBRL,1618.0,1692.0,1609.0,1645.0,1482.14,2450583.762,4340
1681948800000,2023-04-20,BNBBRL,1652.0,1676.0,1603.0,1616.0,1131.656,1853476.451,3944
1681862400000,2023-04-19,BNBBRL,1717.0,1720.0,1637.0,1653.0,1524.328,2539450.876,4722
1681776000000,2023-04-18,BNBBRL,1691.0,1725.0,1683.0,1719.0,984.743,1684929.111,4145
1681689600000,2023-04-17,BNBBRL,1732.0,1754.0,1684.0,1691.0,3178.689,5414257.591,6187
1681603200000,2023-04-16,BNBBRL,1661.0,1749.0,1650.0,1732.0,1113.537,1909032.82,4155
1681516800000,2023-04-15,BNBBRL,1628.0,1670.0,1616.0,1664.0,962.131,1588049.211,4046
1681430400000,2023-04-14,BNBBRL,1609.0,1660.0,1605.0,1627.0,1378.365,2251692.55,4575
1681344000000,2023-04-13,BNBBRL,1587.0,1612.0,1581.0,1608.0,975.202,1560391.596,3602
1681257600000,2023-04-12,BNBBRL,1622.0,1626.0,1582.0,1587.0,1141.706,1822734.264,3853
1681171200000,2023-04-11,BNBBRL,1619.0,1687.0,1611.0,1622.0,1468.977,2424515.333,4835
1681084800000,2023-04-10,BNBBRL,1590.0,1619.0,1582.0,1618.0,1111.505,1772251.846,3828
1680998400000,2023-04-09,BNBBRL,1582.0,1599.0,1578.0,1590.0,426.455,676814.812,2199
1680912000000,2023-04-08,BNBBRL,1582.0,1595.0,1580.0,1583.0,479.819,761325.851,2490
1680825600000,2023-04-07,BNBBRL,1591.0,1594.0,1578.0,1581.0,585.632,928961.524,2750
1680739200000,2023-04-06,BNBBRL,1591.0,1604.0,1580.0,1589.0,1022.408,1627674.078,3580
1680652800000,2023-04-05,BNBBRL,1587.0,1611.0,1577.0,1589.0,1051.761,1677378.038,3773
1680566400000,2023-04-04,BNBBRL,1577.0,1598.0,1571.0,1587.0,856.929,1359095.717,3421
1680480000000,2023-04-03,BNBBRL,1610.0,1613.0,1533.0,1577.0,1268.127,2001262.37,4098
1680393600000,2023-04-02,BNBBRL,1609.0,1616.0,1597.0,1610.0,601.022,965923.588,2784
1680307200000,2023-04-01,BNBBRL,1621.0,1627.0,1602.0,1610.0,855.325,1377062.356,3532
1680220800000,2023-03-31,BNBBRL,1629.0,1638.0,1609.0,1621.0,1145.46,1861319.331,4338
1680134400000,2023-03-30,BNBBRL,1621.0,1659.0,1600.0,1631.0,1513.086,2461511.637,4843
1680048000000,2023-03-29,BNBBRL,1631.0,1660.0,1617.0,1621.0,1379.344,2257500.902,4489
1679961600000,2023-03-28,BNBBRL,1635.0,1644.0,1607.0,1630.0,1454.905,2364299.097,4755
1679875200000,2023-03-27,BNBBRL,1740.0,1745.0,1604.0,1635.0,1898.772,3167187.75,4992
1679788800000,2023-03-26,BNBBRL,1709.0,1743.0,1705.0,1740.0,587.763,1016910.743,2872
1679702400000,2023-03-25,BNBBRL,1704.0,1720.0,1692.0,1709.0,725.501,1241057.976,3300
1679616000000,2023-03-24,BNBBRL,1748.0,1751.0,1681.0,1704.0,1385.079,2367007.23,4237
1679529600000,2023-03-23,BNBBRL,1702.0,1763.0,1686.0,1746.0,1645.999,2837140.421,5415
1679443200000,2023-03-22,BNBBRL,1769.0,1792.0,1670.0,1700.0,2460.528,4262074.654,7235
1679356800000,2023-03-21,BNBBRL,1761.0,1794.0,1735.0,1769.0,1399.31,2485630.147,5314
1679270400000,2023-03-20,BNBBRL,1781.0,1801.0,1756.0,1761.0,1784.878,3179755.817,5497
1679184000000,2023-03-19,BNBBRL,1749.0,1805.0,1745.0,1780.0,1039.498,1854999.029,4147
1679097600000,2023-03-18,BNBBRL,1800.0,1832.0,1736.0,1750.0,1680.545,3000900.377,5360
1679011200000,2023-03-17,BNBBRL,1737.0,1806.0,1720.0,1799.0,2006.748,3531035.343,5860
1678924800000,2023-03-16,BNBBRL,1626.0,1753.0,1610.0,1737.0,2285.501,3900280.523,6220
1678838400000,2023-03-15,BNBBRL,1630.0,1651.0,1599.0,1622.0,1324.57,2157908.771,4540
1678752000000,2023-03-14,BNBBRL,1610.0,1676.0,1578.0,1629.0,2512.055,4096658.403,6012
1678665600000,2023-03-13,BNBBRL,1493.0,1637.0,1476.0,1610.0,2911.122,4590805.089,7090
1678579200000,2023-03-12,BNBBRL,1412.0,1491.0,1403.0,1488.0,1303.934,1870187.081,4085
1678492800000,2023-03-11,BNBBRL,1455.0,1482.0,1404.0,1412.0,1544.817,2217872.274,6260
1678406400000,2023-03-10,BNBBRL,1441.0,1459.0,1379.0,1454.0,2081.452,2962535.563,7483
1678320000000,2023-03-09,BNBBRL,1487.0,1507.0,1411.0,1441.0,1758.275,2583475.753,6046
1678233600000,2023-03-08,BNBBRL,1513.0,1518.0,1480.0,1486.0,1634.045,2452403.796,6083
1678147200000,2023-03-07,BNBBRL,1493.0,1514.0,1483.0,1513.0,1392.553,2084256.534,5781
1678060800000,2023-03-06,BNBBRL,1512.0,1516.0,1485.0,1494.0,1390.041,2079819.54,5270
1677974400000,2023-03-05,BNBBRL,1515.0,1530.0,1505.0,1512.0,794.908,1207234.773,3359
1677888000000,2023-03-04,BNBBRL,1522.0,1528.0,1494.0,1516.0,785.521,1191380.246,3438
1677801600000,2023-03-03,BNBBRL,1566.0,1568.0,1505.0,1522.0,1465.032,2228765.67,4830
1677715200000,2023-03-02,BNBBRL,1577.0,1584.0,1549.0,1566.0,1298.073,2029079.823,4590
1677628800000,2023-03-01,BNBBRL,1578.0,1600.0,1570.0,1577.0,1407.503,2226414.656,5147
1677542400000,2023-02-28,BNBBRL,1590.0,1599.0,1574.0,1580.0,1253.554,1989376.907,4872
1677456000000,2023-02-27,BNBBRL,1611.0,1614.0,1567.0,1592.0,1298.115,2063391.047,4900
1677369600000,2023-02-26,BNBBRL,1580.0,1614.0,1570.0,1611.0,818.956,1303319.093,4177
1677283200000,2023-02-25,BNBBRL,1581.0,1582.0,1545.0,1579.0,1068.21,1676238.875,5206
1677196800000,2023-02-24,BNBBRL,1590.0,1613.0,1563.0,1581.0,1449.678,2299562.552,5226
1677110400000,2023-02-23,BNBBRL,1623.0,1633.0,1584.0,1592.0,1227.781,1966738.055,4602
1677024000000,2023-02-22,BNBBRL,1623.0,1626.0,1583.0,1621.0,1215.387,1949519.946,4308
1676937600000,2023-02-21,BNBBRL,1642.0,1647.0,1614.0,1626.0,1087.376,1772882.599,4533
1676851200000,2023-02-20,BNBBRL,1629.0,1662.0,1611.0,1641.0,1516.355,2489827.166,5968
1676764800000,2023-02-19,BNBBRL,1647.0,1657.0,1620.0,1631.0,1206.809,1978603.384,5205
1676678400000,2023-02-18,BNBBRL,1627.0,1656.0,1627.0,1648.0,1376.83,2259899.665,4932
1676592000000,2023-02-17,BNBBRL,1590.0,1645.0,1580.0,1628.0,1963.148,3181616.584,5552
1676505600000,2023-02-16,BNBBRL,1649.0,1706.0,1587.0,1591.0,2871.532,4768097.393,7733
1676419200000,2023-02-15,BNBBRL,1544.0,1649.0,1533.0,1647.0,1755.736,2798803.683,5954
1676332800000,2023-02-14,BNBBRL,1531.0,1563.0,1505.0,1545.0,1828.49,2808882.234,5170
1676246400000,2023-02-13,BNBBRL,1649.0,1661.0,1475.0,1532.0,4167.377,6434288.696,8271
1676160000000,2023-02-12,BNBBRL,1632.0,1688.0,1612.0,1650.0,1364.902,2256452.448,4328
1676073600000,2023-02-11,BNBBRL,1605.0,1638.0,1602.0,1634.0,974.486,1580713.39,4425
1675987200000,2023-02-10,BNBBRL,1623.0,1639.0,1600.0,1606.0,1526.305,2472709.647,5180
1675900800000,2023-02-09,BNBBRL,1714.0,1718.0,1604.0,1622.0,2403.0,4006658.217,6461
1675814400000,2023-02-08,BNBBRL,1731.0,1741.0,1696.0,1714.0,1851.046,3178769.541,6055
1675728000000,2023-02-07,BNBBRL,1680.0,1736.0,1675.0,1731.0,1762.733,3016407.158,6173
1675641600000,2023-02-06,BNBBRL,1702.0,1726.0,1670.0,1680.0,1700.374,2894314.323,5175
1675555200000,2023-02-05,BNBBRL,1707.0,1743.0,1676.0,1704.0,1616.105,2753583.361,5046
1675468800000,2023-02-04,BNBBRL,1711.0,1720.0,1686.0,1707.0,1082.429,1844751.729,4448
1675382400000,2023-02-03,BNBBRL,1646.0,1716.0,1619.0,1709.0,2114.328,3555916.559,5759
1675296000000,2023-02-02,BNBBRL,1613.0,1694.0,1609.0,1643.0,2069.265,3424609.437,5815
1675209600000,2023-02-01,BNBBRL,1593.0,1625.0,1562.0,1613.0,1681.198,2670131.027,5118
1675123200000,2023-01-31,BNBBRL,1579.0,1615.0,1571.0,1593.0,1199.629,1914572.736,4236
1675036800000,2023-01-30,BNBBRL,1626.0,1640.0,1557.0,1579.0,1738.008,2751893.112,4887
1674950400000,2023-01-29,BNBBRL,1572.0,1642.0,1567.0,1626.0,1105.591,1782167.016,3637
1674864000000,2023-01-28,BNBBRL,1584.0,1607.0,1560.0,1574.0,853.752,1346424.496,3335
1674777600000,2023-01-27,BNBBRL,1556.0,1591.0,1530.0,1583.0,1107.089,1730332.53,3810
1674691200000,2023-01-26,BNBBRL,1570.0,1586.0,1542.0,1556.0,1194.205,1870280.471,4016
1674604800000,2023-01-25,BNBBRL,1556.0,1600.0,1522.0,1571.0,1828.814,2839001.773,4849
1674518400000,2023-01-24,BNBBRL,1592.0,1687.0,1553.0,1555.0,2544.558,4123523.903,5661
1674432000000,2023-01-23,BNBBRL,1586.0,1606.0,1571.0,1592.0,1303.295,2074233.423,4207
1674345600000,2023-01-22,BNBBRL,1560.0,1618.0,1558.0,1586.0,906.168,1432662.384,3003
1674259200000,2023-01-21,BNBBRL,1590.0,1605.0,1557.0,1560.0,1114.147,1761877.505,3797
1674172800000,2023-01-20,BNBBRL,1534.0,1590.0,1492.0,1589.0,2300.497,3522076.395,5016
1674086400000,2023-01-19,BNBBRL,1488.0,1536.0,1488.0,1532.0,946.596,1435682.867,3118
1674000000000,2023-01-18,BNBBRL,1543.0,1570.0,1452.0,1493.0,1924.617,2930123.603,4745
1673913600000,2023-01-17,BNBBRL,1547.0,1575.0,1529.0,1542.0,1027.174,1597283.42,3582
1673827200000,2023-01-16,BNBBRL,1552.0,1581.0,1514.0,1545.0,1361.679,2107548.748,4486
1673740800000,2023-01-15,BNBBRL,1566.0,1571.0,1497.0,1552.0,1166.846,1796703.978,3655
1673654400000,2023-01-14,BNBBRL,1508.0,1604.0,1506.0,1565.0,1738.996,2715714.625,5210
1673568000000,2023-01-13,BNBBRL,1486.0,1518.0,1467.0,1507.0,1181.867,1755091.86,4150
1673481600000,2023-01-12,BNBBRL,1483.0,1500.0,1451.0,1487.0,1843.82,2718934.461,4780
1673395200000,2023-01-11,BNBBRL,1455.0,1492.0,1439.0,1482.0,1612.562,2347914.975,3962
1673308800000,2023-01-10,BNBBRL,1442.0,1463.0,1432.0,1455.0,1638.258,2376241.408,3760
1673222400000,2023-01-09,BNBBRL,1460.0,1505.0,1435.0,1442.0,2392.631,3531847.981,4747
1673136000000,2023-01-08,BNBBRL,1384.0,1469.0,1377.0,1462.0,1387.498,1967149.21,2987
1673049600000,2023-01-07,BNBBRL,1371.0,1393.0,1370.0,1383.0,674.446,932934.109,2638
1672963200000,2023-01-06,BNBBRL,1380.0,1393.0,1361.0,1371.0,1298.483,1783443.08,3606
1672876800000,2023-01-05,BNBBRL,1405.0,1405.0,1378.0,1381.0,1373.482,1908316.127,3498
1672790400000,2023-01-04,BNBBRL,1333.0,1426.0,1325.0,1405.0,2330.725,3244427.673,4518
1672704000000,2023-01-03,BNBBRL,1304.0,1337.0,1301.0,1333.0,1300.226,1715303.577,3295
1672617600000,2023-01-02,BNBBRL,1297.0,1320.0,1280.0,1305.0,1268.575,1662637.267,3134
1672531200000,2023-01-01,BNBBRL,1312.0,1314.0,1294.0,1296.0,764.826,996801.182,1853
1672444800000,2022-12-31,BNBBRL,1314.0,1319.0,1305.0,1310.0,642.448,843493.418,2147
1672358400000,2022-12-30,BNBBRL,1309.0,1316.0,1291.0,1313.0,999.553,1302941.373,2909
1672272000000,2022-12-29,BNBBRL,1299.0,1314.0,1287.0,1309.0,1288.699,1674639.593,3525
1672185600000,2022-12-28,BNBBRL,1307.0,1309.0,1277.0,1298.0,1504.197,1943080.095,3360
1672099200000,2022-12-27,BNBBRL,1278.0,1319.0,1269.0,1306.0,1309.119,1689983.786,3298
1672012800000,2022-12-26,BNBBRL,1261.0,1279.0,1255.0,1278.0,846.842,1072641.329,2650
1671926400000,2022-12-25,BNBBRL,1267.0,1273.0,1253.0,1261.0,553.718,699460.479,1721
1671840000000,2022-12-24,BNBBRL,1276.0,1276.0,1260.0,1267.0,608.413,771237.048,2152
1671753600000,2022-12-23,BNBBRL,1285.0,1302.0,1263.0,1275.0,1263.768,1615617.887,3274
1671667200000,2022-12-22,BNBBRL,1290.0,1300.0,1254.0,1285.0,1604.207,2045176.442,3850
1671580800000,2022-12-21,BNBBRL,1319.0,1319.0,1286.0,1289.0,1105.321,1438205.747,3371
1671494400000,2022-12-20,BNBBRL,1280.0,1332.0,1272.0,1319.0,1662.35,2183298.786,4115
1671408000000,2022-12-19,BNBBRL,1331.0,1342.0,1262.0,1280.0,1685.011,2201954.738,3907
1671321600000,2022-12-18,BNBBRL,1285.0,1345.0,1235.0,1330.0,2013.356,2632258.479,4081
1671235200000,2022-12-17,BNBBRL,1230.0,1295.0,1165.0,1285.0,2756.833,3413293.85,5563
1671148800000,2022-12-16,BNBBRL,1374.0,1398.0,1197.0,1231.0,3430.717,4414343.849,6001
1671062400000,2022-12-15,BNBBRL,1406.0,1408.0,1362.0,1374.0,1446.96,2012466.072,4102
1670976000000,2022-12-14,BNBBRL,1425.0,1456.0,1401.0,1406.0,1761.629,2518576.399,4844
1670889600000,2022-12-13,BNBBRL,1450.0,1474.0,1339.0,1426.0,2945.88,4170982.454,6537
1670803200000,2022-12-12,BNBBRL,1492.0,1500.0,1432.0,1449.0,1859.961,2717520.147,4411
1670716800000,2022-12-11,BNBBRL,1511.0,1524.0,1487.0,1491.0,643.913,973780.804,2132
1670630400000,2022-12-10,BNBBRL,1504.0,1561.0,1395.0,1509.0,2315.825,3492565.214,3654
1670544000000,2022-12-09,BNBBRL,1523.0,1560.0,1499.0,1504.0,1362.477,2069014.561,3206
1670457600000,2022-12-08,BNBBRL,1492.0,1544.0,1235.0,1524.0,4406.66,6409128.283,4644
1670371200000,2022-12-07,BNBBRL,1528.0,1537.0,785.0,1490.0,7823.549,11354969.83024,6632
1670284800000,2022-12-06,BNBBRL,1522.0,1532.0,1509.0,1528.0,957.683,1457156.839,3204
1670198400000,2022-12-05,BNBBRL,1528.0,1548.0,1513.0,1521.0,1136.843,1741050.919,3884
1670112000000,2022-12-04,BNBBRL,1523.0,1535.0,1500.0,1525.0,3415.518,5200810.145,4035
1670025600000,2022-12-03,BNBBRL,1531.0,1540.0,1512.0,1524.0,1468.775,2244498.752,3671
1669939200000,2022-12-02,BNBBRL,1526.0,1540.0,1491.0,1531.0,3091.81,4698241.286,5046
1669852800000,2022-12-01,BNBBRL,1579.0,1585.0,1518.0,1524.0,3432.441,5307514.273,8949
1669766400000,2022-11-30,BNBBRL,1575.0,1620.0,1554.0,1580.0,2885.544,4574068.647,7346
1669680000000,2022-11-29,BNBBRL,1582.0,1638.0,1556.0,1575.0,4762.441,7577581.129,7870
1669593600000,2022-11-28,BNBBRL,1657.0,1667.0,1518.0,1580.0,2430.237,3859365.805,6242
1669507200000,2022-11-27,BNBBRL,1679.0,1705.0,1650.0,1658.0,1059.04,1784915.497,4020
1669420800000,2022-11-26,BNBBRL,1626.0,1714.0,1617.0,1677.0,2134.18,3580346.884,5975
1669334400000,2022-11-25,BNBBRL,1610.0,1640.0,1580.0,1626.0,2429.428,3924528.113,5678
1669248000000,2022-11-24,BNBBRL,1604.0,1630.0,1580.0,1610.0,1646.65,2634844.607,4376
1669161600000,2022-11-23,BNBBRL,1437.0,1624.0,1424.0,1603.0,2951.653,4622293.785,5466
1669075200000,2022-11-22,BNBBRL,1358.0,1440.0,1346.0,1433.0,1617.439,2256753.141,4036
1668988800000,2022-11-21,BNBBRL,1430.0,1433.0,1336.0,1358.0,3217.339,4473533.306,4803
1668902400000,2022-11-20,BNBBRL,1472.0,1478.0,1418.0,1434.0,958.457,1394965.709,2920
1668816000000,2022-11-19,BNBBRL,1474.0,1479.0,1451.0,1472.0,877.153,1286415.804,2941
1668729600000,2022-11-18,BNBBRL,1444.0,1483.0,1441.0,1476.0,1304.83,1912004.235,3761
1668643200000,2022-11-17,BNBBRL,1456.0,1460.0,1408.0,1443.0,1521.877,2194605.642,3985
1668556800000,2022-11-16,BNBBRL,1461.0,1474.0,1421.0,1455.0,1386.678,2006955.708,3761
1668470400000,2022-11-15,BNBBRL,1478.0,1493.0,1441.0,1460.0,1385.232,2037447.162,3692
1668384000000,2022-11-14,BNBBRL,1446.0,1531.0,1403.0,1478.0,3601.618,5280746.075,6279
1668297600000,2022-11-13,BNBBRL,1485.0,1505.0,1418.0,1448.0,2420.911,3525893.582,4813
1668211200000,2022-11-12,BNBBRL,1539.0,1554.0,1436.0,1488.0,2192.397,3287265.662,5456
1668124800000,2022-11-11,BNBBRL,1631.0,1638.0,1495.0,1537.0,3622.747,5618469.91,7828
1668038400000,2022-11-10,BNBBRL,1410.0,1680.0,1395.0,1633.0,3588.6,5509443.388,8604
1667952000000,2022-11-09,BNBBRL,1707.0,1744.0,1373.0,1410.0,4844.042,7488237.633,10454
1667865600000,2022-11-08,BNBBRL,1748.0,2055.0,1587.0,1712.0,8136.922,14865574.633,11811
1667779200000,2022-11-07,BNBBRL,1724.0,1777.0,1663.0,1748.0,2498.909,4292756.3,5971
1667692800000,2022-11-06,BNBBRL,1775.0,1810.0,1724.0,1725.0,846.448,1509857.372,3210
1667606400000,2022-11-05,BNBBRL,1803.0,1833.0,1761.0,1774.0,1494.456,2687028.741,4493
1667520000000,2022-11-04,BNBBRL,1700.0,1823.0,1695.0,1803.0,2802.208,4984003.762,6750
1667433600000,2022-11-03,BNBBRL,1662.0,1755.0,1651.0,1701.0,2214.776,3786226.744,6544
1667347200000,2022-11-02,BNBBRL,1678.0,1706.0,1637.0,1662.0,1622.621,2708218.658,5701
1667260800000,2022-11-01,BNBBRL,1700.0,1749.0,1640.0,1678.0,2281.683,3856137.591,5778
1667174400000,2022-10-31,BNBBRL,1679.0,1810.0,1645.0,1700.0,3741.991,6427839.195,7278
1667088000000,2022-10-30,BNBBRL,1616.0,1690.0,1604.0,1679.0,1273.888,2104645.529,4094
1667001600000,2022-10-29,BNBBRL,1583.0,1634.0,1571.0,1615.0,1263.563,2030961.351,4420
1666915200000,2022-10-28,BNBBRL,1526.0,1604.0,1521.0,1582.0,1439.16,2257636.496,4446
1666828800000,2022-10-27,BNBBRL,1550.0,1564.0,1506.0,1526.0,1273.735,1951904.846,4237
1666742400000,2022-10-26,BNBBRL,1498.0,1558.0,1495.0,1550.0,1222.379,1873446.495,4292
1666656000000,2022-10-25,BNBBRL,1448.0,1535.0,1437.0,1499.0,1468.6,2189361.609,4738
1666569600000,2022-10-24,BNBBRL,1434.0,1452.0,1420.0,1449.0,1157.777,1666098.959,4414
1666483200000,2022-10-23,BNBBRL,1409.0,1437.0,1402.0,1434.0,782.861,1107650.697,2787
1666396800000,2022-10-22,BNBBRL,1404.0,1413.0,1397.0,1409.0,748.653,1052471.201,3334
1666310400000,2022-10-21,BNBBRL,1415.0,1418.0,1396.0,1406.0,957.325,1347136.994,3027
1666224000000,2022-10-20,BNBBRL,1444.0,1457.0,1409.0,1416.0,1435.808,2049483.215,3453
1666137600000,2022-10-19,BNBBRL,1441.0,1454.0,1427.0,1443.0,1080.161,1559730.718,3418
1666051200000,2022-10-18,BNBBRL,1457.0,1457.0,1429.0,1441.0,1280.615,1849317.746,3865
1665964800000,2022-10-17,BNBBRL,1445.0,1460.0,1430.0,1457.0,1250.954,1810145.995,4347
1665878400000,2022-10-16,BNBBRL,1430.0,1454.0,1429.0,1445.0,681.838,982549.5,2965
1665792000000,2022-10-15,BNBBRL,1437.0,1449.0,1427.0,1430.0,717.112,1032621.615,2752
1665705600000,2022-10-14,BNBBRL,1433.0,1456.0,1429.0,1437.0,1126.552,1623419.297,3511
1665619200000,2022-10-13,BNBBRL,1433.0,1447.0,1369.0,1431.0,1719.226,2427772.89,4377
1665532800000,2022-10-12,BNBBRL,1438.0,1445.0,1427.0,1433.0,734.27,1054252.845,2826
1665446400000,2022-10-11,BNBBRL,1418.0,1441.0,1397.0,1437.0,1151.391,1638964.262,3415
1665360000000,2022-10-10,BNBBRL,1461.0,1464.0,1417.0,1418.0,1038.105,1490566.968,3215
1665273600000,2022-10-09,BNBBRL,1448.0,1467.0,1443.0,1460.0,573.601,835973.374,2309
1665187200000,2022-10-08,BNBBRL,1476.0,1480.0,1444.0,1449.0,883.811,1297167.445,2891
1665100800000,2022-10-07,BNBBRL,1508.0,1508.0,1471.0,1480.0,2152.012,3199962.46,4270
1665014400000,2022-10-06,BNBBRL,1536.0,1555.0,1463.0,1508.0,2184.085,3316098.932,4088
1664928000000,2022-10-05,BNBBRL,1540.0,1543.0,1516.0,1535.0,1637.782,2506899.203,3705
1664841600000,2022-10-04,BNBBRL,1491.0,1550.0,1485.0,1542.0,2495.935,3807550.453,4655
1664755200000,2022-10-03,BNBBRL,1534.0,1548.0,1479.0,1490.0,2271.347,3412165.087,3877
1664668800000,2022-10-02,BNBBRL,1523.0,1552.0,1505.0,1535.0,1051.758,1605191.74,2259
1664582400000,2022-10-01,BNBBRL,1534.0,1538.0,1496.0,1523.0,1535.388,2334441.749,3292
1664496000000,2022-09-30,BNBBRL,1527.0,1560.0,1514.0,1534.0,3120.261,4782667.784,4894
1664409600000,2022-09-29,BNBBRL,1508.0,1528.0,1493.0,1526.0,2373.453,3592811.364,4270
1664323200000,2022-09-28,BNBBRL,1455.0,1518.0,1430.0,1507.0,2411.197,3555200.562,4399
1664236800000,2022-09-27,BNBBRL,1469.0,1512.0,1442.0,1455.0,2884.837,4272218.926,5251
1664150400000,2022-09-26,BNBBRL,1432.0,1469.0,1420.0,1469.0,2095.872,3035542.515,4162
1664064000000,2022-09-25,BNBBRL,1435.0,1457.0,1420.0,1432.0,1188.981,1711251.366,2820
1663977600000,2022-09-24,BNBBRL,1444.0,1489.0,1432.0,1436.0,2426.645,3531412.693,4143
1663891200000,2022-09-23,BNBBRL,1417.0,1454.0,1402.0,1445.0,2209.409,3147880.595,4199
1663804800000,2022-09-22,BNBBRL,1376.0,1423.0,1373.0,1416.0,1932.122,2700109.102,4027
1663718400000,2022-09-21,BNBBRL,1378.0,1426.0,1358.0,1377.0,2551.582,3544722.124,4545
1663632000000,2022-09-20,BNBBRL,1417.0,1424.0,1373.0,1377.0,2381.404,3322068.428,4448
1663545600000,2022-09-19,BNBBRL,1407.0,1427.0,1360.0,1416.0,2341.691,3267993.552,4497
1663459200000,2022-09-18,BNBBRL,1469.0,1475.0,1393.0,1406.0,1137.97,1639364.436,3145
1663372800000,2022-09-17,BNBBRL,1448.0,1473.0,1448.0,1470.0,1275.512,1865363.128,3145
1663286400000,2022-09-16,BNBBRL,1427.0,1460.0,1414.0,1449.0,1964.696,2841507.928,4344
1663200000000,2022-09-15,BNBBRL,1451.0,1456.0,1400.0,1427.0,2021.377,2888267.401,4388
1663113600000,2022-09-14,BNBBRL,1442.0,1468.0,1425.0,1450.0,1498.294,2172028.589,3671
1663027200000,2022-09-13,BNBBRL,1500.0,1522.0,1438.0,1445.0,2267.128,3344762.366,4565
1662940800000,2022-09-12,BNBBRL,1524.0,1547.0,1487.0,1500.0,2081.503,3152016.001,4664
1662854400000,2022-09-11,BNBBRL,1535.0,1541.0,1503.0,1526.0,1044.885,1593058.085,2973
1662768000000,2022-09-10,BNBBRL,1517.0,1544.0,1504.0,1535.0,2048.137,3114519.147,4054
1662681600000,2022-09-09,BNBBRL,1466.0,1530.0,1373.0,1517.0,3114.436,4670886.857,5464
1662595200000,2022-09-08,BNBBRL,1463.0,1478.0,1441.0,1466.0,1626.016,2376672.173,4145
1662508800000,2022-09-07,BNBBRL,1380.0,1471.0,1364.0,1462.0,1920.589,2720841.625,4164
1662422400000,2022-09-06,BNBBRL,1433.0,1479.0,1374.0,1380.0,2921.049,4197962.885,5615
1662336000000,2022-09-05,BNBBRL,1449.0,1461.0,1417.0,1433.0,1524.281,2183684.78,3845
1662249600000,2022-09-04,BNBBRL,1444.0,1459.0,1431.0,1450.0,686.239,992106.554,2554
1662163200000,2022-09-03,BNBBRL,1440.0,1447.0,1426.0,1445.0,718.755,1034852.828,2442
1662076800000,2022-09-02,BNBBRL,1457.0,1474.0,1424.0,1442.0,1945.69,2826271.531,4178
1661990400000,2022-09-01,BNBBRL,1443.0,1460.0,1409.0,1457.0,2791.475,4015975.881,5021
1661904000000,2022-08-31,BNBBRL,1452.0,1485.0,1436.0,1442.0,2101.941,3069692.467,4553
1661817600000,2022-08-30,BNBBRL,1445.0,1476.0,1415.0,1448.0,2013.619,2911046.107,4207
1661731200000,2022-08-29,BNBBRL,1415.0,1449.0,1393.0,1445.0,1754.183,2498228.576,3727
1661644800000,2022-08-28,BNBBRL,1419.0,1452.0,1410.0,1414.0,1073.311,1532684.481,2755
1661558400000,2022-08-27,BNBBRL,1425.0,1452.0,1400.0,1419.0,1320.709,1886954.911,3330
1661472000000,2022-08-26,BNBBRL,1549.0,1551.0,1415.0,1426.0,2784.278,4150677.157,5063
1661385600000,2022-08-25,BNBBRL,1522.0,1574.0,1520.0,1548.0,1850.071,2865630.129,4081
1661299200000,2022-08-24,BNBBRL,1536.0,1541.0,1513.0,1522.0,2085.231,3181621.973,4189
1661212800000,2022-08-23,BNBBRL,1554.0,1564.0,1513.0,1535.0,1434.498,2203123.429,3815
1661126400000,2022-08-22,BNBBRL,1576.0,1588.0,1508.0,1555.0,2227.081,3436294.009,4351
1661040000000,2022-08-21,BNBBRL,1482.0,1587.0,1480.0,1573.0,1700.201,2624486.273,3454
1660953600000,2022-08-20,BNBBRL,1458.0,1506.0,1449.0,1482.0,1611.8,2394024.469,3830
1660867200000,2022-08-19,BNBBRL,1550.0,1555.0,1448.0,1454.0,3085.218,4581673.892,5525
1660780800000,2022-08-18,BNBBRL,1591.0,1609.0,1540.0,1551.0,1757.273,2784697.496,4156
1660694400000,2022-08-17,BNBBRL,1632.0,1671.0,1580.0,1592.0,2045.048,3302200.229,4409
1660608000000,2022-08-16,BNBBRL,1633.0,1646.0,1612.0,1631.0,2269.436,3687271.027,4703
1660521600000,2022-08-15,BNBBRL,1622.0,1666.0,1588.0,1634.0,2498.3,4066199.999,4894
1660435200000,2022-08-14,BNBBRL,1655.0,1683.0,1613.0,1622.0,1533.922,2529411.746,4019
1660348800000,2022-08-13,BNBBRL,1671.0,1696.0,1650.0,1656.0,1299.745,2171513.214,3781
1660262400000,2022-08-12,BNBBRL,1672.0,1691.0,1640.0,1669.0,2051.274,3403869.81,4780
1660176000000,2022-08-11,BNBBRL,1680.0,1705.0,1664.0,1671.0,2798.761,4713808.769,5521
1660089600000,2022-08-10,BNBBRL,1672.0,1705.0,1619.0,1681.0,3348.163,5591855.169,6195
1660003200000,2022-08-09,BNBBRL,1669.0,1691.0,1615.0,1669.0,2531.574,4176308.624,5485
1659916800000,2022-08-08,BNBBRL,1676.0,1717.0,1651.0,1670.0,2548.209,4299952.598,5673
1659830400000,2022-08-07,BNBBRL,1637.0,1690.0,1602.0,1677.0,2005.211,3306423.157,3836
1659744000000,2022-08-06,BNBBRL,1639.0,1676.0,1622.0,1635.0,2335.211,3841444.6,4879
1659657600000,2022-08-05,BNBBRL,1635.0,1683.0,1617.0,1638.0,3073.948,5058245.826,5740
1659571200000,2022-08-04,BNBBRL,1579.0,1643.0,1570.0,1634.0,3891.619,6262882.84,6278
1659484800000,2022-08-03,BNBBRL,1501.0,1619.0,1475.0,1581.0,3024.474,4723231.317,5672
1659398400000,2022-08-02,BNBBRL,1473.0,1530.0,1429.0,1502.0,2494.192,3707729.44,4920
1659312000000,2022-08-01,BNBBRL,1480.0,1516.0,1445.0,1473.0,2728.385,4038133.265,5146
1659225600000,2022-07-31,BNBBRL,1499.0,1545.0,1472.0,1481.0,1828.257,2769355.94,3547
1659139200000,2022-07-30,BNBBRL,1530.0,1565.0,1486.0,1500.0,3047.039,4652729.832,4980
1659052800000,2022-07-29,BNBBRL,1445.0,1577.0,1431.0,1530.0,3989.94,6015562.439,6712
1658966400000,2022-07-28,BNBBRL,1432.0,1457.0,1384.0,1444.0,2582.368,3687097.011,5128
1658880000000,2022-07-27,BNBBRL,1344.0,1433.0,1333.0,1431.0,2772.333,3844892.325,4535
1658793600000,2022-07-26,BNBBRL,1322.0,1344.0,1292.0,1344.0,1524.537,1998934.87,3700
1658707200000,2022-07-25,BNBBRL,1440.0,1446.0,1320.0,1321.0,2030.615,2818705.992,3893
1658620800000,2022-07-24,BNBBRL,1432.0,1465.0,1420.0,1441.0,897.14,1297713.142,2745
1658534400000,2022-07-23,BNBBRL,1451.0,1503.0,1397.0,1433.0,1944.998,2800072.923,3810
1658448000000,2022-07-22,BNBBRL,1461.0,1490.0,1445.0,1452.0,1651.897,2422401.726,4036
1658361600000,2022-07-21,BNBBRL,1417.0,1465.0,1378.0,1462.0,1792.09,2552452.692,4330
1658275200000,2022-07-20,BNBBRL,1458.0,1497.0,1408.0,1417.0,3166.912,4583573.4,5583
1658188800000,2022-07-19,BNBBRL,1436.0,1490.0,1394.0,1458.0,1942.612,2798235.286,4757
1658102400000,2022-07-18,BNBBRL,1344.0,1442.0,1344.0,1438.0,2184.95,3054666.972,4609
1658016000000,2022-07-17,BNBBRL,1356.0,1385.0,1337.0,1343.0,1316.094,1790010.157,3112
1657929600000,2022-07-16,BNBBRL,1294.0,1364.0,1271.0,1356.0,1584.419,2083516.108,3592
1657843200000,2022-07-15,BNBBRL,1297.0,1315.0,1278.0,1295.0,1778.262,2300688.157,4092
1657756800000,2022-07-14,BNBBRL,1249.0,1308.0,1233.0,1296.0,2206.922,2806990.84,4157
1657670400000,2022-07-13,BNBBRL,1208.0,1251.0,1182.0,1250.0,2490.649,3029799.829,4252
1657584000000,2022-07-12,BNBBRL,1219.0,1240.0,1195.0,1206.0,2064.02,2517485.84,4095
1657497600000,2022-07-11,BNBBRL,1243.0,1257.0,1210.0,1220.0,1932.043,2391502.897,4175
1657411200000,2022-07-10,BNBBRL,1291.0,1291.0,1229.0,1243.0,1199.968,1500931.81,2818
1657324800000,2022-07-09,BNBBRL,1276.0,1297.0,1274.0,1289.0,939.627,1208737.261,2922
1657238400000,2022-07-08,BNBBRL,1296.0,1326.0,1271.0,1277.0,1674.808,2163425.566,4196
1657152000000,2022-07-07,BNBBRL,1295.0,1315.0,1267.0,1296.0,2043.085,2642597.968,4668
1657065600000,2022-07-06,BNBBRL,1244.0,1303.0,1235.0,1294.0,2086.031,2676335.254,4594
1656979200000,2022-07-05,BNBBRL,1236.0,1261.0,1203.0,1244.0,2101.673,2589751.659,4151
1656892800000,2022-07-04,BNBBRL,1170.0,1239.0,1149.0,1235.0,1334.052,1593223.729,3065
1656806400000,2022-07-03,BNBBRL,1162.0,1175.0,1144.0,1170.0,690.109,800958.607,1435
1656720000000,2022-07-02,BNBBRL,1158.0,1171.0,1141.0,1162.0,955.314,1105458.804,1798
1656633600000,2022-07-01,BNBBRL,1158.0,1194.0,1138.0,1158.0,2537.529,2956366.357,3248
1656547200000,2022-06-30,BNBBRL,1143.0,1160.0,1074.0,1159.0,1547.156,1720887.007,2537
1656460800000,2022-06-29,BNBBRL,1197.0,1213.0,1133.0,1143.0,2303.917,2685182.41,2707
1656374400000,2022-06-28,BNBBRL,1223.0,1272.0,1192.0,1199.0,1608.324,1987566.283,2832
1656288000000,2022-06-27,BNBBRL,1231.0,1264.0,1100.0,1223.0,1437.29,1758930.23,2561
1656201600000,2022-06-26,BNBBRL,1255.0,1281.0,1228.0,1230.0,862.242,1081494.734,2143
1656115200000,2022-06-25,BNBBRL,1260.0,1269.0,1207.0,1255.0,1026.162,1274107.053,2387
1656028800000,2022-06-24,BNBBRL,1201.0,1272.0,1199.0,1259.0,1655.122,2047189.552,3208
1655942400000,2022-06-23,BNBBRL,1121.0,1206.0,1118.0,1201.0,2541.556,2969305.962,3418
1655856000000,2022-06-22,BNBBRL,1134.0,1142.0,1092.0,1118.0,1884.824,2110731.635,3002
1655769600000,2022-06-21,BNBBRL,1120.0,1178.0,1105.0,1133.0,2357.698,2704972.317,3501
1655683200000,2022-06-20,BNBBRL,1113.0,1134.0,1059.0,1120.0,2409.886,2663578.48,3550
1655596800000,2022-06-19,BNBBRL,1022.0,1121.0,984.0,1111.0,2791.642,2945885.335,3437
1655510400000,2022-06-18,BNBBRL,1116.0,1132.0,955.0,1023.0,4817.864,4992722.3372,5152
1655424000000,2022-06-17,BNBBRL,1080.0,1136.0,1068.0,1117.0,2454.557,2721301.788,3839
1655337600000,2022-06-16,BNBBRL,1188.0,1207.0,1068.0,1079.0,3784.092,4289021.11,6193
1655251200000,2022-06-15,BNBBRL,1153.0,1192.0,1031.0,1188.0,9244.29083,10174919.9207238,9581
1655164800000,2022-06-14,BNBBRL,1151.0,1192.0,1056.0,1154.0,7979.026,9058966.919,8459
1655078400000,2022-06-13,BNBBRL,1286.0,1300.0,1100.0,1152.0,14515.57,16787715.654,11878
1654992000000,2022-06-12,BNBBRL,1357.0,1367.0,1265.0,1286.0,3057.188,4012731.662,5181
1654905600000,2022-06-11,BNBBRL,1434.0,1453.0,1334.0,1355.0,3120.246,4330390.134,5524
1654819200000,2022-06-10,BNBBRL,1428.0,1493.0,1404.0,1434.0,4624.07,6661879.264,6933
1654732800000,2022-06-09,BNBBRL,1418.0,1441.0,1408.0,1428.0,1965.771,2800974.367,5153
1654646400000,2022-06-08,BNBBRL,1416.0,1437.0,1384.0,1420.0,2558.293,3632741.969,5623
1654560000000,2022-06-07,BNBBRL,1421.0,1440.0,1324.0,1415.0,4386.616,6086160.398,7625
1654473600000,2022-06-06,BNBBRL,1439.0,1494.0,1387.0,1421.0,2683.075,3884149.317,6902
1654387200000,2022-06-05,BNBBRL,1450.0,1455.0,1421.0,1439.0,1370.996,1970263.395,4013
1654300800000,2022-06-04,BNBBRL,1435.0,1458.0,1418.0,1451.0,1307.635,1885950.463,4353
1654214400000,2022-06-03,BNBBRL,1484.0,1494.0,1416.0,1435.0,2422.404,3491581.16,5573
1654128000000,2022-06-02,BNBBRL,1457.0,1489.0,1438.0,1485.0,2348.384,3434762.494,5879
1654041600000,2022-06-01,BNBBRL,1529.0,1544.0,1441.0,1457.0,2962.771,4418354.724,7146
1653955200000,2022-05-31,BNBBRL,1540.0,1552.0,1486.0,1529.0,2903.279,4428864.996,7877
1653868800000,2022-05-30,BNBBRL,1458.0,1548.0,1449.0,1540.0,2464.645,3703183.706,6661
1653782400000,2022-05-29,BNBBRL,1469.0,1471.0,1423.0,1458.0,1437.412,2080008.035,4401
1653696000000,2022-05-28,BNBBRL,1436.0,1481.0,1415.0,1468.0,1475.008,2140507.072,4376
1653609600000,2022-05-27,BNBBRL,1459.0,1482.0,1399.0,1436.0,3181.611,4585340.888,6365
1653523200000,2022-05-26,BNBBRL,1580.0,1607.0,1443.0,1460.0,3951.547,5983670.231,7506
1653436800000,2022-05-25,BNBBRL,1591.0,1633.0,1570.0,1580.0,2505.984,4000341.719,6020
1653350400000,2022-05-24,BNBBRL,1539.0,1603.0,1505.0,1590.0,2293.674,3582608.136,6127
1653264000000,2022-05-23,BNBBRL,1568.0,1631.0,1531.0,1539.0,3025.773,4822554.183,6876
1653177600000,2022-05-22,BNBBRL,1538.0,1588.0,1534.0,1567.0,1415.728,2208612.917,4906
1653091200000,2022-05-21,BNBBRL,1483.0,1546.0,1472.0,1539.0,1354.28,2061148.481,4980
1653004800000,2022-05-20,BNBBRL,1522.0,1565.0,1440.0,1484.0,3196.159,4795075.052,6856
1652918400000,2022-05-19,BNBBRL,1443.0,1525.0,1435.0,1519.0,2247.656,3359661.809,5921
1652832000000,2022-05-18,BNBBRL,1518.0,1530.0,1433.0,1441.0,2507.11,3706477.11,6001
1652745600000,2022-05-17,BNBBRL,1513.0,1569.0,1478.0,1518.0,2933.577,4478348.327,6204
1652659200000,2022-05-16,BNBBRL,1592.0,1592.0,1487.0,1511.0,3008.082,4571644.706,6706
1652572800000,2022-05-15,BNBBRL,1518.0,1597.0,1461.0,1591.0,2204.858,3368173.826,6110
1652486400000,2022-05-14,BNBBRL,1484.0,1525.0,1399.0,1519.0,3323.712,4867096.302,10017
1652400000000,2022-05-13,BNBBRL,1392.0,1612.0,1373.0,1482.0,7370.67,11373153.51,12754
1652313600000,2022-05-12,BNBBRL,1407.0,1462.0,1086.0,1393.0,22129.09193,29373731.8577493,23141
1652227200000,2022-05-11,BNBBRL,1653.0,1673.0,1354.0,1407.0,12028.11662,18052795.294538,15979
1652140800000,2022-05-10,BNBBRL,1545.0,1728.0,1510.0,1655.0,6842.302,11273105.773324,10607
1652054400000,2022-05-09,BNBBRL,1823.0,1841.0,1540.0,1544.0,6237.025,10358568.59278,10674
1651968000000,2022-05-08,BNBBRL,1873.0,1878.0,1796.0,1823.0,3042.777,5574502.996,6504
1651881600000,2022-05-07,BNBBRL,1938.0,1944.0,1848.0,1870.0,2523.593,4824957.542,6836
1651795200000,2022-05-06,BNBBRL,1915.0,1956.0,1889.0,1938.0,3323.047,6394425.993,8922
1651708800000,2022-05-05,BNBBRL,1987.0,2041.0,1881.0,1916.0,6001.912,11756357.178,11597
1651622400000,2022-05-04,BNBBRL,1916.0,1991.0,1912.0,1988.0,3758.414,7372547.713,8618
1651536000000,2022-05-03,BNBBRL,1977.0,1988.0,1900.0,1917.0,3028.367,5878166.529,7714
1651449600000,2022-05-02,BNBBRL,1951.0,1987.0,1923.0,1977.0,3187.526,6236695.891,8265
1651363200000,2022-05-01,BNBBRL,1894.0,1959.0,1888.0,1951.0,2574.105,4964558.174,7109
1651276800000,2022-04-30,BNBBRL,1964.0,1998.0,1890.0,1894.0,3003.172,5878553.306,8232
1651190400000,2022-04-29,BNBBRL,2023.0,2042.0,1942.0,1964.0,4066.678,8043731.489,9057
1651104000000,2022-04-28,BNBBRL,1951.0,2032.0,1932.0,2024.0,5558.638,11142876.698,10059
1651017600000,2022-04-27,BNBBRL,1941.0,1983.0,1929.0,1951.0,3922.91,7676575.369,7819
1650931200000,2022-04-26,BNBBRL,1980.0,1992.0,1919.0,1941.0,4197.284,8198491.726,8746
1650844800000,2022-04-25,BNBBRL,1928.0,1984.0,1854.0,1980.0,6910.533,13277845.314,9122
1650758400000,2022-04-24,BNBBRL,1940.0,1957.0,1921.0,1928.0,3978.637,7727557.011,5764
1650672000000,2022-04-23,BNBBRL,1961.0,1972.0,1919.0,1938.0,4947.584,9674256.05,6631
1650585600000,2022-04-22,BNBBRL,1887.0,1988.0,1850.0,1960.0,8502.006,16549905.441,9766
1650499200000,2022-04-21,BNBBRL,1949.0,1983.0,1872.0,1889.0,5002.259,9724378.996,9236
1650412800000,2022-04-20,BNBBRL,1983.0,2025.0,1929.0,1948.0,6121.355,12088664.631,10450
1650326400000,2022-04-19,BNBBRL,1953.0,1989.0,1940.0,1983.0,4644.866,9139067.066,9459
1650240000000,2022-04-18,BNBBRL,1930.0,1960.0,1883.0,1954.0,6235.792,11981563.652,8204
1650153600000,2022-04-17,BNBBRL,1979.0,1983.0,1924.0,1930.0,2343.49,4602379.97,5023
1650067200000,2022-04-16,BNBBRL,1978.0,1987.0,1951.0,1978.0,1959.716,3857666.014,5637
1649980800000,2022-04-15,BNBBRL,1965.0,1995.0,1956.0,1980.0,2240.737,4430375.808,6287
1649894400000,2022-04-14,BNBBRL,2002.0,2015.0,1948.0,1965.0,3892.337,7689842.448,7777
1649808000000,2022-04-13,BNBBRL,1951.0,2008.0,1933.0,2002.0,5091.89,10042691.878,8399
1649721600000,2022-04-12,BNBBRL,1872.0,1957.0,1862.0,1950.0,5061.951,9759699.896,9984
1649635200000,2022-04-11,BNBBRL,1985.0,1990.0,1856.0,1870.0,4316.998,8253977.563,10876
1649548800000,2022-04-10,BNBBRL,2026.0,2037.0,1980.0,1985.0,1810.088,3644551.444,7242
1649462400000,2022-04-09,BNBBRL,2000.0,2031.0,1991.0,2027.0,1726.846,3471120.042,7306
1649376000000,2022-04-08,BNBBRL,2091.0,2113.0,1988.0,2000.0,3641.324,7474245.44,9465
1649289600000,2022-04-07,BNBBRL,1999.0,2097.0,1983.0,2090.0,4015.734,8276119.134,9960
1649203200000,2022-04-06,BNBBRL,2086.0,2094.0,1985.0,1999.0,4645.242,9456427.743,11938
1649116800000,2022-04-05,BNBBRL,2078.0,2137.0,2068.0,2084.0,3327.475,7015472.903,9870
1649030400000,2022-04-04,BNBBRL,2118.0,2118.0,2017.0,2078.0,3036.559,6270212.459,10285
1648944000000,2022-04-03,BNBBRL,2058.0,2140.0,2032.0,2119.0,2052.232,4294653.059,9062
1648857600000,2022-04-02,BNBBRL,2108.0,2131.0,2050.0,2057.0,2559.74,5368994.525,10600
1648771200000,2022-04-01,BNBBRL,2054.0,2111.0,1976.0,2109.0,4305.827,8885532.122,13697
1648684800000,2022-03-31,BNBBRL,2128.0,2175.0,2020.0,2053.0,4806.826,10062142.983,14109
1648598400000,2022-03-30,BNBBRL,2084.0,2158.0,2042.0,2128.0,3865.857,8153017.098,10911
1648512000000,2022-03-29,BNBBRL,2059.0,2112.0,2058.0,2084.0,2783.87,5804022.828,9433
1648425600000,2022-03-28,BNBBRL,2050.0,2126.0,2039.0,2058.0,3218.184,6717712.765,10777
1648339200000,2022-03-27,BNBBRL,1990.0,2055.0,1972.0,2050.0,2057.516,4128161.96,7419
1648252800000,2022-03-26,BNBBRL,1964.0,1993.0,1950.0,1990.0,1867.485,3692502.305,6839
1648166400000,2022-03-25,BNBBRL,2007.0,2035.0,1950.0,1964.0,2702.082,5385405.089,9933
1648080000000,2022-03-24,BNBBRL,1985.0,2025.0,1957.0,2007.0,3364.183,6722175.526,10418
1647993600000,2022-03-23,BNBBRL,1999.0,2015.0,1960.0,1985.0,2649.596,5262134.855,9766
1647907200000,2022-03-22,BNBBRL,1970.0,2030.0,1963.0,2001.0,3969.408,7955791.556,12174
1647820800000,2022-03-21,BNBBRL,1976.0,2003.0,1947.0,1971.0,3081.22,6098346.581,10718
1647734400000,2022-03-20,BNBBRL,2020.0,2024.0,1945.0,1976.0,1633.518,3239861.329,7344
1647648000000,2022-03-19,BNBBRL,2004.0,2050.0,1990.0,2020.0,2308.174,4671035.662,9302
1647561600000,2022-03-18,BNBBRL,1982.0,2013.0,1941.0,2004.0,3472.964,6883757.264,10867
1647475200000,2022-03-17,BNBBRL,1960.0,2013.0,1942.0,1982.0,3348.534,6599093.013,10281
1647388800000,2022-03-16,BNBBRL,1913.0,1971.0,1885.0,1960.0,4151.122,8035027.197,11719
1647302400000,2022-03-15,BNBBRL,1910.0,1927.0,1856.0,1913.0,3129.567,5931653.115,10475
1647216000000,2022-03-14,BNBBRL,1846.0,1914.0,1835.0,1911.0,3301.446,6191752.637,9916
1647129600000,2022-03-13,BNBBRL,1894.0,1921.0,1838.0,1846.0,2194.391,4138943.682,7986
1647043200000,2022-03-12,BNBBRL,1891.0,1932.0,1886.0,1894.0,2410.924,4611954.289,9083
1646956800000,2022-03-11,BNBBRL,1879.0,1914.0,1842.0,1893.0,2999.527,5651439.48,10469
1646870400000,2022-03-10,BNBBRL,1981.0,1988.0,1846.0,1880.0,3510.342,6637443.185,10978
1646784000000,2022-03-09,BNBBRL,1946.0,2046.0,1944.0,1983.0,4793.125,9536869.524,12877
1646697600000,2022-03-08,BNBBRL,1956.0,1991.0,1929.0,1948.0,4708.899,9228539.515,11456
1646611200000,2022-03-07,BNBBRL,1920.0,1982.0,1858.0,1957.0,5574.278,10727315.099,13852
1646524800000,2022-03-06,BNBBRL,1968.0,1982.0,1908.0,1920.0,2267.161,4406730.344,9144
1646438400000,2022-03-05,BNBBRL,1912.0,1981.0,1879.0,1968.0,3368.896,6527672.516,10283
1646352000000,2022-03-04,BNBBRL,2036.0,2043.0,1902.0,1910.0,4283.493,8485752.515,12665
1646265600000,2022-03-03,BNBBRL,2101.0,2109.0,2013.0,2039.0,3570.609,7347469.751,12980
1646179200000,2022-03-02,BNBBRL,2106.0,2138.0,2076.0,2101.0,3948.527,8319078.268,12798
1646092800000,2022-03-01,BNBBRL,2040.0,2185.0,2010.0,2104.0,5292.873,11088145.223,13352
1646006400000,2022-02-28,BNBBRL,1875.0,2049.0,1854.0,2042.0,4748.387,9269104.607,12178
1645920000000,2022-02-27,BNBBRL,1942.0,1982.0,1869.0,1875.0,4128.677,7916445.17,9886
1645833600000,2022-02-26,BNBBRL,1948.0,2003.0,1926.0,1943.0,4272.075,8360844.513,11539
1645747200000,2022-02-25,BNBBRL,1863.0,1960.0,1840.0,1948.0,5963.651,11298484.439,15659
1645660800000,2022-02-24,BNBBRL,1845.0,1897.0,1632.0,1862.0,13909.51924,24414765.54978,23594
1645574400000,2022-02-23,BNBBRL,1910.0,1956.0,1844.0,1844.0,5469.687,10429371.91,18111
1645488000000,2022-02-22,BNBBRL,1839.0,1918.0,1801.0,1910.0,6753.857,12611257.003,18603
1645401600000,2022-02-21,BNBBRL,1978.0,2045.0,1831.0,1839.0,9857.213,19066564.659,20911
1645315200000,2022-02-20,BNBBRL,2074.0,2077.0,1947.0,1978.0,5449.49,10849938.008,14674
1645228800000,2022-02-19,BNBBRL,2070.0,2108.0,2039.0,2075.0,5004.942,10378190.75,15546
1645142400000,2022-02-18,BNBBRL,2100.0,2145.0,2030.0,2070.0,7564.841,15743190.058,20545
1645056000000,2022-02-17,BNBBRL,2206.0,2227.0,2088.0,2101.0,8873.741,19157246.098,23766
1644969600000,2022-02-16,BNBBRL,2243.0,2251.0,2194.0,2205.0,6534.063,14513974.319,23774
1644883200000,2022-02-15,BNBBRL,2119.0,2314.0,2113.0,2241.0,8572.592,19109647.076,24241
1644796800000,2022-02-14,BNBBRL,2110.0,2121.0,2070.0,2119.0,5410.104,11366593.713,16163
1644710400000,2022-02-13,BNBBRL,2139.0,2162.0,2094.0,2109.0,3023.211,6437293.011,11745
1644624000000,2022-02-12,BNBBRL,2118.0,2157.0,2084.0,2138.0,4197.303,8915693.858,14437
1644537600000,2022-02-11,BNBBRL,2189.0,2216.0,2082.0,2120.0,7526.967,16235505.978,24123
1644451200000,2022-02-10,BNBBRL,2229.0,2291.0,2163.0,2188.0,8202.867,18230566.994,24472
1644364800000,2022-02-09,BNBBRL,2165.0,2258.0,2161.0,2229.0,6511.475,14470613.993,22928
1644278400000,2022-02-08,BNBBRL,2301.0,2361.0,2155.0,2163.0,8774.355,19563926.986,26742
1644192000000,2022-02-07,BNBBRL,2255.0,2340.0,2217.0,2301.0,7767.554,17870254.675,26028
1644105600000,2022-02-06,BNBBRL,2225.0,2266.0,2187.0,2255.0,4838.672,10780124.442,18267
1644019200000,2022-02-05,BNBBRL,2142.0,2309.0,2125.0,2226.0,6597.059,14685492.72,22486
1643932800000,2022-02-04,BNBBRL,1984.0,2142.0,1970.0,2140.0,8234.983,16944414.084,23405
1643846400000,2022-02-03,BNBBRL,1952.0,1987.0,1913.0,1983.0,7140.846,13919952.327,19494
1643760000000,2022-02-02,BNBBRL,2040.0,2050.0,1946.0,1952.0,7745.893,15520907.356,21129
1643673600000,2022-02-01,BNBBRL,2000.0,2068.0,1998.0,2040.0,8342.79,17033892.814,21350
1643587200000,2022-01-31,BNBBRL,2051.0,2059.0,1988.0,2000.0,7538.36,15295014.959,19661
1643500800000,2022-01-30,BNBBRL,2114.0,2115.0,2026.0,2052.0,4940.754,10224522.203,16669
1643414400000,2022-01-29,BNBBRL,2092.0,2154.0,2073.0,2113.0,5196.549,10942708.869,21715
1643328000000,2022-01-28,BNBBRL,2128.0,2157.0,2049.0,2092.0,7347.846,15421061.858,25522
1643241600000,2022-01-27,BNBBRL,2062.0,2150.0,1965.0,2128.0,8632.169,17611057.121,22445
1643155200000,2022-01-26,BNBBRL,2123.0,2192.0,2015.0,2064.0,9849.708,20865045.011,26435
1643068800000,2022-01-25,BNBBRL,2060.0,2134.0,1986.0,2122.0,7374.981,15290330.14,24537
1642982400000,2022-01-24,BNBBRL,2121.0,2122.0,1860.0,2063.0,9026.522,17850199.754,24484
1642896000000,2022-01-23,BNBBRL,1980.0,2154.0,1971.0,2120.0,7643.976,15820506.844,20558
1642809600000,2022-01-22,BNBBRL,2117.0,2149.0,1865.0,1980.0,10448.917,20905144.439,27656
1642723200000,2022-01-21,BNBBRL,2415.0,2437.0,2072.0,2114.0,17883.86001,40850301.180402,38213
1642636800000,2022-01-20,BNBBRL,2544.0,2632.0,2404.0,2413.0,13311.487,33838648.381,37925
1642550400000,2022-01-19,BNBBRL,2644.0,2646.0,2540.0,2543.0,12149.556,31475898.019,33639
1642464000000,2022-01-18,BNBBRL,2647.0,2672.0,2543.0,2644.0,10710.712,27885197.52,33897
1642377600000,2022-01-17,BNBBRL,2787.0,2789.0,2602.0,2647.0,11006.351,29243661.304,33514
1642291200000,2022-01-16,BNBBRL,2764.0,2826.0,2730.0,2787.0,7928.902,22046200.679,26803
1642204800000,2022-01-15,BNBBRL,2734.0,2797.0,2708.0,2764.0,8394.163,23175813.591,30758
1642118400000,2022-01-14,BNBBRL,2653.0,2746.0,2605.0,2734.0,12407.248,33307616.922,36527
1642032000000,2022-01-13,BNBBRL,2725.0,2732.0,2592.0,2655.0,11747.67,31309461.607,34757
1641945600000,2022-01-12,BNBBRL,2613.0,2735.0,2572.0,2725.0,11704.697,31345096.756,34508
1641859200000,2022-01-11,BNBBRL,2425.0,2643.0,2406.0,2614.0,12730.235,32619935.509,34696
1641772800000,2022-01-10,BNBBRL,2500.0,2536.0,2330.0,2425.0,12941.566,31337736.754,33747
1641686400000,2022-01-09,BNBBRL,2452.0,2532.0,2436.0,2500.0,6375.381,15862738.919,25229
1641600000000,2022-01-08,BNBBRL,2550.0,2614.0,2377.0,2453.0,9326.918,23401494.834,31472
1641513600000,2022-01-07,BNBBRL,2714.0,2719.0,2504.0,2549.0,12908.911,33377262.638,41441
1641427200000,2022-01-06,BNBBRL,2734.0,2767.0,2650.0,2714.0,13002.711,35290540.101,43879
1641340800000,2022-01-05,BNBBRL,2900.0,2943.0,2656.0,2734.0,13761.219,39348434.912,43669
1641254400000,2022-01-04,BNBBRL,2914.0,2956.0,2858.0,2900.0,11887.636,34714569.794,41679
1641168000000,2022-01-03,BNBBRL,2995.0,3017.0,2904.0,2914.0,10598.212,31362493.394,38678
1641081600000,2022-01-02,BNBBRL,2973.0,3010.0,2923.0,2995.0,7921.925,23521879.647,30806
1640995200000,2022-01-01,BNBBRL,2885.0,2975.0,2884.0,2971.0,6488.986,19050733.802,20922
1640908800000,2021-12-31,BNBBRL,2923.0,2971.0,2859.0,2885.0,10133.083,29500995.412,31380
1640822400000,2021-12-30,BNBBRL,2957.0,3028.0,2904.0,2924.0,11983.795,35347605.576,36817
1640736000000,2021-12-29,BNBBRL,3039.0,3074.0,2934.0,2957.0,11869.603,35737271.791,35631
1640649600000,2021-12-28,BNBBRL,3204.0,3204.0,3008.0,3038.0,13060.376,40404979.947,38828
1640563200000,2021-12-27,BNBBRL,3124.0,3253.0,3091.0,3204.0,11458.862,36511369.068,41902
1640476800000,2021-12-26,BNBBRL,3133.0,3141.0,3071.0,3124.0,7450.133,23222255.068,29360
1640390400000,2021-12-25,BNBBRL,3096.0,3149.0,3080.0,3133.0,6582.317,20554449.994,25136
1640304000000,2021-12-24,BNBBRL,3128.0,3169.0,3074.0,3095.0,9878.92,30847358.906,33151
1640217600000,2021-12-23,BNBBRL,3043.0,3146.0,2992.0,3127.0,12292.535,37642047.424,37571
1640131200000,2021-12-22,BNBBRL,3033.0,3132.0,3021.0,3043.0,13436.98,41260811.319,38812
1640044800000,2021-12-21,BNBBRL,3004.0,3054.0,2965.0,3031.0,15581.621,47126589.515,38399
1639958400000,2021-12-20,BNBBRL,3032.0,3060.0,2901.0,3003.0,11827.469,35099736.616,38374
1639872000000,2021-12-19,BNBBRL,3050.0,3094.0,3008.0,3033.0,7362.476,22418804.418,26493
1639785600000,2021-12-18,BNBBRL,2995.0,3069.0,2945.0,3051.0,8067.739,24372802.637,29839
1639699200000,2021-12-17,BNBBRL,3021.0,3094.0,2930.0,2997.0,25379.586,76868313.578,68100
1639612800000,2021-12-16,BNBBRL,3094.0,3125.0,3013.0,3021.0,14894.574,45811741.778,44102
1639526400000,2021-12-15,BNBBRL,3018.0,3136.0,2885.0,3093.0,14469.865,43613429.867,39561
1639440000000,2021-12-14,BNBBRL,2987.0,3059.0,2920.0,3019.0,14151.007,42179488.421,41326
1639353600000,2021-12-13,BNBBRL,3230.0,3241.0,2924.0,2988.0,12694.998,38762171.981,35890
1639267200000,2021-12-12,BNBBRL,3198.0,3260.0,3165.0,3232.0,7823.066,25113349.81,25205
1639180800000,2021-12-11,BNBBRL,3135.0,3243.0,3074.0,3194.0,9460.294,29933658.06,26969
1639094400000,2021-12-10,BNBBRL,3224.0,3365.0,3125.0,3135.0,11374.604,36865358.547,36865
1639008000000,2021-12-09,BNBBRL,3408.0,3458.0,3206.0,3229.0,10768.255,35511967.512,37300
1638921600000,2021-12-08,BNBBRL,3266.0,3410.0,3226.0,3408.0,13292.977,43910377.975,46141
1638835200000,2021-12-07,BNBBRL,3380.0,3413.0,3230.0,3265.0,7946.796,26534993.415,26972
1638748800000,2021-12-06,BNBBRL,3205.0,3410.0,3071.0,3378.0,14862.493,48068855.651,42439
1638662400000,2021-12-05,BNBBRL,3278.0,3353.0,3124.0,3205.0,8018.45,25898936.405,27760
1638576000000,2021-12-04,BNBBRL,3414.0,3422.0,2859.0,3279.0,18655.282,59561431.621,51797
1638489600000,2021-12-03,BNBBRL,3539.0,3593.0,3314.0,3416.0,16642.435,57770324.339,44365
1638403200000,2021-12-02,BNBBRL,3597.0,3607.0,3479.0,3541.0,14680.421,52045364.689,43730
1638316800000,2021-12-01,BNBBRL,3537.0,3687.0,3523.0,3594.0,16043.821,58008372.659,46749
1638230400000,2021-11-30,BNBBRL,3539.0,3597.0,3420.0,3533.0,14889.772,52578180.77,46162
1638144000000,2021-11-29,BNBBRL,3469.0,3560.0,3400.0,3539.0,15302.957,53579148.912,41212
1638057600000,2021-11-28,BNBBRL,3409.0,3478.0,3267.0,3470.0,10827.571,36501443.898,30043
1637971200000,2021-11-27,BNBBRL,3341.0,3534.0,3320.0,3414.0,11245.037,38599945.723,34564
1637884800000,2021-11-26,BNBBRL,3616.0,3720.0,3234.0,3339.0,20157.658,68310572.111,53616
1637798400000,2021-11-25,BNBBRL,3353.0,3643.0,3337.0,3616.0,15352.705,54603599.095,50888
1637712000000,2021-11-24,BNBBRL,3352.0,3366.0,3276.0,3354.0,13606.233,45191542.643,42408
1637625600000,2021-11-23,BNBBRL,3175.0,3443.0,3166.0,3352.0,13108.849,43862814.417,39605
1637539200000,2021-11-22,BNBBRL,3327.0,3333.0,3131.0,3176.0,11428.278,36794973.941,35404
1637452800000,2021-11-21,BNBBRL,3432.0,3440.0,3301.0,3324.0,6519.496,21890417.136,26291
1637366400000,2021-11-20,BNBBRL,3294.0,3436.0,3261.0,3431.0,8131.153,27177979.125,32737
1637280000000,2021-11-19,BNBBRL,3004.0,3318.0,2962.0,3296.0,13389.393,42760550.777,39824
1637193600000,2021-11-18,BNBBRL,3227.0,3290.0,2900.0,3001.0,14004.371,43373835.354,36862
1637107200000,2021-11-17,BNBBRL,3291.0,3308.0,3088.0,3229.0,13523.803,43415138.756,34480
1637020800000,2021-11-16,BNBBRL,3513.0,3539.0,3181.0,3292.0,14774.311,48910539.536,42412
1636934400000,2021-11-15,BNBBRL,3592.0,3636.0,3497.0,3513.0,7316.244,25978991.408,31617
1636848000000,2021-11-14,BNBBRL,3598.0,3660.0,3513.0,3592.0,6108.918,21948815.742,25118
1636761600000,2021-11-13,BNBBRL,3466.0,3627.0,3433.0,3599.0,7086.171,25088311.979,27335
1636675200000,2021-11-12,BNBBRL,3450.0,3483.0,3320.0,3466.0,9117.344,31089009.079,32784
1636588800000,2021-11-11,BNBBRL,3434.0,3544.0,3383.0,3454.0,9735.137,33636029.647,34822
1636502400000,2021-11-10,BNBBRL,3529.0,3648.0,3222.0,3437.0,13238.303,46574420.555,42994
1636416000000,2021-11-09,BNBBRL,3647.0,3661.0,3496.0,3531.0,7658.296,27283180.056,34048
1636329600000,2021-11-08,BNBBRL,3647.0,3665.0,3523.0,3647.0,7765.475,27992031.226,30988
1636243200000,2021-11-07,BNBBRL,3587.0,3760.1,3550.0,3647.0,7046.11261,25930583.5067687,28819
1636156800000,2021-11-06,BNBBRL,3420.0,3586.0,3348.0,3586.0,7723.28415,26692069.8551632,30908
1636070400000,2021-11-05,BNBBRL,3172.0,3490.0,3144.0,3415.0,11602.46342,39087490.2226406,40027
1635984000000,2021-11-04,BNBBRL,3197.0,3202.0,3066.0,3172.0,10301.38,32335012.438,38281
1635897600000,2021-11-03,BNBBRL,3160.0,3216.0,3079.0,3197.0,8313.394,26190146.907,30786
1635811200000,2021-11-02,BNBBRL,3162.0,3221.0,3074.0,3163.0,7287.28624,23049100.1709395,34374
1635724800000,2021-11-01,BNBBRL,2995.0,3167.0,2925.0,3162.0,7839.47158,24040166.498817,35445
1635638400000,2021-10-31,BNBBRL,3011.0,3049.0,2914.0,2995.0,5093.346,15152256.576,27107
1635552000000,2021-10-30,BNBBRL,3022.0,3082.0,2921.0,3011.0,7236.04825,21686745.1508881,34415
1635465600000,2021-10-29,BNBBRL,2802.0,3038.0,2769.0,3022.0,10011.69585,29235396.3772697,41628
1635379200000,2021-10-28,BNBBRL,2528.0,2816.0,2511.0,2802.0,9310.277,25228652.441,39891
1635292800000,2021-10-27,BNBBRL,2690.0,2730.0,2458.0,2529.0,9084.373,23468325.553,36995
1635206400000,2021-10-26,BNBBRL,2719.0,2745.0,2672.0,2689.0,6069.059,16509592.928,35591
1635120000000,2021-10-25,BNBBRL,2706.0,2756.0,2698.0,2719.0,5218.939,14234384.466,21508
1635033600000,2021-10-24,BNBBRL,2760.0,2764.0,2668.0,2708.0,3318.787,9000263.064,14281
1634947200000,2021-10-23,BNBBRL,2723.0,2760.0,2689.0,2760.0,3294.987,9010422.951,15082
1634860800000,2021-10-22,BNBBRL,2670.0,2822.0,2668.0,2724.0,6934.386,19105932.051,23966
1634774400000,2021-10-21,BNBBRL,2808.0,2824.0,2641.0,2671.0,12956.232,35414463.569,37750
1634688000000,2021-10-20,BNBBRL,2726.0,2829.0,2692.0,2807.0,8971.06547,24800019.4903296,28955
1634601600000,2021-10-19,BNBBRL,2687.0,2751.0,2672.0,2728.0,8995.77434,24373076.9381892,27968
1634515200000,2021-10-18,BNBBRL,2597.0,2700.0,2520.0,2687.0,8212.15807,21676130.3036614,24073
1634428800000,2021-10-17,BNBBRL,2572.0,2603.0,2513.0,2597.0,6504.8,16768869.229,19482
1634342400000,2021-10-16,BNBBRL,2617.0,2660.0,2551.0,2572.0,6025.989,15638534.584,18237
1634256000000,2021-10-15,BNBBRL,2633.0,2635.0,2501.0,2614.0,9874.213,25471829.439,25657
1634169600000,2021-10-14,BNBBRL,2615.0,2668.0,2553.0,2633.0,8426.492,22051666.149,23752
1634083200000,2021-10-13,BNBBRL,2483.0,2623.0,2423.0,2615.0,11827.215,30187441.122,26504
1633996800000,2021-10-12,BNBBRL,2306.0,2493.0,2193.0,2483.0,9282.085,21851667.97,20124
1633910400000,2021-10-11,BNBBRL,2247.0,2333.0,2225.0,2306.0,7531.811,17330684.73,19934
1633824000000,2021-10-10,BNBBRL,2335.0,2338.0,2238.0,2247.0,5193.432,11937802.539,14659
1633737600000,2021-10-09,BNBBRL,2330.0,2357.0,2312.0,2336.0,4477.914,10462573.988,16702
1633651200000,2021-10-08,BNBBRL,2423.0,2438.0,2308.0,2328.0,9884.135,23306067.503,27535
1633564800000,2021-10-07,BNBBRL,2392.0,2471.0,2323.0,2420.0,8589.94705,20771445.132018,24959
1633478400000,2021-10-06,BNBBRL,2428.0,2429.0,2267.0,2387.0,8392.655,20001698.827,24565
1633392000000,2021-10-05,BNBBRL,2318.0,2436.0,2304.0,2425.0,7468.635,17791536.054,22934
1633305600000,2021-10-04,BNBBRL,2308.0,2330.0,2211.0,2318.0,6634.862,15135977.053,19317
1633219200000,2021-10-03,BNBBRL,2292.0,2339.0,2262.0,2307.0,4786.444,11006151.124,16239
1633132800000,2021-10-02,BNBBRL,2260.0,2344.0,2197.0,2294.0,5758.938,13168912.792,16606
1633046400000,2021-10-01,BNBBRL,2107.0,2275.0,2072.0,2260.0,8271.464,18211291.374,20713
1632960000000,2021-09-30,BNBBRL,2013.0,2115.0,2003.0,2109.0,6968.368,14371393.62,17928
1632873600000,2021-09-29,BNBBRL,1819.0,2040.0,1814.0,2013.0,7372.302,14533405.42,15416
1632787200000,2021-09-28,BNBBRL,1818.0,1873.0,1725.0,1822.0,5264.796,9657506.596,12741
1632700800000,2021-09-27,BNBBRL,1852.0,1917.0,1817.0,1817.0,5765.958,10723567.926,13294
1632614400000,2021-09-26,BNBBRL,1888.0,1898.0,1729.0,1852.0,4952.19235,9143808.7843371,10605
1632528000000,2021-09-25,BNBBRL,1913.0,1940.0,1855.0,1886.0,4110.226,7787517.125,10611
1632441600000,2021-09-24,BNBBRL,2048.0,2057.0,1797.0,1913.0,9720.278,18522543.321016,17389
1632355200000,2021-09-23,BNBBRL,2028.0,2053.0,1970.0,2048.0,7922.515,16044938.346,17639
1632268800000,2021-09-22,BNBBRL,1833.0,2034.0,1825.0,2031.0,9034.613,17719933.754,19900
1632182400000,2021-09-21,BNBBRL,1955.0,2024.0,1800.0,1830.0,9820.94243,18889831.6647415,22672
1632096000000,2021-09-20,BNBBRL,2172.0,2178.0,1910.0,1955.0,10373.0864,20913325.5021466,24097
1632009600000,2021-09-19,BNBBRL,2183.0,2234.0,2144.0,2173.0,5562.924,12176297.238,17933
1631923200000,2021-09-18,BNBBRL,2169.0,2230.0,2143.0,2185.0,5391.611,11854064.831,21315
1631836800000,2021-09-17,BNBBRL,2244.0,2252.0,2139.0,2169.0,5700.412,12504967.973,17539
1631750400000,2021-09-16,BNBBRL,2263.0,2284.0,2203.0,2245.0,4890.97,10975987.1,15981
1631664000000,2021-09-15,BNBBRL,2184.0,2303.0,2158.0,2264.0,5383.816,12087413.059,14835
1631577600000,2021-09-14,BNBBRL,2090.0,2184.0,2072.0,2183.0,4854.014,10296466.305,13895
1631491200000,2021-09-13,BNBBRL,2211.0,2226.0,2033.0,2090.0,7440.459,15634683.046,14334
1631404800000,2021-09-12,BNBBRL,2154.0,2237.0,2118.0,2210.0,5096.47,11173292.099,13319
1631318400000,2021-09-11,BNBBRL,2136.0,2209.0,2127.0,2155.0,5857.355,12724767.346,16793
1631232000000,2021-09-10,BNBBRL,2224.0,2312.0,2080.0,2137.0,10424.604,22598760.081,21349
1631145600000,2021-09-09,BNBBRL,2211.0,2315.0,2152.0,2224.0,11340.119,25189328.621,21466
1631059200000,2021-09-08,BNBBRL,2220.0,2255.0,2014.0,2211.0,12538.761,27403220.568,22631
1630972800000,2021-09-07,BNBBRL,2587.0,2634.0,1979.0,2218.0,15909.35742,37147267.7402787,30015
1630886400000,2021-09-06,BNBBRL,2625.0,2643.0,2542.0,2587.0,7368.73,19096605.087,19605
1630800000000,2021-09-05,BNBBRL,2602.0,2640.0,2556.0,2626.0,4584.233,11923936.263,14358
1630713600000,2021-09-04,BNBBRL,2545.0,2657.0,2535.0,2602.0,6355.33758,16468087.0579529,17044
1630627200000,2021-09-03,BNBBRL,2521.0,2567.0,2469.0,2546.0,7958.44,20182784.47,20710
1630540800000,2021-09-02,BNBBRL,2541.0,2614.0,2480.0,2522.0,8277.794,21033205.7279606,20162
1630454400000,2021-09-01,BNBBRL,2420.0,2556.0,2373.0,2542.0,8174.626,20258168.925,20867
1630368000000,2021-08-31,BNBBRL,2412.0,2487.0,2374.0,2421.0,9668.6613,23463901.3640789,23255
1630281600000,2021-08-30,BNBBRL,2508.0,2517.0,2402.0,2413.0,7666.18153,18943717.8346309,19672
1630195200000,2021-08-29,BNBBRL,2549.0,2596.0,2494.0,2508.0,5180.062,13144347.409,15021
1630108800000,2021-08-28,BNBBRL,2584.0,2593.0,2523.0,2548.0,5486.984,13991385.592,14814
1630022400000,2021-08-27,BNBBRL,2541.0,2590.0,2477.0,2583.0,11015.43391,28001018.2861015,21100
1629936000000,2021-08-26,BNBBRL,2651.4,2729.99,2491.0,2539.0,12684.13573,32678098.3323062,24735
1629849600000,2021-08-25,BNBBRL,2503.59,2675.0,2490.0,2653.36,8792.29719,22875346.0322923,23912
1629763200000,2021-08-24,BNBBRL,2710.43,2739.97,2453.07,2506.22,8719.01181,22519483.2596197,25094
1629676800000,2021-08-23,BNBBRL,2429.44,2764.99,2419.5,2711.16,9588.24199,25543840.747714,26388
1629590400000,2021-08-22,BNBBRL,2439.31,2476.77,2381.05,2429.44,4321.00565,10502141.6624318,13917
1629504000000,2021-08-21,BNBBRL,2454.95,2480.38,2403.56,2438.35,4329.16425,10582851.3824668,15214
1629417600000,2021-08-20,BNBBRL,2326.98,2467.54,2282.03,2457.68,6565.07023,15646218.434414,19837
1629331200000,2021-08-19,BNBBRL,2146.79,2330.0,2123.88,2329.97,7570.28999,17023884.5936147,19261
1629244800000,2021-08-18,BNBBRL,2147.46,2213.05,2064.94,2146.13,7347.77066,15725986.847963,15967
1629158400000,2021-08-17,BNBBRL,2205.0,2305.99,2130.51,2152.32,6662.21222,14830972.484766,16336
1629072000000,2021-08-16,BNBBRL,2188.0,2310.0,2164.63,2205.43,7965.24745,17831218.5197018,17772
1628985600000,2021-08-15,BNBBRL,2160.66,2193.49,2103.36,2189.67,4273.60088,9175930.9862984,12063
1628899200000,2021-08-14,BNBBRL,2168.82,2203.94,2120.0,2162.3,5364.76796,11548630.5609924,14221
1628812800000,2021-08-13,BNBBRL,2043.45,2169.37,2025.62,2168.82,6047.46231,12750284.5020809,15906
1628726400000,2021-08-12,BNBBRL,2064.48,2142.93,1960.75,2043.45,7029.19004,14302805.2300889,16672
1628640000000,2021-08-11,BNBBRL,1945.25,2148.95,1943.01,2064.48,8166.29805,16759018.9439296,19346
1628553600000,2021-08-10,BNBBRL,1865.95,1980.0,1842.64,1946.84,6757.7079,12991136.3100998,14177
1628467200000,2021-08-09,BNBBRL,1803.02,1886.95,1755.0,1867.89,7142.94028,13133023.6748992,12332
1628380800000,2021-08-08,BNBBRL,1872.25,1890.0,1778.5,1802.85,5836.96427,10704996.1989759,12834
1628294400000,2021-08-07,BNBBRL,1795.81,1896.72,1783.64,1874.27,6303.29326,11635910.6303031,13364
1628208000000,2021-08-06,BNBBRL,1772.15,1818.34,1740.0,1795.81,4889.1785,8696956.851263,11002
1628121600000,2021-08-05,BNBBRL,1745.95,1779.95,1685.14,1771.25,5189.76371,9015398.0086014,10023
1628035200000,2021-08-04,BNBBRL,1694.21,1768.46,1676.33,1745.95,5393.29202,9308472.3859604,10006
1627948800000,2021-08-03,BNBBRL,1723.34,1742.4,1660.0,1694.22,5150.77868,8732601.1690429,9653
1627862400000,2021-08-02,BNBBRL,1736.54,1759.13,1700.0,1723.96,4562.52563,7877275.0770423,9431
1627776000000,2021-08-01,BNBBRL,1735.95,1804.04,1725.0,1736.63,5974.26,10551164.1853731,10076
1627689600000,2021-07-31,BNBBRL,1682.99,1761.99,1647.27,1732.32,6056.5315,10332069.8411623,10862
1627603200000,2021-07-30,BNBBRL,1620.14,1684.0,1571.0,1680.14,7125.32778,11589858.4733728,11249
1627516800000,2021-07-29,BNBBRL,1618.62,1637.0,1595.19,1619.07,4974.81318,8023845.6605538,9139
1627430400000,2021-07-28,BNBBRL,1633.83,1649.16,1603.22,1619.77,6618.16063,10764775.3416778,11160
1627344000000,2021-07-27,BNBBRL,1585.93,1661.0,1552.09,1634.15,8293.57237,13353324.2788221,11804
1627257600000,2021-07-26,BNBBRL,1575.68,1688.21,1559.0,1585.94,13796.78332,22553644.3870275,17943
1627171200000,2021-07-25,BNBBRL,1578.48,1586.1,1527.0,1575.68,5977.61092,9319246.3077322,9917
1627084800000,2021-07-24,BNBBRL,1567.11,1607.1,1539.86,1578.83,8357.01806,13156356.3282892,14416
1626998400000,2021-07-23,BNBBRL,1543.88,1578.75,1468.16,1567.11,8847.14985,13480931.181672,14639
1626912000000,2021-07-22,BNBBRL,1538.18,1563.9,1505.99,1544.66,7393.33924,11357029.2605467,11267
1626825600000,2021-07-21,BNBBRL,1393.31,1570.95,1374.01,1534.98,12298.74307,18326639.4375537,13430
1626739200000,2021-07-20,BNBBRL,1483.59,1498.23,1352.48,1391.83,10443.58227,14676288.4211766,13029
1626652800000,2021-07-19,BNBBRL,1562.6,1572.08,1460.27,1481.22,6876.79332,10371309.3759102,9332
1626566400000,2021-07-18,BNBBRL,1553.32,1595.99,1548.48,1564.3,3533.07509,5564832.6508012,6246
1626480000000,2021-07-17,BNBBRL,1567.39,1589.14,1527.8,1555.29,4128.56745,6419353.9957192,7078
1626393600000,2021-07-16,BNBBRL,1632.25,1671.84,1560.0,1567.39,5099.12816,8149315.0324245,9066
1626307200000,2021-07-15,BNBBRL,1586.2,1663.9,1543.21,1629.77,7607.51474,12238927.1218453,11105
1626220800000,2021-07-14,BNBBRL,1614.0,1616.36,1517.24,1585.5,6436.30783,10152460.6002429,9033
1626134400000,2021-07-13,BNBBRL,1654.85,1663.63,1595.89,1615.53,3756.47403,6096633.9168112,7615
1626048000000,2021-07-12,BNBBRL,1699.17,1768.0,1616.01,1654.85,6881.16344,11639869.938554,9007
1625961600000,2021-07-11,BNBBRL,1679.09,1727.61,1660.8,1700.0,4731.78551,8056438.196509,6948
1625875200000,2021-07-10,BNBBRL,1679.77,1698.48,1650.63,1679.09,3870.40711,6477594.1705271,6595
1625788800000,2021-07-09,BNBBRL,1649.83,1696.2,1607.13,1679.77,3855.11446,6392238.9752047,7448
1625702400000,2021-07-08,BNBBRL,1724.91,1731.02,1625.0,1652.45,7068.36674,11868671.7714299,9621
1625616000000,2021-07-07,BNBBRL,1668.67,1789.21,1662.0,1728.55,8791.23112,15294196.8118754,12153
1625529600000,2021-07-06,BNBBRL,1560.95,1677.61,1556.04,1669.61,7822.47062,12674714.6278603,11874
1625443200000,2021-07-05,BNBBRL,1559.06,1585.59,1490.28,1558.63,6312.37846,9685009.2223294,9809
1625356800000,2021-07-04,BNBBRL,1512.42,1595.2,1485.27,1559.46,5742.13864,8935276.5022094,10408
1625270400000,2021-07-03,BNBBRL,1461.01,1537.0,1438.52,1514.1,3512.31233,5254760.2541882,7054
1625184000000,2021-07-02,BNBBRL,1462.43,1477.62,1400.0,1461.03,4816.12157,6915298.8888553,7920
1625097600000,2021-07-01,BNBBRL,1523.74,1523.74,1424.22,1463.91,5359.0958,7823401.5736159,8211
1625011200000,2021-06-30,BNBBRL,1497.52,1528.45,1416.53,1523.54,8879.56273,13058836.5206307,9759
1624924800000,2021-06-29,BNBBRL,1440.25,1568.0,1436.77,1497.87,8842.94187,13398524.0718554,10804
1624838400000,2021-06-28,BNBBRL,1443.4,1487.95,1405.49,1441.36,8006.48351,11551005.9332013,9014
1624752000000,2021-06-27,BNBBRL,1400.96,1446.87,1350.0,1442.41,5613.24979,7845161.8680398,7202
1624665600000,2021-06-26,BNBBRL,1407.74,1446.21,1325.0,1400.66,8755.10384,12086375.0500777,8725
1624579200000,2021-06-25,BNBBRL,1532.13,1558.03,1378.85,1408.0,12865.44309,18505562.3080976,11913
1624492800000,2021-06-24,BNBBRL,1489.0,1562.06,1416.19,1530.93,11547.52984,17384536.8884153,11981
1624406400000,2021-06-23,BNBBRL,1315.0,1559.04,1265.52,1487.78,19801.408,28515577.7527138,14520
1624320000000,2021-06-22,BNBBRL,1378.38,1480.75,1153.0,1314.53,32800.37781,43116116.8164915,22894
1624233600000,2021-06-21,BNBBRL,1746.67,1760.59,1366.28,1378.39,13616.71573,21130702.6341391,15968
1624147200000,2021-06-20,BNBBRL,1724.32,1757.0,1607.0,1745.03,4126.19002,6966703.7568974,8413
1624060800000,2021-06-19,BNBBRL,1733.37,1773.22,1706.33,1725.98,3673.78442,6409504.1318427,9148
1623974400000,2021-06-18,BNBBRL,1777.79,1808.42,1673.16,1731.01,5182.88678,9019981.706842,11059
1623888000000,2021-06-17,BNBBRL,1772.25,1845.01,1756.01,1777.72,6256.63039,11260000.939735,11354
1623801600000,2021-06-16,BNBBRL,1862.67,1862.67,1735.55,1772.72,7700.87071,13856620.6371378,15878
1623715200000,2021-06-15,BNBBRL,1890.03,1929.99,1851.53,1861.94,8687.209,16389350.7826363,21263
1623628800000,2021-06-14,BNBBRL,1871.68,1930.0,1820.01,1888.73,10763.95273,20167751.1877975,31065
1623542400000,2021-06-13,BNBBRL,1776.13,1887.65,1707.8,1872.86,7633.91418,13779353.1573279,19282
1623456000000,2021-06-12,BNBBRL,1783.62,1800.0,1681.36,1773.05,8052.76647,14056955.8107448,11727
1623369600000,2021-06-11,BNBBRL,1799.64,1872.0,1744.38,1785.0,8611.04077,15634337.2755246,11460
1623283200000,2021-06-10,BNBBRL,1918.66,1925.0,1763.03,1798.15,12506.07204,23049448.3823605,13131
1623196800000,2021-06-09,BNBBRL,1795.0,1933.51,1695.99,1918.65,16648.11574,30469625.8190486,15729
1623110400000,2021-06-08,BNBBRL,1828.78,1867.71,1624.49,1795.26,24895.38969,43725630.0925558,20788
1623024000000,2021-06-07,BNBBRL,2003.4,2066.33,1809.0,1828.11,13350.74373,26028510.427688,17997
1622937600000,2021-06-06,BNBBRL,1983.56,2037.82,1942.22,2005.24,6501.73465,12948758.1249603,10370
1622851200000,2021-06-05,BNBBRL,1986.72,2144.2,1910.01,1990.64,13333.99667,26967183.7022579,15238
1622764800000,2021-06-04,BNBBRL,2178.0,2182.0,1877.0,1983.95,20587.44746,40995949.8567297,19614
1622678400000,2021-06-03,BNBBRL,2052.39,2183.95,2002.95,2173.03,9568.75084,20264652.2290009,15432
1622592000000,2021-06-02,BNBBRL,1879.82,2144.18,1816.18,2055.17,11469.25289,23305059.8514357,17512
1622505600000,2021-06-01,BNBBRL,1856.13,1909.95,1782.41,1879.83,9782.21659,17974668.7473122,13404
1622419200000,2021-05-31,BNBBRL,1720.97,1869.38,1625.0,1853.46,12096.30043,21508170.9822273,12787
1622332800000,2021-05-30,BNBBRL,1611.38,1780.31,1544.06,1721.0,9362.62592,15803247.6223226,9736
1622246400000,2021-05-29,BNBBRL,1740.01,1833.59,1568.65,1611.38,10344.55211,17505482.7493242,10884
1622160000000,2021-05-28,BNBBRL,1956.0,1975.0,1669.99,1739.58,16027.5794,28594384.5361693,15608
1622073600000,2021-05-27,BNBBRL,2032.0,2064.99,1826.58,1955.82,14165.62346,27760295.3706946,15272
1621987200000,2021-05-26,BNBBRL,1848.24,2068.21,1806.36,2032.0,16964.25714,33343497.696816,20165
1621900800000,2021-05-25,BNBBRL,1860.0,2027.48,1650.01,1848.23,25891.24987,46881715.2890562,22233
1621814400000,2021-05-24,BNBBRL,1439.79,1884.98,1408.11,1860.0,26131.28038,43828961.7145245,21031
1621728000000,2021-05-23,BNBBRL,1632.0,1705.2,1180.01,1424.96,24739.2152,34182819.1185835,22194
1621641600000,2021-05-22,BNBBRL,1777.78,1831.42,1552.97,1631.13,22509.6049,38169731.2556856,15597
1621555200000,2021-05-21,BNBBRL,2100.52,2228.0,1521.12,1777.78,27146.88077,50819131.4901382,25373
1621468800000,2021-05-20,BNBBRL,1826.23,2314.97,1572.6,2101.44,37813.84714,75350942.659218,36114
1621382400000,2021-05-19,BNBBRL,2708.64,2743.51,1500.0,1825.73,36989.348,77347550.8154692,43692
1621296000000,2021-05-18,BNBBRL,2732.39,2850.0,2652.01,2701.63,5955.58049,16347491.0447587,13617
1621209600000,2021-05-17,BNBBRL,3009.65,3009.65,2576.05,2723.62,9167.9178,25212134.0757065,15929
1621123200000,2021-05-16,BNBBRL,3016.87,3217.95,2865.01,3016.21,4530.53995,13749416.8025526,12326
1621036800000,2021-05-15,BNBBRL,3207.0,3250.0,2991.8,3016.33,5263.65278,16382154.7922663,14471
1620950400000,2021-05-14,BNBBRL,3059.55,3278.71,3033.08,3207.0,6778.33917,21569498.4693755,18061
1620864000000,2021-05-13,BNBBRL,3194.93,3373.86,2827.0,3055.66,15341.10549,47787731.4179841,29048
1620777600000,2021-05-12,BNBBRL,3535.09,3593.66,3144.44,3194.93,8166.58577,28097715.0721354,21985
1620691200000,2021-05-11,BNBBRL,3357.46,3551.08,3320.0,3533.98,8149.29982,28192901.3035947,20029
1620604800000,2021-05-10,BNBBRL,3502.34,3650.83,3167.45,3364.11,10023.7841,34862274.5019694,24929
1620518400000,2021-05-09,BNBBRL,3435.06,3604.58,3349.96,3509.53,6342.26637,22267561.1355493,17545
1620432000000,2021-05-08,BNBBRL,3315.8,3486.53,3282.35,3433.68,5209.76107,17682968.1155331,16000
1620345600000,2021-05-07,BNBBRL,3386.04,3400.98,3265.0,3315.76,5585.13821,18636809.3402452,19254
1620259200000,2021-05-06,BNBBRL,3523.99,3535.54,3322.36,3393.93,6212.78255,21250708.2454686,20822
1620172800000,2021-05-05,BNBBRL,3369.6,3594.0,3347.62,3523.99,7002.06447,24528537.1686104,20667
1620086400000,2021-05-04,BNBBRL,3721.91,3730.0,3324.96,3369.61,13891.45347,48479940.717737,26215
1620000000000,2021-05-03,BNBBRL,3414.8,3732.37,3405.85,3720.59,10059.55278,36189344.9323589,22347
1619913600000,2021-05-02,BNBBRL,3405.42,3451.0,3264.86,3414.8,4686.22798,15884860.735988,12788
1619827200000,2021-05-01,BNBBRL,3409.73,3532.0,3347.0,3404.63,7862.88126,26972276.97015,18142
1619740800000,2021-04-30,BNBBRL,3235.47,3432.17,3161.9,3411.83,10386.78467,34363196.8458034,20962
1619654400000,2021-04-29,BNBBRL,3036.02,3312.99,2987.16,3235.64,13851.33506,43844274.9022641,22797
1619568000000,2021-04-28,BNBBRL,3129.01,3179.98,2967.0,3036.02,7048.62235,21545960.3569926,15950
1619481600000,2021-04-27,BNBBRL,2928.98,3177.29,2880.99,3131.97,10067.16205,30826242.8607153,17819
1619395200000,2021-04-26,BNBBRL,2800.2,3027.96,2780.62,2929.17,9531.05583,27910458.9017132,17551
1619308800000,2021-04-25,BNBBRL,2765.44,2871.41,2660.0,2800.0,5589.52467,15475986.126796,12623
1619222400000,2021-04-24,BNBBRL,2925.56,2940.84,2681.28,2765.21,7979.27097,22444188.3231699,21062
1619136000000,2021-04-23,BNBBRL,2795.0,2946.46,2485.83,2925.35,22944.11033,62898278.4849934,33609
1619049600000,2021-04-22,BNBBRL,3080.28,3250.0,2631.98,2799.99,23230.32563,69853507.6696271,34820
1618963200000,2021-04-21,BNBBRL,3321.45,3443.06,3036.34,3077.18,18049.61283,58941873.4596396,40874
1618876800000,2021-04-20,BNBBRL,2847.08,3325.01,2680.74,3317.0,16854.75289,51254079.434398,45399
1618790400000,2021-04-19,BNBBRL,2744.66,3079.9,2670.54,2845.5,13372.63188,38981441.875044,34855
1618704000000,2021-04-18,BNBBRL,2943.15,2973.66,2500.0,2750.2,10932.926,29591362.4332276,29047
1618617600000,2021-04-17,BNBBRL,2893.58,3114.0,2883.31,2946.78,6225.80082,18594608.4013156,22540
1618531200000,2021-04-16,BNBBRL,3098.62,3126.91,2820.04,2893.57,12167.78529,36087114.3404709,35123
1618444800000,2021-04-15,BNBBRL,3159.91,3194.0,3070.55,3092.76,6466.23136,20221568.5420005,23995
1618358400000,2021-04-14,BNBBRL,3195.02,3415.0,3020.36,3159.91,15017.69413,48356264.4074249,38228
1618272000000,2021-04-13,BNBBRL,3445.21,3473.0,3035.0,3198.0,24340.41153,78872980.8083768,48756
1618185600000,2021-04-12,BNBBRL,3009.99,3647.99,2950.0,3445.0,55163.77753,181562050.1155587,61705
1618099200000,2021-04-11,BNBBRL,2696.7,3031.8,2611.01,3009.99,15940.89404,44891192.3152319,25223
1618012800000,2021-04-10,BNBBRL,2592.22,2788.23,2573.92,2698.98,22486.75859,60472932.3071721,31873
1617926400000,2021-04-09,BNBBRL,2361.0,2599.9,2280.82,2591.62,13661.69844,33704222.442157,23033
1617840000000,2021-04-08,BNBBRL,2129.94,2383.31,2112.43,2361.59,15276.59406,35041028.2196326,21384
1617753600000,2021-04-07,BNBBRL,2287.58,2339.06,2020.67,2129.99,24955.73428,54336218.0227888,28117
1617667200000,2021-04-06,BNBBRL,2101.9,2329.31,2083.61,2285.0,17832.97527,39615473.3580422,30368
1617580800000,2021-04-05,BNBBRL,2025.08,2169.09,1952.31,2101.91,16093.53021,33792283.4505322,27457
1617494400000,2021-04-04,BNBBRL,1873.98,2047.42,1847.35,2024.0,10042.66317,19843374.278461,19111
1617408000000,2021-04-03,BNBBRL,1949.31,2006.0,1836.99,1877.21,11802.68174,22889097.0151692,23094
1617321600000,2021-04-02,BNBBRL,1930.0,2055.69,1875.11,1949.31,21465.19167,42489246.7198657,27749
1617235200000,2021-04-01,BNBBRL,1723.07,1951.08,1711.77,1930.0,21129.20117,38908861.3772876,29653
1617148800000,2021-03-31,BNBBRL,1798.0,1830.55,1656.49,1722.58,16404.66958,28647316.6602417,24188
1617062400000,2021-03-30,BNBBRL,1588.32,1799.0,1571.0,1798.0,14585.80835,24997073.4351818,20375
1616976000000,2021-03-29,BNBBRL,1546.37,1591.58,1527.69,1589.27,6886.20692,10817400.7528189,15637
1616889600000,2021-03-28,BNBBRL,1551.0,1614.28,1508.0,1546.67,5723.7246,8903325.0331637,10164
1616803200000,2021-03-27,BNBBRL,1474.91,1585.0,1443.34,1551.0,5467.96314,8269522.4420675,9128
1616716800000,2021-03-26,BNBBRL,1340.84,1477.1,1340.84,1476.99,5108.38694,7271889.4669772,7807
1616630400000,2021-03-25,BNBBRL,1424.43,1431.93,1289.46,1340.99,8746.77998,11769883.4217821,10173
1616544000000,2021-03-24,BNBBRL,1431.14,1498.0,1375.27,1425.98,6232.45046,9008685.0123579,9864
1616457600000,2021-03-23,BNBBRL,1426.61,1467.84,1408.02,1428.62,4200.00028,6046450.4570199,6749
1616371200000,2021-03-22,BNBBRL,1482.63,1540.19,1422.31,1428.41,6841.52812,10146714.3066663,8255
1616284800000,2021-03-21,BNBBRL,1471.19,1495.73,1448.0,1481.21,3431.33823,5070447.4391963,5095
1616198400000,2021-03-20,BNBBRL,1463.68,1524.03,1457.29,1474.66,4760.94216,7094665.297566,6729
1616112000000,2021-03-19,BNBBRL,1471.99,1506.91,1440.38,1466.56,5460.20129,8059406.507652,7134
1616025600000,2021-03-18,BNBBRL,1517.65,1559.45,1452.93,1470.69,6587.04514,9917354.7407284,9204
1615939200000,2021-03-17,BNBBRL,1465.5,1526.71,1415.16,1516.74,5269.48054,7718815.5029036,8158
1615852800000,2021-03-16,BNBBRL,1454.0,1474.63,1381.0,1465.5,5251.44724,7534412.2214996,8509
1615766400000,2021-03-15,BNBBRL,1491.78,1519.99,1426.0,1451.77,5354.44973,7838526.9339386,10042
1615680000000,2021-03-14,BNBBRL,1548.95,1552.5,1486.0,1491.78,3755.13447,5688010.81311,8022
1615593600000,2021-03-13,BNBBRL,1478.72,1582.92,1445.27,1548.95,6836.42398,10464265.661659,10172
1615507200000,2021-03-12,BNBBRL,1618.84,1620.15,1402.59,1476.81,13781.57389,20757362.4524696,14890
1615420800000,2021-03-11,BNBBRL,1594.0,1777.48,1566.66,1616.4,15518.18951,25690140.3775815,18849
1615334400000,2021-03-10,BNBBRL,1702.82,1714.1,1530.99,1593.14,16369.63473,26587136.8146788,20026
1615248000000,2021-03-09,BNBBRL,1393.88,1727.49,1367.56,1702.7,19368.66085,30404385.7121044,25559
1615161600000,2021-03-08,BNBBRL,1362.0,1395.83,1305.72,1391.62,7757.13594,10477332.3609962,10900
1615075200000,2021-03-07,BNBBRL,1297.36,1389.77,1285.18,1359.0,4839.809,6483896.2732171,8403
1614988800000,2021-03-06,BNBBRL,1294.31,1332.84,1264.59,1294.3,3238.29596,4190650.9092385,3922
1614902400000,2021-03-05,BNBBRL,1315.81,1325.03,1240.02,1291.91,7415.80399,9530418.7073204,7133
1614816000000,2021-03-04,BNBBRL,1364.15,1415.31,1285.0,1315.82,9145.13881,12312610.8843592,7845
1614729600000,2021-03-03,BNBBRL,1371.4,1449.37,1351.08,1364.15,10286.57935,14424936.1574436,8620
1614643200000,2021-03-02,BNBBRL,1441.81,1497.67,1302.48,1370.0,13794.63981,19227805.392936,9870
1614556800000,2021-03-01,BNBBRL,1197.91,1460.64,1194.02,1446.82,23303.62919,32118202.3030851,13953
1614470400000,2021-02-28,BNBBRL,1284.87,1303.06,1117.98,1196.4,9991.771,12043292.1370235,7551
1614384000000,2021-02-27,BNBBRL,1256.17,1336.0,1250.0,1284.87,10940.47457,14078283.725461,9674
1614297600000,2021-02-26,BNBBRL,1316.85,1342.07,1191.9,1253.95,26931.97444,34376582.5651469,15378
1614211200000,2021-02-25,BNBBRL,1400.47,1459.96,1303.67,1319.99,26587.7505,36767070.2989071,13746
1614124800000,2021-02-24,BNBBRL,1285.0,1564.5,1195.0,1402.98,39782.02587,55204510.738393,19911
1614038400000,2021-02-23,BNBBRL,1491.21,1500.0,1065.01,1286.86,37949.85497,47994641.0675025,22233
1613952000000,2021-02-22,BNBBRL,1628.26,1630.0,1212.12,1488.49,33593.6154,48488996.2508975,24796
1613865600000,2021-02-21,BNBBRL,1397.02,1712.0,1376.64,1628.26,26391.18386,41453365.9240511,22812
1613779200000,2021-02-20,BNBBRL,1819.54,1822.52,1238.98,1398.1,43521.73254,67934952.2259035,35220
1613692800000,2021-02-19,BNBBRL,1076.91,1900.01,1072.24,1819.0,66206.73017,101243550.8967792,63105
1613606400000,2021-02-18,BNBBRL,908.57,1097.3,894.03,1075.0,31094.30637,31509770.1056564,22414
1613520000000,2021-02-17,BNBBRL,705.44,960.0,689.62,905.89,35198.69019,29886137.4472406,19804
1613433600000,2021-02-16,BNBBRL,709.28,723.9,689.09,707.0,4928.01406,3488549.6393398,5441
1613347200000,2021-02-15,BNBBRL,742.38,760.0,648.51,710.96,9426.60278,6719312.6641334,9483
1613260800000,2021-02-14,BNBBRL,729.23,752.59,695.83,742.52,9424.18016,6851466.2023305,8121
1613174400000,2021-02-13,BNBBRL,743.0,752.55,683.03,728.3,7045.06078,5060645.8585339,7461
1613088000000,2021-02-12,BNBBRL,674.0,768.66,655.65,742.88,16985.70625,12275331.5860262,12331
1613001600000,2021-02-11,BNBBRL,700.16,709.5,642.03,673.75,17828.22415,12047916.4244277,10955
1612915200000,2021-02-10,BNBBRL,583.42,804.02,583.42,700.16,69519.76482,48904032.1192544,28765
1612828800000,2021-02-09,BNBBRL,425.13,630.0,416.0,584.0,37853.21393,20544048.899764,15644
1612742400000,2021-02-08,BNBBRL,372.92,425.0,369.72,424.98,14338.86828,5714714.16831,6934
1612656000000,2021-02-07,BNBBRL,395.23,405.0,350.3,373.28,8906.91669,3347494.9831317,4774
1612569600000,2021-02-06,BNBBRL,365.43,425.8,335.25,394.64,24143.62799,9161811.1626756,7850
1612483200000,2021-02-05,BNBBRL,306.16,373.75,306.16,366.85,13264.71653,4432369.4354281,5427
1612396800000,2021-02-04,BNBBRL,280.6,311.34,271.0,305.31,14291.78525,4143752.0677027,5079
1612310400000,2021-02-03,BNBBRL,275.29,284.88,269.9,280.62,5891.94187,1634935.987804,2407
1612224000000,2021-02-02,BNBBRL,282.5,288.28,267.9,275.7,10478.12994,2905678.2864555,3157
1612137600000,2021-02-01,BNBBRL,244.19,287.89,219.0,282.5,18814.6236,5081260.8565525,4863
1612051200000,2021-01-31,BNBBRL,245.11,251.08,240.0,244.36,2490.44043,610125.6646808,1237
1611964800000,2021-01-30,BNBBRL,236.27,248.0,234.59,244.92,3186.98816,778362.7635617,1719
1611878400000,2021-01-29,BNBBRL,232.2,239.19,226.9,235.15,6788.30535,1586357.2219959,2788
1611792000000,2021-01-28,BNBBRL,223.88,235.0,221.9,232.34,3384.19443,780938.6988899,1509
1611705600000,2021-01-27,BNBBRL,225.03,227.68,216.99,224.55,3710.83609,827527.9295306,1720
1611619200000,2021-01-26,BNBBRL,230.88,235.35,219.03,225.5,3060.44103,687614.6897068,1394
1611532800000,2021-01-25,BNBBRL,230.15,237.79,224.12,231.0,5711.12569,1332315.6477464,1922
1611446400000,2021-01-24,BNBBRL,225.15,231.85,223.5,230.03,2210.01926,504158.2107727,1036
1611360000000,2021-01-23,BNBBRL,224.24,229.56,219.5,226.13,1897.65589,426013.9474906,1144
1611273600000,2021-01-22,BNBBRL,210.47,227.1,200.01,224.97,8152.63523,1732767.1163465,2797
1611187200000,2021-01-21,BNBBRL,227.17,227.68,207.73,208.93,4971.53778,1081070.4463047,1967
1611100800000,2021-01-20,BNBBRL,229.04,231.0,217.01,227.36,4637.26368,1039518.8307888,1982
1611014400000,2021-01-19,BNBBRL,241.22,249.8,225.38,229.45,6185.22576,1461770.5281476,2350
1610928000000,2021-01-18,BNBBRL,246.4,251.08,235.12,241.0,3770.09973,906617.9799861,1690
1610841600000,2021-01-17,BNBBRL,232.07,248.72,222.56,245.81,3403.53167,808471.7443,1607
1610755200000,2021-01-16,BNBBRL,219.57,234.2,219.19,232.91,2958.72742,677038.6681425,1421
1610668800000,2021-01-15,BNBBRL,220.17,221.44,208.2,219.52,3943.01747,856703.163413,1577
1610582400000,2021-01-14,BNBBRL,213.67,223.29,211.68,220.06,2875.53047,626292.1045875,1418
1610496000000,2021-01-13,BNBBRL,205.79,216.24,201.78,213.67,2153.56363,449297.5148488,1228
1610409600000,2021-01-12,BNBBRL,214.76,222.2,204.96,206.75,3050.37291,651300.2181323,1559
1610323200000,2021-01-11,BNBBRL,232.36,232.36,193.76,214.76,8619.25248,1799635.7447868,2956
1610236800000,2021-01-10,BNBBRL,242.46,246.46,217.87,232.63,3414.82276,799368.626156,1550
1610150400000,2021-01-09,BNBBRL,232.6,242.21,229.0,240.78,2247.2529,530351.2041132,1344
1610064000000,2021-01-08,BNBBRL,238.71,239.2,222.0,232.9,4559.83467,1052598.2634203,1839
1609977600000,2021-01-07,BNBBRL,226.36,243.04,221.75,239.2,6204.57017,1455005.1517614,2762
1609891200000,2021-01-06,BNBBRL,221.67,227.59,214.0,226.01,4744.15817,1054862.4481206,2173
1609804800000,2021-01-05,BNBBRL,218.23,221.7,207.76,221.7,3327.59952,718093.3400657,1889
1609718400000,2021-01-04,BNBBRL,217.07,225.5,200.45,218.04,5283.6504,1132420.771726,2232
1609632000000,2021-01-03,BNBBRL,200.58,219.0,196.54,215.59,5062.67468,1059438.2666285,1776
1609545600000,2021-01-02,BNBBRL,198.18,203.43,192.54,201.0,4919.17835,979925.9154107,1420
1609459200000,2021-01-01,BNBBRL,196.45,203.7,194.95,197.11,2566.34798,508568.4443259,880
1609372800000,2020-12-31,BNBBRL,200.47,200.66,193.76,196.45,3352.48864,659617.2340739,1132
1609286400000,2020-12-30,BNBBRL,204.34,204.95,192.63,199.91,4222.27629,831975.5558557,1455
1609200000000,2020-12-29,BNBBRL,190.26,212.0,187.79,204.1,6569.76345,1328307.1867046,1619
1609113600000,2020-12-28,BNBBRL,176.83,191.48,175.74,190.21,4018.59692,751174.6238134,1284
1609027200000,2020-12-27,BNBBRL,176.84,183.59,168.19,176.83,2537.72804,450175.5390847,955
1608940800000,2020-12-26,BNBBRL,173.12,178.56,171.0,176.84,2613.33182,458767.2115939,1174
1608854400000,2020-12-25,BNBBRL,169.64,174.07,167.67,173.12,1840.50437,314007.3345047,774
1608768000000,2020-12-24,BNBBRL,163.0,171.21,161.5,169.45,3047.57456,507921.3170435,896
1608681600000,2020-12-23,BNBBRL,172.19,177.57,158.19,164.66,4197.86252,713280.8221489,1086
1608595200000,2020-12-22,BNBBRL,166.27,175.31,158.07,172.12,1351.289,228459.2269892,682
1608508800000,2020-12-21,BNBBRL,174.11,180.52,163.92,166.0,3490.70451,597760.5625493,832
1608422400000,2020-12-20,BNBBRL,168.76,181.66,166.09,175.75,2609.86998,452872.5460987,624
1608336000000,2020-12-19,BNBBRL,157.94,173.81,157.5,169.56,765.12534,127158.37866,484
1608249600000,2020-12-18,BNBBRL,151.87,158.84,149.49,157.5,1747.63918,272716.764778,622
1608163200000,2020-12-17,BNBBRL,154.36,158.05,149.01,152.56,2289.00863,354767.0769865,884
1608076800000,2020-12-16,BNBBRL,150.26,155.72,148.43,154.0,2557.72003,391257.5211781,674
1607990400000,2020-12-15,BNBBRL,153.67,155.61,150.0,150.62,1281.54645,195158.0666967,448
1607904000000,2020-12-14,BNBBRL,147.77,154.98,145.35,153.36,1330.9971,199905.7231089,393
1607817600000,2020-12-13,BNBBRL,144.31,148.89,143.24,147.71,417.28074,61391.3848049,183
1607731200000,2020-12-12,BNBBRL,139.85,144.19,138.92,144.02,414.17625,58792.5648013,199
1607644800000,2020-12-11,BNBBRL,140.5,141.04,136.14,139.2,599.88445,83182.2175901,271
1607558400000,2020-12-10,BNBBRL,147.06,147.2,140.32,140.95,766.01581,109293.3799102,281
1607472000000,2020-12-09,BNBBRL,142.84,148.0,140.0,147.2,438.01531,63568.3664301,255
1607385600000,2020-12-08,BNBBRL,150.69,151.44,142.5,142.95,748.48133,108860.0855867,333
1607299200000,2020-12-07,BNBBRL,152.3,153.0,149.33,151.12,561.2078,84984.066877,248
1607212800000,2020-12-06,BNBBRL,154.49,155.81,150.86,152.36,478.10751,72984.5762396,119
1607126400000,2020-12-05,BNBBRL,150.52,154.49,150.52,154.49,285.85802,43292.9508749,80
1607040000000,2020-12-04,BNBBRL,158.52,160.27,150.0,152.05,795.77865,122425.9589255,359
1606953600000,2020-12-03,BNBBRL,158.34,161.72,157.04,158.42,751.27525,119197.4424522,270
1606867200000,2020-12-02,BNBBRL,156.96,162.41,156.02,158.54,953.95664,152917.4106641,324
1606780800000,2020-12-01,BNBBRL,168.08,169.36,155.94,158.5,1751.50433,282078.1977269,496
1606694400000,2020-11-30,BNBBRL,163.71,170.17,161.1,166.97,1403.69628,232725.278551,431
1606608000000,2020-11-29,BNBBRL,156.86,164.02,156.42,162.38,371.9456,59196.7799891,105
1606521600000,2020-11-28,BNBBRL,154.3,159.41,151.19,157.81,293.80778,45901.7573002,160
1606435200000,2020-11-27,BNBBRL,153.55,156.44,147.75,154.42,1070.74904,162989.8187687,355
1606348800000,2020-11-26,BNBBRL,168.1,170.75,138.15,153.54,5139.5321,787546.513715,1118
1606262400000,2020-11-25,BNBBRL,184.73,193.07,164.84,168.34,2731.7862,491454.3455459,714
1606176000000,2020-11-24,BNBBRL,169.14,192.25,168.76,184.36,5407.43281,969683.8886312,1171
1606089600000,2020-11-23,BNBBRL,163.4,169.3,162.55,169.14,1581.37261,261806.4751157,482
1606003200000,2020-11-22,BNBBRL,165.0,167.6,158.26,162.56,838.7964,137035.8969449,296
1605916800000,2020-11-21,BNBBRL,156.18,165.7,152.53,164.74,1188.96276,189435.2175606,376
1605830400000,2020-11-20,BNBBRL,150.7,157.44,148.61,156.08,1303.43874,201679.9729111,314
1605744000000,2020-11-19,BNBBRL,151.72,152.99,149.26,150.47,707.96434,107367.7654242,291
1605657600000,2020-11-18,BNBBRL,153.57,154.5,147.01,151.53,1024.60119,154173.7601374,269
1605571200000,2020-11-17,BNBBRL,152.42,156.65,152.42,153.06,1116.64648,172682.6015885,276
1605484800000,2020-11-16,BNBBRL,152.15,154.18,151.24,152.15,973.39358,149096.1893815,283
1605398400000,2020-11-15,BNBBRL,154.74,155.58,149.75,149.75,128.92844,19812.4041123,54
1605312000000,2020-11-14,BNBBRL,155.23,155.23,152.13,154.54,110.26787,16964.6603345,85
1605225600000,2020-11-13,BNBBRL,151.2,156.24,151.2,155.19,543.44935,83664.5448375,331
1605139200000,2020-11-12,BNBBRL,153.33,155.77,149.95,151.38,430.50805,65522.1172404,178
1605052800000,2020-11-11,BNBBRL,158.2,160.25,154.0,154.0,4089.14506,646909.2572099,476
1604966400000,2020-11-10,BNBBRL,152.1,161.91,151.38,156.39,6569.27276,1033873.4235498,452
1604880000000,2020-11-09,BNBBRL,155.23,157.94,148.96,152.14,512.04534,78431.5879642,179
1604793600000,2020-11-08,BNBBRL,152.86,156.25,152.33,153.08,122.47899,18981.4856691,52
1604707200000,2020-11-07,BNBBRL,159.7,161.02,148.31,151.45,309.11401,48215.211476,73
1604620800000,2020-11-06,BNBBRL,155.0,165.94,42.0,158.04,491.83101,78066.6079122,152
