Unix,Date,Symbol,Open,High,Low,Close,Volume FIS,Volume BRL,tradecount
1685059200000,2023-05-26,FISBRL,1.8,1.809,1.78,1.781,5540.0,9948.6761,42
1684972800000,2023-05-25,FISBRL,1.663,1.861,1.662,1.794,89846.0,160799.0734,544
1684886400000,2023-05-24,FISBRL,1.772,1.773,1.668,1.682,45166.0,77187.2021,407
1684800000000,2023-05-23,FISBRL,1.751,1.79,1.751,1.773,16859.9,29932.8414,208
1684713600000,2023-05-22,FISBRL,1.722,1.772,1.693,1.755,40505.5,69877.5681,316
1684627200000,2023-05-21,FISBRL,1.816,1.817,1.721,1.722,56740.4,100053.8006,359
1684540800000,2023-05-20,FISBRL,1.809,1.84,1.805,1.824,13246.5,24093.2734,57
1684454400000,2023-05-19,FISBRL,1.824,1.83,1.801,1.818,16241.3,29465.625,101
1684368000000,2023-05-18,FISBRL,1.843,1.883,1.802,1.828,35557.7,65935.349,204
1684281600000,2023-05-17,FISBRL,1.865,1.865,1.762,1.844,49540.6,89734.7369,162
1684195200000,2023-05-16,FISBRL,1.811,1.875,1.783,1.855,68166.0,124008.5449,143
1684108800000,2023-05-15,FISBRL,1.76,1.909,1.705,1.808,93894.3,168772.8598,127
1684022400000,2023-05-14,FISBRL,1.779,1.867,1.701,1.755,114148.7,202380.379,128
1683936000000,2023-05-13,FISBRL,1.693,1.848,1.62,1.763,172776.5,298643.9386,265
1683849600000,2023-05-12,FISBRL,1.628,1.719,1.532,1.694,94300.6,155399.7883,126
1683763200000,2023-05-11,FISBRL,1.712,1.728,1.582,1.615,10038.1,16496.6883,75
1683676800000,2023-05-10,FISBRL,1.719,1.767,1.689,1.716,7946.0,13717.1556,60
1683590400000,2023-05-09,FISBRL,1.675,1.735,1.617,1.707,55661.3,94424.1676,219
1683504000000,2023-05-08,FISBRL,1.864,1.864,1.637,1.667,94054.1,161784.5944,265
1683417600000,2023-05-07,FISBRL,1.88,1.889,1.855,1.855,13350.2,24947.9404,129
1683331200000,2023-05-06,FISBRL,2.062,2.066,1.863,1.874,33081.3,64272.4069,203
1683244800000,2023-05-05,FISBRL,2.072,2.096,2.046,2.064,3731.5,7709.6944,56
1683158400000,2023-05-04,FISBRL,2.123,2.154,2.053,2.061,14223.3,30094.626,76
1683072000000,2023-05-03,FISBRL,2.159,2.202,1.984,2.119,79755.6,168819.2541,180
1682985600000,2023-05-02,FISBRL,2.137,2.21,2.12,2.176,16704.2,36335.5096,55
1682899200000,2023-05-01,FISBRL,2.204,2.204,2.101,2.137,37565.2,81907.248,92
1682812800000,2023-04-30,FISBRL,2.266,2.287,2.181,2.216,82697.5,185907.8569,236
1682726400000,2023-04-29,FISBRL,2.318,2.346,2.266,2.266,159398.6,365362.5178,205
1682640000000,2023-04-28,FISBRL,2.267,2.35,2.266,2.319,251504.1,576005.2855,559
1682553600000,2023-04-27,FISBRL,2.251,2.314,2.201,2.269,66872.3,150185.8993,146
1682467200000,2023-04-26,FISBRL,2.3,2.35,2.128,2.231,19191.6,43118.8024,182
1682380800000,2023-04-25,FISBRL,2.32,2.32,2.122,2.288,14832.6,33181.8277,140
1682294400000,2023-04-24,FISBRL,2.296,2.358,2.25,2.32,27700.6,63460.1182,126
1682208000000,2023-04-23,FISBRL,2.399,2.498,2.25,2.296,173725.4,419806.271,303
1682121600000,2023-04-22,FISBRL,2.315,2.439,2.293,2.399,34894.0,82575.0781,81
1682035200000,2023-04-21,FISBRL,2.469,2.528,2.256,2.327,71037.3,170870.4467,252
1681948800000,2023-04-20,FISBRL,2.63,2.689,2.436,2.47,46876.1,119895.9024,279
1681862400000,2023-04-19,FISBRL,2.842,2.855,2.62,2.621,136759.9,367485.0897,373
1681776000000,2023-04-18,FISBRL,2.751,2.91,2.741,2.838,118151.8,341642.0544,383
1681689600000,2023-04-17,FISBRL,2.847,2.847,2.7,2.749,44594.0,123512.4018,265
1681603200000,2023-04-16,FISBRL,2.814,2.908,2.81,2.85,13165.1,37574.358,118
1681516800000,2023-04-15,FISBRL,2.76,2.89,2.724,2.842,41046.8,115882.7009,229
1681430400000,2023-04-14,FISBRL,2.743,2.931,2.676,2.787,86035.1,243697.9145,352
1681344000000,2023-04-13,FISBRL,2.65,2.76,2.616,2.718,48409.7,128648.9922,220
1681257600000,2023-04-12,FISBRL,2.782,2.782,2.65,2.65,308717.6,819080.1134,705
1681171200000,2023-04-11,FISBRL,2.899,2.899,2.768,2.768,36605.4,103537.7765,209
1681084800000,2023-04-10,FISBRL,2.831,2.943,2.796,2.9,35050.0,100771.7686,219
1680998400000,2023-04-09,FISBRL,2.847,2.876,2.72,2.821,48713.8,138521.6922,178
1680912000000,2023-04-08,FISBRL,2.762,2.91,2.741,2.813,42602.0,119815.1696,235
1680825600000,2023-04-07,FISBRL,2.842,2.865,2.742,2.78,20575.2,57209.3982,125
1680739200000,2023-04-06,FISBRL,2.902,2.902,2.787,2.84,17315.2,48807.1321,111
1680652800000,2023-04-05,FISBRL,2.805,3.15,2.8,2.888,415843.7,1271662.4674,1497
1680566400000,2023-04-04,FISBRL,2.705,2.868,2.691,2.79,45635.3,127037.2922,216
1680480000000,2023-04-03,FISBRL,2.701,2.772,2.614,2.705,25475.1,68742.4969,151
1680393600000,2023-04-02,FISBRL,2.82,2.835,2.688,2.71,49499.6,137440.5282,177
1680307200000,2023-04-01,FISBRL,2.909,2.909,2.786,2.831,22639.9,64239.4165,110
1680220800000,2023-03-31,FISBRL,2.766,2.953,2.713,2.91,52364.3,151605.9901,262
1680134400000,2023-03-30,FISBRL,2.861,2.917,2.701,2.76,45572.5,127572.0335,240
1680048000000,2023-03-29,FISBRL,2.94,3.029,2.828,2.86,44584.0,131069.4285,234
1679961600000,2023-03-28,FISBRL,2.731,2.986,2.601,2.917,92288.0,254945.6929,437
1679875200000,2023-03-27,FISBRL,3.002,3.08,2.65,2.722,52912.7,149405.1453,315
1679788800000,2023-03-26,FISBRL,2.667,3.16,2.667,3.0,134016.4,403449.1406,736
1679702400000,2023-03-25,FISBRL,2.638,2.81,2.638,2.684,33154.5,89062.3605,147
1679616000000,2023-03-24,FISBRL,2.72,2.787,2.479,2.6,22825.1,59975.3715,129
1679529600000,2023-03-23,FISBRL,2.65,2.766,2.614,2.753,30293.8,81318.7266,199
1679443200000,2023-03-22,FISBRL,2.85,2.861,2.561,2.662,65976.9,181160.5509,267
1679356800000,2023-03-21,FISBRL,2.85,2.953,2.776,2.875,21416.8,61383.358,152
1679270400000,2023-03-20,FISBRL,3.03,3.041,2.82,2.85,58466.6,172751.8253,279
1679184000000,2023-03-19,FISBRL,3.058,3.271,2.94,3.01,95638.8,292468.6322,333
1679097600000,2023-03-18,FISBRL,2.983,3.25,2.86,2.952,154685.5,467155.2587,635
1679011200000,2023-03-17,FISBRL,2.866,2.986,2.85,2.985,36970.5,107888.3628,199
1678924800000,2023-03-16,FISBRL,2.779,2.909,2.71,2.813,46942.7,132709.5253,217
1678838400000,2023-03-15,FISBRL,3.0,3.162,2.682,2.722,89207.1,261416.9158,435
1678752000000,2023-03-14,FISBRL,2.879,3.142,2.864,3.01,98479.7,298840.3018,611
1678665600000,2023-03-13,FISBRL,2.7,2.93,2.6,2.879,57091.9,158581.5139,319
1678579200000,2023-03-12,FISBRL,2.314,2.79,2.27,2.68,126925.9,331442.2637,491
1678492800000,2023-03-11,FISBRL,2.464,2.6,2.237,2.287,46090.4,114718.9405,218
1678406400000,2023-03-10,FISBRL,2.56,2.56,2.207,2.417,466239.9,1153303.6527,952
1678320000000,2023-03-09,FISBRL,2.701,2.822,2.516,2.55,77228.0,204707.2444,366
1678233600000,2023-03-08,FISBRL,2.964,3.066,2.703,2.704,55075.6,159841.7988,278
1678147200000,2023-03-07,FISBRL,3.16,3.228,2.907,2.949,52512.0,160017.775,296
1678060800000,2023-03-06,FISBRL,3.236,3.356,3.143,3.167,27157.5,87313.8627,296
1677974400000,2023-03-05,FISBRL,3.157,3.366,3.132,3.2,63317.8,205340.3001,469
1677888000000,2023-03-04,FISBRL,3.283,3.395,3.13,3.15,44503.5,145682.8715,327
1677801600000,2023-03-03,FISBRL,3.71,3.72,3.245,3.356,50842.4,174398.5693,470
1677715200000,2023-03-02,FISBRL,3.959,3.959,3.481,3.689,76015.4,280173.0381,356
1677628800000,2023-03-01,FISBRL,3.8,4.091,3.8,3.852,34004.9,132552.6448,233
1677542400000,2023-02-28,FISBRL,4.171,4.287,3.8,3.8,58574.5,236081.5252,442
1677456000000,2023-02-27,FISBRL,4.17,4.5,3.995,4.171,88610.7,374897.4752,793
1677369600000,2023-02-26,FISBRL,3.767,4.429,3.7,4.144,162563.1,646694.1816,934
1677283200000,2023-02-25,FISBRL,3.519,3.897,3.383,3.825,89891.5,332888.8289,703
1677196800000,2023-02-24,FISBRL,3.77,3.81,3.316,3.519,54587.1,191305.9541,485
1677110400000,2023-02-23,FISBRL,3.835,4.106,3.62,3.779,127503.5,487160.1269,795
1677024000000,2023-02-22,FISBRL,3.493,4.032,3.201,3.911,237427.5,861579.5159,1359
1676937600000,2023-02-21,FISBRL,3.42,3.51,3.2,3.493,145639.0,493027.3662,623
1676851200000,2023-02-20,FISBRL,3.548,3.582,3.308,3.389,74807.7,255562.2239,332
1676764800000,2023-02-19,FISBRL,3.97,4.093,3.401,3.553,99563.9,365731.0451,649
1676678400000,2023-02-18,FISBRL,3.245,4.699,3.139,4.016,306243.4,1121545.03,1753
1676592000000,2023-02-17,FISBRL,2.977,3.377,2.952,3.242,140743.4,451454.2801,472
1676505600000,2023-02-16,FISBRL,3.23,3.671,2.95,2.985,195216.9,636419.9473,606
1676419200000,2023-02-15,FISBRL,2.901,3.24,2.85,3.23,110564.5,339635.4573,312
1676332800000,2023-02-14,FISBRL,2.897,3.028,2.757,2.894,147555.0,431159.9096,495
1676246400000,2023-02-13,FISBRL,3.004,3.086,2.715,2.898,35983.6,101359.8604,253
1676160000000,2023-02-12,FISBRL,3.15,3.291,3.003,3.003,108388.2,345777.2672,364
1676073600000,2023-02-11,FISBRL,3.04,3.3,2.86,3.137,140722.5,438128.06,518
1675987200000,2023-02-10,FISBRL,3.776,4.02,2.985,3.035,143107.2,507162.7801,699
1675900800000,2023-02-09,FISBRL,3.65,4.27,3.4,3.771,452651.7,1745976.5783,1985
1675814400000,2023-02-08,FISBRL,3.807,4.8,3.429,3.59,268500.1,1014535.5052,1130
1675728000000,2023-02-07,FISBRL,3.891,5.248,3.301,3.806,336580.8,1379421.9408,2350
1675641600000,2023-02-06,FISBRL,2.26,4.049,2.25,3.891,488980.8,1587127.3119,2154
1675555200000,2023-02-05,FISBRL,2.267,2.37,2.17,2.26,98548.9,223664.3997,310
1675468800000,2023-02-04,FISBRL,2.225,2.262,2.167,2.24,30596.9,68532.5593,151
1675382400000,2023-02-03,FISBRL,2.165,2.235,2.041,2.226,232904.7,501819.6112,204
1675296000000,2023-02-02,FISBRL,2.217,2.256,2.134,2.134,33070.5,73025.763,147
1675209600000,2023-02-01,FISBRL,2.018,2.239,2.0,2.19,61663.5,128902.9403,243
1675123200000,2023-01-31,FISBRL,2.079,2.099,2.01,2.047,15949.7,32811.1911,98
1675036800000,2023-01-30,FISBRL,2.295,2.295,2.062,2.089,62587.0,135241.2776,288
1674950400000,2023-01-29,FISBRL,2.234,2.327,2.209,2.295,47829.8,109525.1832,231
1674864000000,2023-01-28,FISBRL,2.282,2.34,2.205,2.211,131651.0,299282.7968,260
1674777600000,2023-01-27,FISBRL,2.26,2.293,2.22,2.287,11919.3,27006.7833,85
1674691200000,2023-01-26,FISBRL,2.31,2.39,2.214,2.26,26968.9,62202.2579,130
1674604800000,2023-01-25,FISBRL,2.3,2.349,2.19,2.319,40679.3,92575.3886,208
1674518400000,2023-01-24,FISBRL,2.409,2.654,2.302,2.302,188012.0,465699.1792,575
1674432000000,2023-01-23,FISBRL,2.387,2.409,2.216,2.38,50979.9,118873.2336,208
1674345600000,2023-01-22,FISBRL,2.444,2.444,2.3,2.338,62800.2,150426.8631,286
1674259200000,2023-01-21,FISBRL,2.515,2.589,2.42,2.42,184768.2,459288.6399,630
1674172800000,2023-01-20,FISBRL,2.38,2.545,2.34,2.525,216069.7,527928.7849,733
1674086400000,2023-01-19,FISBRL,2.23,2.4,2.229,2.371,50966.5,119619.4445,148
1674000000000,2023-01-18,FISBRL,2.39,2.637,2.105,2.237,300912.5,729622.7557,937
1673913600000,2023-01-17,FISBRL,2.27,2.472,2.255,2.439,434443.6,1036826.1516,996
1673827200000,2023-01-16,FISBRL,2.391,2.443,2.209,2.332,46495.2,107014.3824,241
1673740800000,2023-01-15,FISBRL,2.429,2.56,2.29,2.391,52718.4,128884.5713,250
1673654400000,2023-01-14,FISBRL,2.48,2.616,2.27,2.371,62784.7,152530.8097,361
1673568000000,2023-01-13,FISBRL,2.232,2.704,2.231,2.485,114879.0,291935.8712,556
1673481600000,2023-01-12,FISBRL,2.113,2.331,2.095,2.297,91183.7,200372.6507,369
1673395200000,2023-01-11,FISBRL,2.162,2.6,2.06,2.122,216494.3,496675.1115,840
1673308800000,2023-01-10,FISBRL,2.113,2.211,2.01,2.199,103517.6,218130.1349,245
1673222400000,2023-01-09,FISBRL,2.114,2.4,2.038,2.059,103991.0,225008.4107,403
1673136000000,2023-01-08,FISBRL,1.76,2.315,1.724,2.14,236265.8,490397.4105,722
1673049600000,2023-01-07,FISBRL,1.781,1.87,1.705,1.705,50173.8,90519.9989,204
1672963200000,2023-01-06,FISBRL,1.965,2.038,1.692,1.782,136556.7,247743.0781,501
1672876800000,2023-01-05,FISBRL,1.615,2.134,1.554,1.949,353688.0,662131.3137,887
1672790400000,2023-01-04,FISBRL,1.51,1.632,1.483,1.623,92032.3,144438.3769,297
1672704000000,2023-01-03,FISBRL,1.63,1.716,1.451,1.508,87224.1,134744.0494,244
1672617600000,2023-01-02,FISBRL,1.342,1.721,1.341,1.632,331824.6,499802.7146,795
1672531200000,2023-01-01,FISBRL,1.333,1.337,1.314,1.337,443.0,590.8314,8
1672444800000,2022-12-31,FISBRL,1.358,1.364,1.308,1.308,2834.0,3768.778,23
1672358400000,2022-12-30,FISBRL,1.318,1.349,1.315,1.34,6126.4,8179.3805,39
1672272000000,2022-12-29,FISBRL,1.317,1.323,1.28,1.31,45719.2,60089.7971,79
1672185600000,2022-12-28,FISBRL,1.399,1.403,1.3,1.311,45839.4,60489.67,93
1672099200000,2022-12-27,FISBRL,1.317,1.389,1.285,1.363,50534.9,68111.2634,151
1672012800000,2022-12-26,FISBRL,1.26,1.496,1.26,1.324,160689.8,228111.144,369
1671926400000,2022-12-25,FISBRL,1.304,1.305,1.256,1.268,11414.8,14805.3778,71
1671840000000,2022-12-24,FISBRL,1.501,1.539,1.282,1.294,178327.0,249089.6246,263
1671753600000,2022-12-23,FISBRL,1.234,1.57,1.231,1.488,231197.5,323320.8304,522
1671667200000,2022-12-22,FISBRL,1.271,1.272,1.215,1.254,33427.4,41915.1414,98
1671580800000,2022-12-21,FISBRL,1.277,1.279,1.237,1.25,13482.7,16962.7199,34
1671494400000,2022-12-20,FISBRL,1.262,1.294,1.246,1.292,11916.8,15209.4401,35
1671408000000,2022-12-19,FISBRL,1.319,1.32,1.249,1.258,22308.3,29100.4841,59
1671321600000,2022-12-18,FISBRL,1.313,1.321,1.305,1.305,1489.4,1962.9784,6
1671235200000,2022-12-17,FISBRL,1.342,1.342,1.234,1.297,19331.8,24900.4394,75
1671148800000,2022-12-16,FISBRL,1.506,1.506,1.311,1.327,8685.0,12306.4496,72
1671062400000,2022-12-15,FISBRL,1.507,1.531,1.505,1.505,16823.3,25476.8139,23
1670976000000,2022-12-14,FISBRL,1.544,1.559,1.507,1.522,26006.8,39825.3183,60
1670889600000,2022-12-13,FISBRL,1.533,1.569,1.46,1.506,35857.6,53698.9473,93
1670803200000,2022-12-12,FISBRL,1.578,1.578,1.501,1.533,110567.0,171327.0757,279
1670716800000,2022-12-11,FISBRL,1.587,1.614,1.567,1.578,165454.6,262749.2628,274
1670630400000,2022-12-10,FISBRL,1.598,1.7,1.567,1.608,115458.4,189579.0951,265
1670544000000,2022-12-09,FISBRL,1.58,1.605,1.56,1.56,58750.6,93730.397,169
1670457600000,2022-12-08,FISBRL,1.56,1.603,1.531,1.58,105002.3,162919.461,253
1670371200000,2022-12-07,FISBRL,1.628,1.79,1.54,1.556,693133.2,1135753.0553,844
1670284800000,2022-12-06,FISBRL,1.624,1.631,1.598,1.628,39822.2,63952.7133,166
1670198400000,2022-12-05,FISBRL,1.612,1.64,1.595,1.627,32409.1,52401.8096,136
1670112000000,2022-12-04,FISBRL,1.6,1.957,1.565,1.612,1217583.4,2234557.5565,594
1670025600000,2022-12-03,FISBRL,1.623,1.738,1.588,1.588,164609.5,265244.1438,308
1669939200000,2022-12-02,FISBRL,1.582,2.05,1.565,1.623,1132400.0,2153473.4563,700
1669852800000,2022-12-01,FISBRL,1.627,1.71,1.551,1.583,141766.6,232631.4797,470
1669766400000,2022-11-30,FISBRL,1.613,1.657,1.592,1.623,142426.1,230387.9302,472
1669680000000,2022-11-29,FISBRL,1.554,1.635,1.551,1.613,117020.9,187765.1243,226
1669593600000,2022-11-28,FISBRL,1.602,1.602,1.5,1.55,231312.8,358762.4558,405
1669507200000,2022-11-27,FISBRL,1.563,1.711,1.563,1.598,434523.7,708563.0796,817
1669420800000,2022-11-26,FISBRL,1.544,1.613,1.495,1.554,376850.0,586558.8391,674
1669334400000,2022-11-25,FISBRL,1.522,1.554,1.486,1.534,92872.7,141537.9022,166
1669248000000,2022-11-24,FISBRL,1.509,1.576,1.502,1.502,27854.7,42575.5883,71
1669161600000,2022-11-23,FISBRL,1.469,1.532,1.469,1.524,1139396.6,1711012.2914,766
1669075200000,2022-11-22,FISBRL,1.414,1.589,1.331,1.469,2789824.9,4035857.0323,1351
1668988800000,2022-11-21,FISBRL,1.421,1.499,1.36,1.401,175796.3,246694.9638,334
1668902400000,2022-11-20,FISBRL,1.513,1.589,1.398,1.453,177633.0,268400.6092,382
1668816000000,2022-11-19,FISBRL,1.476,1.56,1.41,1.528,148004.2,220707.2545,295
1668729600000,2022-11-18,FISBRL,1.511,1.526,1.46,1.473,159849.8,238171.556,286
1668643200000,2022-11-17,FISBRL,1.475,1.52,1.422,1.489,19554.5,28976.2417,87
1668556800000,2022-11-16,FISBRL,1.409,1.645,1.409,1.48,1516655.2,2235889.8484,1000
1668470400000,2022-11-15,FISBRL,1.424,1.487,1.403,1.439,916149.2,1324928.7098,510
1668384000000,2022-11-14,FISBRL,1.445,1.625,1.236,1.425,434803.5,659564.1235,316
1668297600000,2022-11-13,FISBRL,1.403,1.481,1.312,1.377,764972.6,1080172.7564,620
1668211200000,2022-11-12,FISBRL,1.395,1.465,1.35,1.39,54764.8,76686.5907,79
1668124800000,2022-11-11,FISBRL,1.505,1.599,1.339,1.4,470217.7,675720.0929,334
1668038400000,2022-11-10,FISBRL,1.279,1.579,1.266,1.506,444227.6,647897.3695,514
1667952000000,2022-11-09,FISBRL,1.668,1.668,1.15,1.15,242476.9,355508.2833,709
1667865600000,2022-11-08,FISBRL,1.913,1.999,1.467,1.621,893204.8,1724980.1941,583
1667779200000,2022-11-07,FISBRL,1.901,1.937,1.822,1.903,249532.6,475514.4829,279
1667692800000,2022-11-06,FISBRL,1.911,1.954,1.88,1.907,279087.0,530497.4176,318
1667606400000,2022-11-05,FISBRL,1.913,2.001,1.9,1.91,317346.0,622257.1607,521
1667520000000,2022-11-04,FISBRL,1.883,2.545,1.867,1.911,787088.3,1637536.3582,3781
1667433600000,2022-11-03,FISBRL,1.844,1.92,1.834,1.876,63551.8,119330.5915,246
1667347200000,2022-11-02,FISBRL,1.902,1.904,1.803,1.844,20563.6,38125.5122,163
1667260800000,2022-11-01,FISBRL,1.928,1.942,1.834,1.902,120001.3,228046.427,326
1667174400000,2022-10-31,FISBRL,1.959,2.086,1.897,1.939,233137.6,454532.1282,811
1667088000000,2022-10-30,FISBRL,1.98,2.038,1.93,1.947,173024.1,342922.2358,397
1667001600000,2022-10-29,FISBRL,1.976,2.02,1.962,1.991,1043376.6,2084566.1881,496
1666915200000,2022-10-28,FISBRL,1.994,2.021,1.913,1.981,92517.6,182807.545,299
1666828800000,2022-10-27,FISBRL,2.037,2.06,1.975,1.994,198110.7,397217.7979,361
1666742400000,2022-10-26,FISBRL,2.064,2.079,1.971,2.038,96990.2,195781.4417,286
1666656000000,2022-10-25,FISBRL,1.948,2.164,1.907,2.06,170483.0,343632.582,818
1666569600000,2022-10-24,FISBRL,1.929,1.985,1.876,1.929,168826.5,324710.3463,434
1666483200000,2022-10-23,FISBRL,1.918,2.022,1.86,1.929,212754.9,405975.212,659
1666396800000,2022-10-22,FISBRL,1.802,2.106,1.762,1.918,430769.2,805954.4424,1520
1666310400000,2022-10-21,FISBRL,1.865,1.93,1.72,1.792,258659.1,467563.1629,691
1666224000000,2022-10-20,FISBRL,1.78,1.991,1.77,1.864,1648004.6,3125815.7623,1693
1666137600000,2022-10-19,FISBRL,1.792,2.18,1.736,1.781,758023.3,1363100.0267,1761
1666051200000,2022-10-18,FISBRL,1.771,1.834,1.739,1.771,303164.7,537328.8526,813
1665964800000,2022-10-17,FISBRL,1.792,1.833,1.719,1.751,2343853.6,4180693.059,1197
1665878400000,2022-10-16,FISBRL,1.834,2.2,1.75,1.792,132094.6,259412.7458,997
1665792000000,2022-10-15,FISBRL,1.703,1.939,1.691,1.814,449881.8,813362.3316,1340
1665705600000,2022-10-14,FISBRL,1.698,1.9,1.61,1.695,218806.7,382980.6039,526
1665619200000,2022-10-13,FISBRL,1.666,1.671,1.559,1.643,18506.7,29866.4428,103
1665532800000,2022-10-12,FISBRL,1.668,1.689,1.659,1.666,6905.1,11493.9235,31
1665446400000,2022-10-11,FISBRL,1.66,1.696,1.619,1.688,33361.5,54721.6482,156
1665360000000,2022-10-10,FISBRL,1.707,1.725,1.66,1.66,15047.9,25548.0225,49
1665273600000,2022-10-09,FISBRL,1.695,1.729,1.692,1.699,12393.6,21125.0673,59
1665187200000,2022-10-08,FISBRL,1.729,1.74,1.681,1.694,723633.1,1234331.2844,851
1665100800000,2022-10-07,FISBRL,1.716,1.723,1.687,1.712,9934.3,16918.3678,33
1665014400000,2022-10-06,FISBRL,1.729,1.75,1.7,1.701,50371.1,86942.1025,140
1664928000000,2022-10-05,FISBRL,1.719,1.759,1.711,1.719,17156.1,29699.5493,78
1664841600000,2022-10-04,FISBRL,1.7,1.781,1.682,1.724,63293.2,110099.5329,231
1664755200000,2022-10-03,FISBRL,1.709,1.739,1.65,1.704,224110.4,382547.6823,339
1664668800000,2022-10-02,FISBRL,1.69,1.897,1.685,1.706,228756.7,409517.4569,565
1664582400000,2022-10-01,FISBRL,1.719,1.771,1.69,1.7,87829.2,149792.4358,161
1664496000000,2022-09-30,FISBRL,1.76,2.347,1.707,1.729,364759.9,734144.1132,1723
1664409600000,2022-09-29,FISBRL,1.718,1.765,1.715,1.744,11472.3,20027.423,70
1664323200000,2022-09-28,FISBRL,1.677,1.865,1.65,1.71,96695.7,170595.9983,336
1664236800000,2022-09-27,FISBRL,1.728,1.739,1.671,1.677,52694.8,89032.5008,101
1664150400000,2022-09-26,FISBRL,1.698,1.728,1.65,1.694,3448.6,5751.9376,27
1664064000000,2022-09-25,FISBRL,1.709,1.713,1.698,1.698,1942.2,3302.1659,7
1663977600000,2022-09-24,FISBRL,1.729,1.8,1.68,1.709,1292620.8,2236767.7529,458
1663891200000,2022-09-23,FISBRL,1.715,1.74,1.654,1.735,12614.0,21309.3943,60
1663804800000,2022-09-22,FISBRL,1.65,1.735,1.65,1.715,5820.1,9812.5162,38
1663718400000,2022-09-21,FISBRL,1.653,1.719,1.621,1.64,13933.4,23070.3344,96
1663632000000,2022-09-20,FISBRL,1.735,1.8,1.655,1.662,2069770.0,3600194.3449,423
1663545600000,2022-09-19,FISBRL,1.711,1.765,1.68,1.724,61563.7,104970.735,200
1663459200000,2022-09-18,FISBRL,1.834,1.844,1.7,1.701,735170.8,1280408.03,600
1663372800000,2022-09-17,FISBRL,1.788,2.55,1.784,1.844,309169.7,656095.2144,1532
1663286400000,2022-09-16,FISBRL,1.76,1.809,1.76,1.781,428217.9,764530.0011,1741
1663200000000,2022-09-15,FISBRL,1.781,1.849,1.742,1.769,911163.5,1646169.5764,502
1663113600000,2022-09-14,FISBRL,1.759,1.799,1.734,1.79,1159812.3,2031635.0572,844
1663027200000,2022-09-13,FISBRL,1.897,1.991,1.7,1.75,560089.6,991351.6729,632
1662940800000,2022-09-12,FISBRL,1.886,1.959,1.837,1.882,8599.7,16507.2983,131
1662854400000,2022-09-11,FISBRL,1.865,1.98,1.851,1.897,222112.2,431764.7209,449
1662768000000,2022-09-10,FISBRL,1.8,1.918,1.793,1.865,21951.2,40643.996,124
1662681600000,2022-09-09,FISBRL,1.75,1.9,1.735,1.8,3747682.8,6884803.812,1713
1662595200000,2022-09-08,FISBRL,1.73,1.8,1.7,1.748,470602.9,820436.2862,441
1662508800000,2022-09-07,FISBRL,1.67,1.799,1.67,1.739,2207204.5,3853741.4083,804
1662422400000,2022-09-06,FISBRL,1.736,1.75,1.686,1.686,28260.7,48743.5572,105
1662336000000,2022-09-05,FISBRL,1.704,1.742,1.69,1.736,17977.0,30694.0527,63
1662249600000,2022-09-04,FISBRL,1.7,1.731,1.7,1.729,9194.2,15786.8568,26
1662163200000,2022-09-03,FISBRL,1.7,1.728,1.689,1.719,7497.4,12674.5231,18
1662076800000,2022-09-02,FISBRL,1.7,1.8,1.69,1.705,562069.3,982488.3912,481
1661990400000,2022-09-01,FISBRL,1.707,1.71,1.663,1.696,26190.8,44259.7123,63
1661904000000,2022-08-31,FISBRL,1.679,1.737,1.679,1.719,22411.8,38231.1554,95
1661817600000,2022-08-30,FISBRL,1.68,1.733,1.62,1.679,744153.6,1237325.4403,401
1661731200000,2022-08-29,FISBRL,1.606,1.69,1.595,1.676,40019.2,65343.9238,182
1661644800000,2022-08-28,FISBRL,1.694,1.719,1.596,1.6,25395.6,42678.9365,107
1661558400000,2022-08-27,FISBRL,1.648,1.781,1.637,1.681,69615.3,118797.6686,206
1661472000000,2022-08-26,FISBRL,1.752,1.802,1.634,1.634,2033379.5,3568151.8887,1159
1661385600000,2022-08-25,FISBRL,1.786,1.834,1.74,1.759,42420.1,76259.6612,180
1661299200000,2022-08-24,FISBRL,1.85,1.9,1.775,1.788,2536226.1,4693502.7538,1113
1661212800000,2022-08-23,FISBRL,1.779,1.87,1.771,1.851,20315.0,37109.3338,128
1661126400000,2022-08-22,FISBRL,1.82,1.834,1.719,1.771,12621.3,22009.0569,109
1661040000000,2022-08-21,FISBRL,1.753,1.875,1.753,1.823,33064.6,60294.0798,164
1660953600000,2022-08-20,FISBRL,1.753,1.856,1.701,1.746,1258676.3,2207473.3592,710
1660867200000,2022-08-19,FISBRL,1.972,1.98,1.719,1.753,50786.0,94581.9205,149
1660780800000,2022-08-18,FISBRL,2.109,2.109,1.97,1.971,24308.9,48768.6359,128
1660694400000,2022-08-17,FISBRL,2.166,2.229,2.059,2.109,107613.1,229491.8353,227
1660608000000,2022-08-16,FISBRL,2.14,2.197,2.113,2.197,42174.9,91222.281,152
1660521600000,2022-08-15,FISBRL,2.158,2.229,2.092,2.14,68268.0,145816.5171,227
1660435200000,2022-08-14,FISBRL,2.232,2.4,2.124,2.163,4098364.2,9403005.2636,1290
1660348800000,2022-08-13,FISBRL,2.228,2.289,2.194,2.233,39645.3,89317.9216,138
1660262400000,2022-08-12,FISBRL,2.233,2.252,2.162,2.19,17292.5,38315.9668,81
1660176000000,2022-08-11,FISBRL,2.218,2.235,2.154,2.154,18669.9,41419.4912,59
1660089600000,2022-08-10,FISBRL,2.146,2.22,2.111,2.205,25487.6,55263.8898,93
1660003200000,2022-08-09,FISBRL,2.259,2.259,2.117,2.189,22758.5,49610.0737,107
1659916800000,2022-08-08,FISBRL,2.267,2.289,2.22,2.235,9825.1,22087.2111,65
1659830400000,2022-08-07,FISBRL,2.245,2.28,2.228,2.232,3873.2,8686.8707,32
1659744000000,2022-08-06,FISBRL,2.298,2.298,2.245,2.245,6827.2,15425.0654,38
1659657600000,2022-08-05,FISBRL,2.244,2.35,2.228,2.25,15328.7,35284.3072,97
1659571200000,2022-08-04,FISBRL,2.296,2.326,2.202,2.231,19122.3,43337.9905,66
1659484800000,2022-08-03,FISBRL,2.22,2.351,2.181,2.286,102430.7,233463.3177,180
1659398400000,2022-08-02,FISBRL,2.194,2.262,2.05,2.2,26037.2,56353.7785,99
1659312000000,2022-08-01,FISBRL,2.24,2.31,2.162,2.202,115065.9,255889.4569,210
1659225600000,2022-07-31,FISBRL,2.27,2.39,2.24,2.25,58015.3,134159.844,213
1659139200000,2022-07-30,FISBRL,2.37,2.47,2.23,2.23,94994.6,222406.71,353
1659052800000,2022-07-29,FISBRL,2.2,2.41,2.1,2.37,245557.1,551487.595,718
1658966400000,2022-07-28,FISBRL,2.1,2.27,2.07,2.19,193216.0,420060.169,506
1658880000000,2022-07-27,FISBRL,2.04,2.12,2.01,2.08,76711.2,157200.657,253
1658793600000,2022-07-26,FISBRL,2.04,2.16,1.97,2.04,85888.9,178542.396,276
1658707200000,2022-07-25,FISBRL,2.16,2.25,2.03,2.04,133804.0,287632.084,363
1658620800000,2022-07-24,FISBRL,2.19,2.22,2.17,2.17,72668.8,159390.418,198
1658534400000,2022-07-23,FISBRL,2.15,2.43,2.14,2.19,266244.6,596116.678,650
1658448000000,2022-07-22,FISBRL,2.18,2.24,2.13,2.14,147437.0,322594.737,361
1658361600000,2022-07-21,FISBRL,2.08,2.18,2.0,2.18,128947.0,274404.462,393
1658275200000,2022-07-20,FISBRL,2.14,2.36,1.98,2.08,403141.5,866089.082,892
1658188800000,2022-07-19,FISBRL,2.15,2.22,2.11,2.14,110862.6,239115.068,329
1658102400000,2022-07-18,FISBRL,2.06,2.14,2.04,2.13,117512.6,246395.055,381
1658016000000,2022-07-17,FISBRL,1.98,2.28,1.96,2.06,300787.0,634988.012,775
1657929600000,2022-07-16,FISBRL,2.06,2.06,1.88,1.97,420987.7,841209.418,644
1657843200000,2022-07-15,FISBRL,1.91,2.4,1.9,2.06,284537.0,584467.592,850
1657756800000,2022-07-14,FISBRL,1.86,2.03,1.82,1.93,149733.2,284321.337,449
1657670400000,2022-07-13,FISBRL,1.74,1.86,1.67,1.86,535639.8,939453.608,825
1657584000000,2022-07-12,FISBRL,1.79,1.84,1.71,1.74,185902.6,331311.345,297
1657497600000,2022-07-11,FISBRL,1.84,2.17,1.78,1.79,433166.2,849093.964,2030
1657411200000,2022-07-10,FISBRL,1.85,1.89,1.74,1.84,281677.1,511196.431,689
1657324800000,2022-07-09,FISBRL,1.84,1.9,1.84,1.84,107976.0,201114.943,359
1657238400000,2022-07-08,FISBRL,1.85,1.88,1.76,1.85,141950.8,260690.148,513
1657152000000,2022-07-07,FISBRL,1.82,2.16,1.81,1.85,384492.6,734120.032,1210
1657065600000,2022-07-06,FISBRL,1.7,1.89,1.7,1.82,300115.4,534825.24,760
1656979200000,2022-07-05,FISBRL,1.71,1.77,1.66,1.69,247183.4,421333.878,558
1656892800000,2022-07-04,FISBRL,1.68,1.72,1.67,1.71,185720.1,314718.371,404
1656806400000,2022-07-03,FISBRL,1.67,1.78,1.65,1.69,391175.4,657629.433,615
1656720000000,2022-07-02,FISBRL,1.66,1.7,1.61,1.68,266043.3,446374.063,481
1656633600000,2022-07-01,FISBRL,1.66,1.72,1.6,1.66,1052062.0,1762884.081,970
1656547200000,2022-06-30,FISBRL,1.62,1.73,1.51,1.66,258897.1,416576.676,755
1656460800000,2022-06-29,FISBRL,1.66,1.69,1.59,1.62,628583.1,1026019.427,749
1656374400000,2022-06-28,FISBRL,1.71,1.75,1.66,1.66,266247.6,449005.604,649
1656288000000,2022-06-27,FISBRL,1.74,1.81,1.69,1.7,120175.1,209676.664,403
1656201600000,2022-06-26,FISBRL,1.81,1.85,1.72,1.73,127466.0,228981.242,427
1656115200000,2022-06-25,FISBRL,1.75,2.1,1.73,1.8,452878.8,832886.364,1327
1656028800000,2022-06-24,FISBRL,1.74,1.81,1.72,1.76,140959.4,248246.114,494
1655942400000,2022-06-23,FISBRL,1.65,1.74,1.65,1.74,250547.0,424448.391,577
1655856000000,2022-06-22,FISBRL,1.65,1.69,1.58,1.64,247333.0,406158.943,670
1655769600000,2022-06-21,FISBRL,1.66,1.74,1.64,1.65,338337.4,574447.371,820
1655683200000,2022-06-20,FISBRL,1.7,1.72,1.62,1.66,233030.6,387572.752,755
1655596800000,2022-06-19,FISBRL,1.59,1.82,1.52,1.7,118393.2,197587.342,573
1655510400000,2022-06-18,FISBRL,1.69,1.71,1.42,1.57,1913926.5,2929414.822,1161
1655424000000,2022-06-17,FISBRL,1.69,1.73,1.67,1.69,120106.8,203566.886,382
1655337600000,2022-06-16,FISBRL,1.74,1.8,1.62,1.71,1039272.6,1805945.35,1548
1655251200000,2022-06-15,FISBRL,1.73,1.74,1.57,1.73,208293.6,343806.296,955
1655164800000,2022-06-14,FISBRL,1.54,1.85,1.44,1.74,439858.9,737796.44,1848
1655078400000,2022-06-13,FISBRL,1.57,1.84,1.37,1.52,485845.5,779435.583,1869
1654992000000,2022-06-12,FISBRL,1.69,1.77,1.53,1.57,2339211.0,3903314.182,1423
1654905600000,2022-06-11,FISBRL,1.87,2.09,1.65,1.68,395698.2,733909.65,1172
1654819200000,2022-06-10,FISBRL,1.87,2.17,1.72,1.87,298192.7,572985.557,989
1654732800000,2022-06-09,FISBRL,1.75,2.38,1.69,1.89,463589.2,918520.65,1654
1654646400000,2022-06-08,FISBRL,1.77,1.89,1.69,1.75,185800.2,331033.581,662
1654560000000,2022-06-07,FISBRL,1.65,1.81,1.55,1.78,206960.5,342603.753,744
1654473600000,2022-06-06,FISBRL,1.59,1.69,1.59,1.65,1072950.0,1760883.592,758
1654387200000,2022-06-05,FISBRL,1.61,1.63,1.56,1.59,29353.6,46729.844,111
1654300800000,2022-06-04,FISBRL,1.67,1.69,1.54,1.62,568494.4,924376.956,495
1654214400000,2022-06-03,FISBRL,1.6,1.74,1.58,1.66,101682.9,166740.252,425
1654128000000,2022-06-02,FISBRL,1.62,1.73,1.57,1.61,71695.8,116321.252,300
1654041600000,2022-06-01,FISBRL,1.66,1.68,1.53,1.61,89840.2,144746.404,279
1653955200000,2022-05-31,FISBRL,1.68,1.71,1.57,1.66,626402.6,1049565.989,563
1653868800000,2022-05-30,FISBRL,1.63,1.84,1.59,1.69,245998.5,414646.46,868
1653782400000,2022-05-29,FISBRL,1.53,1.71,1.44,1.62,140139.9,217762.907,560
1653696000000,2022-05-28,FISBRL,1.41,1.71,1.36,1.52,170348.2,258944.571,646
1653609600000,2022-05-27,FISBRL,1.54,1.65,1.38,1.41,340173.2,508700.815,1149
1653523200000,2022-05-26,FISBRL,1.73,2.7,1.54,1.55,2915464.4,5861415.437,8264
1653436800000,2022-05-25,FISBRL,1.44,2.09,1.42,1.73,3232089.7,5315601.342,3108
1653350400000,2022-05-24,FISBRL,1.43,1.48,1.38,1.44,44838.9,64261.769,199
1653264000000,2022-05-23,FISBRL,1.57,1.63,1.43,1.43,160294.3,247167.456,478
1653177600000,2022-05-22,FISBRL,1.62,1.66,1.51,1.57,73385.4,115024.961,215
1653091200000,2022-05-21,FISBRL,1.59,1.67,1.56,1.62,39830.9,63490.284,165
1653004800000,2022-05-20,FISBRL,1.72,1.76,1.53,1.59,154331.1,249588.655,530
1652918400000,2022-05-19,FISBRL,1.58,1.77,1.57,1.73,34237.2,58376.98,254
1652832000000,2022-05-18,FISBRL,1.7,1.83,1.5,1.6,542173.1,935368.672,1130
1652745600000,2022-05-17,FISBRL,1.62,1.83,1.62,1.71,134749.0,237431.814,695
1652659200000,2022-05-16,FISBRL,1.92,2.09,1.58,1.62,154639.1,279392.59,1993
1652572800000,2022-05-15,FISBRL,1.24,2.39,1.2,1.91,1086581.8,1921400.787,5875
1652486400000,2022-05-14,FISBRL,1.26,1.31,1.12,1.26,1721838.1,2159228.875,496
1652400000000,2022-05-13,FISBRL,1.27,1.47,1.15,1.26,138511.5,184461.793,374
1652313600000,2022-05-12,FISBRL,1.17,3.11,0.9,1.2,2303412.8,2635584.14,1063
1652227200000,2022-05-11,FISBRL,1.95,1.96,1.13,1.15,125163.6,169898.709,506
1652140800000,2022-05-10,FISBRL,1.96,2.17,1.84,1.91,76761.1,154776.096,280
1652054400000,2022-05-09,FISBRL,2.36,2.37,1.99,2.0,113846.3,246841.928,289
1651968000000,2022-05-08,FISBRL,2.48,2.48,2.34,2.34,49006.6,118069.493,139
1651881600000,2022-05-07,FISBRL,2.6,2.61,2.47,2.49,44704.4,112960.186,157
1651795200000,2022-05-06,FISBRL,2.61,2.66,2.53,2.61,86948.2,225931.856,301
1651708800000,2022-05-05,FISBRL,2.82,2.83,2.54,2.63,70593.1,192195.357,289
1651622400000,2022-05-04,FISBRL,2.69,2.84,2.69,2.81,40545.0,112373.021,189
1651536000000,2022-05-03,FISBRL,2.79,2.81,2.69,2.7,764544.0,2090759.615,555
1651449600000,2022-05-02,FISBRL,2.69,2.81,2.66,2.81,45285.2,123017.063,188
1651363200000,2022-05-01,FISBRL,2.61,2.74,2.6,2.69,430658.3,1144774.364,515
1651276800000,2022-04-30,FISBRL,2.96,3.07,2.56,2.61,758117.3,2242263.945,908
1651190400000,2022-04-29,FISBRL,3.1,3.11,2.93,2.95,194708.5,589815.962,745
1651104000000,2022-04-28,FISBRL,3.11,3.18,3.05,3.1,599662.5,1860233.052,1006
1651017600000,2022-04-27,FISBRL,2.99,3.28,2.99,3.1,279491.0,874635.827,962
1650931200000,2022-04-26,FISBRL,3.05,3.21,2.99,3.0,709710.9,2183717.499,1482
1650844800000,2022-04-25,FISBRL,3.02,3.08,2.86,3.06,163250.4,491074.093,750
1650758400000,2022-04-24,FISBRL,3.06,3.2,3.0,3.03,1867924.6,5823978.26,1166
1650672000000,2022-04-23,FISBRL,3.09,3.33,3.04,3.05,2571364.3,8254963.626,1572
1650585600000,2022-04-22,FISBRL,3.05,3.35,2.98,3.09,2590164.7,8171815.799,1719
1650499200000,2022-04-21,FISBRL,2.98,3.24,2.94,3.05,1316732.3,4089660.623,1026
1650412800000,2022-04-20,FISBRL,3.07,3.08,2.93,2.98,102457.2,307117.065,398
1650326400000,2022-04-19,FISBRL,2.96,3.14,2.91,3.07,630951.6,1923577.456,597
1650240000000,2022-04-18,FISBRL,2.96,2.98,2.81,2.94,130161.3,375101.25,395
1650153600000,2022-04-17,FISBRL,3.1,3.11,2.97,2.97,37077.0,112827.18,146
1650067200000,2022-04-16,FISBRL,3.11,3.2,3.01,3.1,391199.0,1221735.626,442
1649980800000,2022-04-15,FISBRL,3.06,3.19,3.06,3.13,37411.0,116286.922,165
1649894400000,2022-04-14,FISBRL,3.22,3.22,3.05,3.06,168251.3,518688.908,311
1649808000000,2022-04-13,FISBRL,3.1,3.25,3.02,3.22,231986.0,727036.048,913
1649721600000,2022-04-12,FISBRL,3.0,3.48,3.0,3.08,1443018.5,4596057.786,3099
1649635200000,2022-04-11,FISBRL,3.21,3.21,2.96,3.02,194973.7,600445.546,958
1649548800000,2022-04-10,FISBRL,3.31,3.39,3.18,3.21,416302.4,1362669.379,724
1649462400000,2022-04-09,FISBRL,3.27,3.37,3.2,3.32,173686.1,569410.365,680
1649376000000,2022-04-08,FISBRL,3.61,3.82,3.24,3.25,1270764.5,4390511.181,2118
1649289600000,2022-04-07,FISBRL,3.28,4.06,3.22,3.6,1265097.4,4636671.421,3133
1649203200000,2022-04-06,FISBRL,3.78,3.78,3.27,3.28,263675.0,926848.234,1188
1649116800000,2022-04-05,FISBRL,3.92,3.92,3.75,3.78,152640.1,583318.816,736
1649030400000,2022-04-04,FISBRL,3.85,4.07,3.66,3.94,1052020.4,4093370.455,2601
1648944000000,2022-04-03,FISBRL,3.77,3.92,3.66,3.87,149664.3,567310.903,686
1648857600000,2022-04-02,FISBRL,3.84,4.13,3.77,3.77,406549.5,1594645.697,1601
1648771200000,2022-04-01,FISBRL,3.46,4.16,3.32,3.83,578925.7,2185718.944,2301
1648684800000,2022-03-31,FISBRL,3.65,3.8,3.46,3.47,192197.5,697426.279,911
1648598400000,2022-03-30,FISBRL,3.65,3.7,3.53,3.65,159063.2,575985.208,708
1648512000000,2022-03-29,FISBRL,3.57,3.82,3.51,3.64,196683.5,718391.825,896
1648425600000,2022-03-28,FISBRL,3.58,3.74,3.54,3.58,171557.2,628777.506,875
1648339200000,2022-03-27,FISBRL,3.46,3.6,3.46,3.58,125043.1,441464.318,572
1648252800000,2022-03-26,FISBRL,3.38,3.46,3.34,3.46,26462.5,90120.287,155
1648166400000,2022-03-25,FISBRL,3.45,3.53,3.37,3.38,80001.8,275961.062,399
1648080000000,2022-03-24,FISBRL,3.42,3.5,3.35,3.41,203047.5,698566.403,752
1647993600000,2022-03-23,FISBRL,3.65,3.8,3.38,3.42,477136.3,1694183.603,1214
1647907200000,2022-03-22,FISBRL,3.27,3.9,3.27,3.71,13355004.5,46621264.125,4038
1647820800000,2022-03-21,FISBRL,3.22,3.57,3.22,3.27,9244662.8,31701349.678,3817
1647734400000,2022-03-20,FISBRL,3.34,3.78,3.15,3.2,223689.9,750204.751,915
1647648000000,2022-03-19,FISBRL,3.15,3.38,3.11,3.34,1036974.4,3381187.152,1338
1647561600000,2022-03-18,FISBRL,3.13,3.21,3.05,3.13,177514.5,552320.174,563
1647475200000,2022-03-17,FISBRL,3.2,3.28,3.12,3.15,262541.6,835705.871,996
1647388800000,2022-03-16,FISBRL,3.04,3.3,2.99,3.19,626756.9,1985512.84,1584
1647302400000,2022-03-15,FISBRL,3.02,3.32,2.87,3.03,374414.9,1130133.015,1182
1647216000000,2022-03-14,FISBRL,2.93,3.5,2.93,3.03,2013417.6,6197613.915,2584
1647129600000,2022-03-13,FISBRL,3.11,3.17,2.92,2.94,78607.3,240844.093,345
1647043200000,2022-03-12,FISBRL,3.1,3.27,3.09,3.11,1788861.0,5705913.038,1391
1646956800000,2022-03-11,FISBRL,3.11,3.18,3.05,3.1,72390.3,224245.41,293
1646870400000,2022-03-10,FISBRL,3.17,3.48,3.02,3.1,165326.8,519641.497,724
1646784000000,2022-03-09,FISBRL,3.1,3.27,3.06,3.17,96578.2,306569.993,411
1646697600000,2022-03-08,FISBRL,3.05,3.17,3.02,3.14,224852.2,694712.84,717
1646611200000,2022-03-07,FISBRL,3.14,3.14,2.96,3.06,496114.4,1509360.738,1673
1646524800000,2022-03-06,FISBRL,3.14,3.6,3.09,3.13,1567129.2,5224531.234,3822
1646438400000,2022-03-05,FISBRL,3.02,3.21,2.96,3.12,624362.7,1926384.432,1626
1646352000000,2022-03-04,FISBRL,3.04,3.31,2.91,3.05,817597.0,2543125.84,2005
1646265600000,2022-03-03,FISBRL,3.26,3.26,3.0,3.04,239308.5,747929.032,905
1646179200000,2022-03-02,FISBRL,3.29,3.41,3.21,3.26,685843.3,2271513.119,1731
1646092800000,2022-03-01,FISBRL,3.19,3.31,3.11,3.29,537797.1,1728446.463,1315
1646006400000,2022-02-28,FISBRL,2.92,3.22,2.88,3.18,80646.5,245114.658,403
1645920000000,2022-02-27,FISBRL,3.13,3.47,2.87,2.92,118406.1,367863.235,612
1645833600000,2022-02-26,FISBRL,2.99,3.36,2.98,3.1,153079.6,474604.499,645
1645747200000,2022-02-25,FISBRL,2.87,3.1,2.85,2.98,1733773.9,5138076.824,1873
1645660800000,2022-02-24,FISBRL,2.95,2.97,2.5,2.88,650293.1,1807053.439,846
1645574400000,2022-02-23,FISBRL,3.24,3.3,2.95,2.97,1235504.5,3826208.522,710
1645488000000,2022-02-22,FISBRL,3.08,3.26,2.99,3.17,43111.4,132832.896,243
1645401600000,2022-02-21,FISBRL,3.37,3.5,3.01,3.08,352995.7,1191901.629,642
1645315200000,2022-02-20,FISBRL,3.58,3.59,3.3,3.37,1739085.3,5999804.51,1532
1645228800000,2022-02-19,FISBRL,3.58,3.75,3.51,3.6,69983.3,253654.58,311
1645142400000,2022-02-18,FISBRL,3.68,3.93,3.52,3.58,1305331.9,4891956.18,1233
1645056000000,2022-02-17,FISBRL,3.94,4.01,3.64,3.68,60748.7,232404.555,388
1644969600000,2022-02-16,FISBRL,4.08,4.26,3.88,3.94,244684.2,977262.345,684
1644883200000,2022-02-15,FISBRL,3.9,4.12,3.88,4.09,72487.7,292500.044,374
1644796800000,2022-02-14,FISBRL,3.91,3.94,3.77,3.9,58057.5,223757.532,310
1644710400000,2022-02-13,FISBRL,4.08,4.2,3.9,3.91,51752.4,210040.04,321
1644624000000,2022-02-12,FISBRL,4.3,4.36,4.0,4.07,70057.4,290506.19,442
1644537600000,2022-02-11,FISBRL,5.14,5.2,4.19,4.31,113036.5,531699.923,767
1644451200000,2022-02-10,FISBRL,4.49,5.71,4.45,5.12,727656.5,3730917.945,1671
1644364800000,2022-02-09,FISBRL,4.43,4.92,4.21,4.5,113144.8,515004.782,729
1644278400000,2022-02-08,FISBRL,4.47,4.64,4.15,4.37,118525.1,514782.296,700
1644192000000,2022-02-07,FISBRL,4.31,4.56,4.25,4.47,52023.2,230182.372,354
1644105600000,2022-02-06,FISBRL,4.25,4.4,4.15,4.3,534892.1,2281555.052,682
1644019200000,2022-02-05,FISBRL,4.36,4.42,4.18,4.26,325440.1,1391479.942,744
1643932800000,2022-02-04,FISBRL,3.94,4.42,3.87,4.39,133361.2,557442.111,581
1643846400000,2022-02-03,FISBRL,3.86,4.14,3.78,3.95,106444.4,420798.315,510
1643760000000,2022-02-02,FISBRL,3.86,4.61,3.77,3.9,197167.6,797348.876,988
1643673600000,2022-02-01,FISBRL,3.84,3.95,3.77,3.86,129469.2,502557.245,365
1643587200000,2022-01-31,FISBRL,3.86,4.04,3.72,3.83,922445.5,3593084.441,777
1643500800000,2022-01-30,FISBRL,4.03,4.13,3.77,3.89,210886.4,834194.919,629
1643414400000,2022-01-29,FISBRL,4.1,4.19,3.99,4.01,59644.7,243856.486,368
1643328000000,2022-01-28,FISBRL,3.96,4.32,3.83,4.09,347421.4,1413714.088,817
1643241600000,2022-01-27,FISBRL,3.84,4.1,3.65,3.96,188243.5,734213.359,420
1643155200000,2022-01-26,FISBRL,3.73,4.49,3.7,3.83,751144.5,3105267.827,1310
1643068800000,2022-01-25,FISBRL,3.84,3.93,3.69,3.76,21644.9,81735.769,220
1642982400000,2022-01-24,FISBRL,3.93,4.04,3.31,4.03,34132.1,123792.895,278
1642896000000,2022-01-23,FISBRL,3.81,4.15,3.71,3.93,567740.5,2239059.843,625
1642809600000,2022-01-22,FISBRL,4.15,4.18,3.3,3.7,1410455.5,5560966.826,1297
1642723200000,2022-01-21,FISBRL,5.03,5.05,3.95,4.08,38101.0,172840.922,296
1642636800000,2022-01-20,FISBRL,5.25,5.4,4.95,4.95,25603.4,132840.633,194
1642550400000,2022-01-19,FISBRL,5.57,5.6,5.19,5.19,40046.6,215700.726,376
1642464000000,2022-01-18,FISBRL,5.53,5.64,5.26,5.52,16008.3,86049.849,198
1642377600000,2022-01-17,FISBRL,5.85,5.89,5.41,5.55,38147.0,214313.531,404
1642291200000,2022-01-16,FISBRL,5.81,5.91,5.72,5.81,8307.2,48543.2,129
1642204800000,2022-01-15,FISBRL,5.76,6.25,5.73,5.81,44947.9,265543.455,497
1642118400000,2022-01-14,FISBRL,5.53,6.15,5.4,5.77,35440.4,203468.537,420
1642032000000,2022-01-13,FISBRL,5.92,6.2,5.51,5.54,547250.0,3233424.829,745
1641945600000,2022-01-12,FISBRL,5.7,6.1,5.64,5.86,341800.4,2029324.652,535
1641859200000,2022-01-11,FISBRL,5.55,5.88,5.53,5.7,259428.3,1483681.519,825
1641772800000,2022-01-10,FISBRL,5.79,5.81,5.22,5.55,19578.7,109143.868,264
1641686400000,2022-01-09,FISBRL,5.66,5.9,5.53,5.72,10395.0,59881.83,160
1641600000000,2022-01-08,FISBRL,5.89,6.16,5.35,5.66,30313.0,177657.721,322
1641513600000,2022-01-07,FISBRL,6.33,6.33,5.7,5.95,39162.5,233919.67,352
1641427200000,2022-01-06,FISBRL,6.46,6.6,6.0,6.23,720167.9,4570465.662,1494
1641340800000,2022-01-05,FISBRL,6.74,6.93,6.28,6.45,33070.7,222631.147,341
1641254400000,2022-01-04,FISBRL,6.72,6.99,6.64,6.75,95932.8,655461.611,479
1641168000000,2022-01-03,FISBRL,6.63,7.03,6.54,6.69,50518.0,339797.226,417
1641081600000,2022-01-02,FISBRL,6.63,6.94,6.53,6.7,68538.6,459145.176,471
1640995200000,2022-01-01,FISBRL,6.53,6.7,6.53,6.63,35601.8,235066.426,210
1640908800000,2021-12-31,FISBRL,6.49,7.06,6.34,6.51,103497.2,687611.838,662
1640822400000,2021-12-30,FISBRL,6.54,6.73,6.41,6.47,94785.7,618558.667,554
1640736000000,2021-12-29,FISBRL,6.84,7.03,6.4,6.51,90663.2,609426.825,601
1640649600000,2021-12-28,FISBRL,7.33,7.44,6.62,6.83,84671.9,594845.247,609
1640563200000,2021-12-27,FISBRL,7.31,8.34,7.26,7.33,282543.5,2143434.05,1288
1640476800000,2021-12-26,FISBRL,7.27,7.59,7.06,7.3,531917.1,3918563.182,1082
1640390400000,2021-12-25,FISBRL,6.95,7.55,6.95,7.27,70085.4,507901.857,753
1640304000000,2021-12-24,FISBRL,7.03,7.45,6.88,6.95,30797.0,219586.707,459
1640217600000,2021-12-23,FISBRL,6.82,7.2,6.7,7.02,36928.4,256529.262,412
1640131200000,2021-12-22,FISBRL,7.08,7.28,6.78,6.82,862635.0,6057968.33,1152
1640044800000,2021-12-21,FISBRL,6.65,7.4,6.5,7.03,959918.8,6867785.099,1224
1639958400000,2021-12-20,FISBRL,6.68,7.02,6.25,6.65,85697.0,565372.89,679
1639872000000,2021-12-19,FISBRL,7.05,7.11,6.55,6.75,125386.5,851139.819,847
1639785600000,2021-12-18,FISBRL,6.22,9.36,6.08,7.02,157203.8,1177271.908,1354
1639699200000,2021-12-17,FISBRL,6.54,6.64,6.07,6.21,27477.4,174020.269,308
1639612800000,2021-12-16,FISBRL,6.64,7.0,6.38,6.47,645404.4,4309812.016,1077
1639526400000,2021-12-15,FISBRL,6.46,7.0,6.09,6.49,820796.4,5365940.5,1014
1639440000000,2021-12-14,FISBRL,6.4,6.53,6.13,6.46,38533.4,242513.093,337
1639353600000,2021-12-13,FISBRL,7.13,7.13,6.15,6.39,428016.7,2918307.863,750
1639267200000,2021-12-12,FISBRL,7.11,8.1,7.01,7.13,53708.3,398010.833,546
1639180800000,2021-12-11,FISBRL,6.55,7.35,6.51,7.0,1030156.9,7062439.63,936
1639094400000,2021-12-10,FISBRL,6.93,7.07,6.54,6.55,41321.6,281667.599,425
1639008000000,2021-12-09,FISBRL,7.62,7.86,6.84,6.92,89696.2,664864.866,682
1638921600000,2021-12-08,FISBRL,7.17,8.87,6.93,7.62,229080.8,1788029.031,2302
1638835200000,2021-12-07,FISBRL,7.47,7.71,6.97,7.2,68795.4,507854.576,879
1638748800000,2021-12-06,FISBRL,6.98,7.57,6.25,7.46,101756.6,706065.163,1039
1638662400000,2021-12-05,FISBRL,7.88,7.98,6.86,6.97,33507.7,249415.651,550
1638576000000,2021-12-04,FISBRL,9.62,9.66,6.42,7.88,110347.1,880017.284,1259
1638489600000,2021-12-03,FISBRL,9.42,10.05,9.28,9.6,2954749.5,28711513.479,3735
1638403200000,2021-12-02,FISBRL,9.61,9.62,9.18,9.43,50453.4,469332.632,444
1638316800000,2021-12-01,FISBRL,9.48,9.9,9.3,9.62,507750.2,4856128.8,1236
1638230400000,2021-11-30,FISBRL,9.65,10.0,9.25,9.43,1841858.8,17788910.898,3320
1638144000000,2021-11-29,FISBRL,10.04,10.04,9.59,9.67,133935.1,1305005.102,1026
1638057600000,2021-11-28,FISBRL,10.27,13.08,9.4,9.96,581140.1,6099518.049,4620
1637971200000,2021-11-27,FISBRL,9.06,10.65,9.0,10.33,464575.8,4612893.977,2638
1637884800000,2021-11-26,FISBRL,10.13,10.29,9.01,9.11,392110.3,3691257.3,2229
1637798400000,2021-11-25,FISBRL,9.43,10.33,9.33,10.12,514170.6,5079380.066,2457
1637712000000,2021-11-24,FISBRL,10.04,10.08,9.16,9.41,235966.7,2255405.998,1568
1637625600000,2021-11-23,FISBRL,10.75,12.05,9.76,10.04,342304.4,3502483.835,2336
1637539200000,2021-11-22,FISBRL,10.0,14.3,9.77,10.84,1554812.8,17377015.052,8605
1637452800000,2021-11-21,FISBRL,9.11,10.92,8.92,10.08,354053.8,3520582.633,3025
1637366400000,2021-11-20,FISBRL,8.51,9.79,8.4,9.1,92717.1,824527.934,1392
1637280000000,2021-11-19,FISBRL,8.38,8.83,8.17,8.51,56107.7,477052.247,757
1637193600000,2021-11-18,FISBRL,8.62,8.98,7.6,8.37,314160.8,2571209.437,1442
1637107200000,2021-11-17,FISBRL,8.5,8.91,8.09,8.63,50487.7,426438.844,729
1637020800000,2021-11-16,FISBRL,9.45,9.5,8.24,8.52,388605.1,3445316.372,1688
1636934400000,2021-11-15,FISBRL,9.42,10.0,9.29,9.49,226893.2,2204910.763,1012
1636848000000,2021-11-14,FISBRL,9.5,9.81,9.14,9.35,346755.0,3287792.485,895
1636761600000,2021-11-13,FISBRL,9.42,9.69,9.32,9.48,25462.5,241820.097,440
1636675200000,2021-11-12,FISBRL,9.58,9.59,9.01,9.39,33921.2,316281.782,488
1636588800000,2021-11-11,FISBRL,9.56,9.94,9.41,9.57,232635.0,2251260.416,942
1636502400000,2021-11-10,FISBRL,10.1,10.37,9.21,9.57,105090.0,1044832.828,1324
1636416000000,2021-11-09,FISBRL,10.02,10.2,9.8,10.1,349444.1,3476605.883,796
1636329600000,2021-11-08,FISBRL,9.84,10.28,9.7,10.07,55636.7,556348.79,600
1636243200000,2021-11-07,FISBRL,9.73,10.45,9.6,9.9,1388170.2,13901977.41,2069
1636156800000,2021-11-06,FISBRL,9.74,9.99,9.53,9.85,133817.7,1308199.727,517
1636070400000,2021-11-05,FISBRL,9.98,10.32,9.5,9.74,4203861.8,42024562.542,2534
1635984000000,2021-11-04,FISBRL,10.07,10.52,9.7,10.01,1736325.7,17394184.297,2268
1635897600000,2021-11-03,FISBRL,9.98,14.2,9.7,10.07,1724947.5,17662360.053,4515
1635811200000,2021-11-02,FISBRL,9.45,10.35,9.45,9.98,596128.6,5985941.823,1675
1635724800000,2021-11-01,FISBRL,9.6,9.7,9.25,9.47,22517.7,213096.056,366
1635638400000,2021-10-31,FISBRL,9.18,10.0,8.91,9.62,539663.7,5178150.001,1486
1635552000000,2021-10-30,FISBRL,9.36,9.74,8.94,9.24,28573.1,265314.921,459
1635465600000,2021-10-29,FISBRL,8.96,9.58,8.91,9.36,51343.9,474569.624,655
1635379200000,2021-10-28,FISBRL,8.61,9.2,8.46,8.9,41990.5,372674.052,700
1635292800000,2021-10-27,FISBRL,10.1,10.18,8.55,8.58,56239.0,511620.738,819
1635206400000,2021-10-26,FISBRL,10.3,10.6,10.05,10.1,186297.5,1918700.336,1117
1635120000000,2021-10-25,FISBRL,10.26,10.79,10.22,10.31,37161.9,387908.891,463
1635033600000,2021-10-24,FISBRL,10.31,10.99,10.05,10.27,42814.9,444720.625,544
1634947200000,2021-10-23,FISBRL,10.26,10.55,10.0,10.31,26608.6,274231.832,281
1634860800000,2021-10-22,FISBRL,10.3,10.65,10.2,10.33,45568.5,473356.359,436
1634774400000,2021-10-21,FISBRL,10.07,10.67,9.87,10.3,92190.8,945782.649,843
1634688000000,2021-10-20,FISBRL,9.5,11.3,9.37,10.06,143416.0,1473455.619,1495
1634601600000,2021-10-19,FISBRL,9.6,9.62,9.3,9.5,13257.2,125770.039,278
1634515200000,2021-10-18,FISBRL,9.37,9.65,9.16,9.61,15250.7,143892.077,288
1634428800000,2021-10-17,FISBRL,9.81,9.81,9.1,9.49,23312.4,219523.932,345
1634342400000,2021-10-16,FISBRL,9.73,10.21,9.43,9.74,36916.7,360897.191,501
1634256000000,2021-10-15,FISBRL,9.22,10.89,9.0,9.72,76627.5,740926.754,1128
1634169600000,2021-10-14,FISBRL,8.89,9.6,8.8,9.37,36133.5,335326.457,649
1634083200000,2021-10-13,FISBRL,8.91,9.1,8.5,8.87,25818.5,228382.031,402
1633996800000,2021-10-12,FISBRL,9.28,9.28,8.56,8.96,60866.9,540713.746,773
1633910400000,2021-10-11,FISBRL,9.81,10.81,9.17,9.29,90530.9,884542.953,1116
1633824000000,2021-10-10,FISBRL,9.41,12.1,9.1,9.68,128611.6,1348329.675,1799
1633737600000,2021-10-09,FISBRL,9.34,9.55,8.8,9.46,51842.6,478514.57,639
1633651200000,2021-10-08,FISBRL,8.6,10.03,8.58,9.38,90316.3,841348.927,1029
1633564800000,2021-10-07,FISBRL,8.29,9.55,8.07,8.64,130112.2,1120229.939,1630
1633478400000,2021-10-06,FISBRL,8.59,8.6,7.87,8.3,48242.3,397689.142,673
1633392000000,2021-10-05,FISBRL,8.25,8.91,8.25,8.59,56033.2,477442.901,736
1633305600000,2021-10-04,FISBRL,8.28,8.37,7.94,8.25,35513.1,289584.255,460
1633219200000,2021-10-03,FISBRL,8.16,8.5,7.99,8.28,43966.8,363682.59,459
1633132800000,2021-10-02,FISBRL,8.07,8.9,7.95,8.16,76780.6,644621.27,772
1633046400000,2021-10-01,FISBRL,7.7,8.39,7.61,8.11,61763.1,490782.173,756
1632960000000,2021-09-30,FISBRL,7.64,7.84,7.53,7.68,36440.9,280468.038,510
1632873600000,2021-09-29,FISBRL,7.74,8.2,7.5,7.66,37195.6,288418.224,436
1632787200000,2021-09-28,FISBRL,7.53,8.65,7.3,7.61,204898.5,1592153.238,805
1632700800000,2021-09-27,FISBRL,7.35,8.6,7.13,7.54,95262.4,745665.953,557
1632614400000,2021-09-26,FISBRL,7.33,8.6,6.42,7.35,65896.0,489180.745,580
1632528000000,2021-09-25,FISBRL,7.59,7.79,7.29,7.33,27792.8,208139.129,278
1632441600000,2021-09-24,FISBRL,8.34,8.38,7.19,7.57,44793.6,341333.318,391
1632355200000,2021-09-23,FISBRL,8.26,8.9,7.74,8.34,77805.9,648710.881,387
1632268800000,2021-09-22,FISBRL,7.19,8.31,7.01,8.22,67137.3,504151.841,445
1632182400000,2021-09-21,FISBRL,8.01,9.45,7.13,7.16,83241.7,705190.393,658
1632096000000,2021-09-20,FISBRL,9.3,9.39,8.0,8.13,56104.0,487197.011,873
1632009600000,2021-09-19,FISBRL,9.15,11.4,9.15,9.39,146724.3,1530053.637,1627
1631923200000,2021-09-18,FISBRL,8.51,12.16,8.35,9.14,122891.5,1213480.814,1307
1631836800000,2021-09-17,FISBRL,8.87,8.98,8.24,8.7,19234.0,162406.867,242
1631750400000,2021-09-16,FISBRL,9.17,9.34,8.08,8.87,57222.3,497363.486,311
1631664000000,2021-09-15,FISBRL,8.47,9.39,8.37,8.91,79256.7,683740.687,357
1631577600000,2021-09-14,FISBRL,8.02,8.83,7.83,8.47,21247.6,177942.511,329
1631491200000,2021-09-13,FISBRL,8.97,8.97,7.51,8.01,28276.0,228169.756,365
1631404800000,2021-09-12,FISBRL,8.54,9.54,8.39,8.97,37003.2,335011.363,421
1631318400000,2021-09-11,FISBRL,8.27,8.9,8.22,8.37,29157.0,247739.233,461
1631232000000,2021-09-10,FISBRL,9.39,9.5,8.0,8.26,38988.8,339096.834,490
1631145600000,2021-09-09,FISBRL,9.45,10.0,8.91,9.39,67620.1,629650.887,711
1631059200000,2021-09-08,FISBRL,9.59,10.06,7.86,9.2,47679.2,443491.656,704
1630972800000,2021-09-07,FISBRL,12.21,12.98,9.29,9.54,59217.5,667206.413,1139
1630886400000,2021-09-06,FISBRL,12.49,12.65,11.89,12.23,49378.0,602914.987,793
1630800000000,2021-09-05,FISBRL,11.5,14.85,11.5,12.5,121262.4,1583122.955,2020
1630713600000,2021-09-04,FISBRL,11.24,11.9,11.21,11.5,27789.0,318884.555,425
1630627200000,2021-09-03,FISBRL,11.22,11.81,11.05,11.24,23987.8,272382.581,390
1630540800000,2021-09-02,FISBRL,11.43,11.58,11.05,11.28,41794.6,472790.181,501
1630454400000,2021-09-01,FISBRL,10.95,12.01,10.82,11.44,23810.9,272261.659,353
1630368000000,2021-08-31,FISBRL,11.15,11.48,10.95,10.95,18643.1,209054.801,367
1630281600000,2021-08-30,FISBRL,12.33,12.37,10.76,11.15,45305.8,530755.161,653
1630195200000,2021-08-29,FISBRL,12.38,13.49,12.0,12.28,49660.4,619992.697,767
1630108800000,2021-08-28,FISBRL,11.94,13.5,11.65,12.38,59713.3,738842.585,906
1630022400000,2021-08-27,FISBRL,11.27,14.09,10.92,11.87,61419.2,768247.844,1159
1629936000000,2021-08-26,FISBRL,11.61,12.8,11.01,11.47,33475.9,400296.698,548
1629849600000,2021-08-25,FISBRL,11.11,12.02,10.66,11.61,14590.7,166339.069,384
1629763200000,2021-08-24,FISBRL,12.8,12.9,11.04,11.1,35778.8,432782.423,752
1629676800000,2021-08-23,FISBRL,12.64,14.75,12.32,12.8,64403.7,830912.412,1255
1629590400000,2021-08-22,FISBRL,11.74,12.89,11.67,12.53,47630.4,591868.53,903
1629504000000,2021-08-21,FISBRL,12.17,12.66,11.67,11.79,78806.3,955311.569,1282
1629417600000,2021-08-20,FISBRL,11.92,13.0,11.81,12.21,108000.5,1316544.075,2184
