Unix,Date,Symbol,Open,High,Low,Close,Volume AXS,Volume BRL,tradecount
1683158400000,2023-05-04,AXSBRL,38.86,38.97,38.28,38.36,240.47,9290.799,34
1683072000000,2023-05-03,AXSBRL,38.08,59.9,37.05,38.75,7073.94,339230.6369,339
1682985600000,2023-05-02,AXSBRL,38.44,39.57,37.99,38.71,946.79,36415.9767,139
1682899200000,2023-05-01,AXSBRL,39.73,39.79,37.95,38.44,1953.82,75153.7897,170
1682812800000,2023-04-30,AXSBRL,40.25,40.65,39.51,39.7,361.77,14484.1893,87
1682726400000,2023-04-29,AXSBRL,40.01,40.65,39.82,40.44,757.0,30473.848,109
1682640000000,2023-04-28,AXSBRL,39.89,40.82,39.33,39.79,1280.06,50903.657,151
1682553600000,2023-04-27,AXSBRL,39.6,40.28,39.37,39.83,891.35,35564.7205,175
1682467200000,2023-04-26,AXSBRL,40.91,42.61,38.17,39.77,1713.62,69348.3053,212
1682380800000,2023-04-25,AXSBRL,40.29,40.8,38.81,40.71,1147.1,45336.4238,138
1682294400000,2023-04-24,AXSBRL,40.62,41.02,39.08,40.29,801.23,32108.7184,122
1682208000000,2023-04-23,AXSBRL,41.43,41.43,39.35,40.51,1343.48,54286.8675,124
1682121600000,2023-04-22,AXSBRL,40.5,41.7,40.0,41.69,848.49,34717.7503,105
1682035200000,2023-04-21,AXSBRL,41.68,43.7,39.78,40.43,1354.21,55973.0053,178
1681948800000,2023-04-20,AXSBRL,43.17,43.65,41.01,41.67,4117.19,174653.8115,267
1681862400000,2023-04-19,AXSBRL,46.89,47.23,42.0,43.24,2121.7,93834.3434,220
1681776000000,2023-04-18,AXSBRL,46.8,48.61,46.19,47.0,2974.31,140036.7841,224
1681689600000,2023-04-17,AXSBRL,45.96,46.57,45.02,45.99,1413.97,64456.3793,161
1681603200000,2023-04-16,AXSBRL,44.76,46.59,44.29,46.15,1965.38,89822.7332,159
1681516800000,2023-04-15,AXSBRL,44.59,46.8,44.15,45.02,1046.61,47310.108,141
1681430400000,2023-04-14,AXSBRL,43.67,45.56,43.53,44.67,2408.44,107499.9066,222
1681344000000,2023-04-13,AXSBRL,42.59,43.83,42.26,43.6,1418.93,61150.6688,126
1681257600000,2023-04-12,AXSBRL,43.67,43.82,41.33,42.59,1873.54,79421.2989,167
1681171200000,2023-04-11,AXSBRL,43.9,44.42,43.24,43.82,2011.61,88155.3163,215
1681084800000,2023-04-10,AXSBRL,43.0,44.42,42.43,43.9,2589.0,111761.0856,225
1680998400000,2023-04-09,AXSBRL,43.39,43.88,42.56,43.21,1525.4,65791.283,158
1680912000000,2023-04-08,AXSBRL,44.37,44.69,43.17,43.46,848.06,37286.4017,109
1680825600000,2023-04-07,AXSBRL,43.35,45.5,43.33,44.78,1692.04,75087.7097,207
1680739200000,2023-04-06,AXSBRL,44.14,44.47,42.88,43.37,2696.35,117103.9289,206
1680652800000,2023-04-05,AXSBRL,42.95,44.46,42.47,44.09,1654.77,71825.4978,215
1680566400000,2023-04-04,AXSBRL,42.13,43.47,41.67,43.18,965.39,41318.5429,187
1680480000000,2023-04-03,AXSBRL,42.47,43.5,41.33,42.1,1518.68,64256.2223,189
1680393600000,2023-04-02,AXSBRL,43.59,43.94,42.02,42.44,978.64,41775.0102,109
1680307200000,2023-04-01,AXSBRL,42.91,43.59,42.43,43.59,548.06,23504.8337,113
1680220800000,2023-03-31,AXSBRL,42.5,43.1,41.65,42.85,1175.07,49820.8955,149
1680134400000,2023-03-30,AXSBRL,44.01,44.25,41.8,42.51,2867.11,123295.7875,241
1680048000000,2023-03-29,AXSBRL,42.9,44.52,42.74,43.9,1784.82,78111.6686,203
1679961600000,2023-03-28,AXSBRL,42.21,43.29,41.61,42.95,1953.11,82896.0974,191
1679875200000,2023-03-27,AXSBRL,44.59,44.59,40.01,42.36,2976.82,126426.2558,271
1679788800000,2023-03-26,AXSBRL,43.58,44.96,43.3,44.54,1464.8,64927.2026,141
1679702400000,2023-03-25,AXSBRL,44.06,45.67,43.31,43.63,4430.1,199021.7147,224
1679616000000,2023-03-24,AXSBRL,46.18,46.21,43.0,44.07,3308.83,146964.4457,250
1679529600000,2023-03-23,AXSBRL,43.73,46.75,43.6,46.15,4621.17,208574.7068,211
1679443200000,2023-03-22,AXSBRL,46.96,46.96,42.97,43.94,6434.51,287416.7503,311
1679356800000,2023-03-21,AXSBRL,46.18,47.24,43.45,46.82,1983.73,91622.1882,272
1679270400000,2023-03-20,AXSBRL,48.41,49.15,45.05,45.79,4265.83,201276.6562,267
1679184000000,2023-03-19,AXSBRL,47.07,51.8,46.15,47.91,6347.04,310303.9726,329
1679097600000,2023-03-18,AXSBRL,47.54,50.0,45.3,46.15,6385.32,304250.0688,363
1679011200000,2023-03-17,AXSBRL,41.95,47.31,41.69,47.12,2301.22,103025.7125,207
1678924800000,2023-03-16,AXSBRL,41.6,43.19,41.1,42.34,1721.52,72194.7167,148
1678838400000,2023-03-15,AXSBRL,45.4,47.9,41.0,41.1,3123.8,135396.258,219
1678752000000,2023-03-14,AXSBRL,43.6,47.8,42.0,45.4,8123.11,360055.05,396
1678665600000,2023-03-13,AXSBRL,40.7,44.2,39.8,43.3,7448.92,313759.884,371
1678579200000,2023-03-12,AXSBRL,37.0,40.8,36.5,40.7,1595.19,60750.56,154
1678492800000,2023-03-11,AXSBRL,38.9,45.6,36.1,37.4,6238.86,240125.93,260
1678406400000,2023-03-10,AXSBRL,38.4,39.2,36.0,38.7,1713.97,65004.588,180
1678320000000,2023-03-09,AXSBRL,41.1,42.3,37.6,38.4,1904.15,76658.87,193
1678233600000,2023-03-08,AXSBRL,45.0,45.2,40.4,40.9,3400.58,145864.144,215
1678147200000,2023-03-07,AXSBRL,46.3,47.0,43.8,45.0,2912.3,131936.571,195
1678060800000,2023-03-06,AXSBRL,46.0,46.5,44.6,46.2,1069.53,48748.845,150
1677974400000,2023-03-05,AXSBRL,46.2,46.9,45.7,45.8,2025.66,93427.555,226
1677888000000,2023-03-04,AXSBRL,48.1,48.6,44.8,46.1,2036.11,96467.181,204
1677801600000,2023-03-03,AXSBRL,50.7,50.9,46.3,47.7,3328.72,158587.974,254
1677715200000,2023-03-02,AXSBRL,52.1,52.1,50.0,50.8,1563.91,79288.951,143
1677628800000,2023-03-01,AXSBRL,50.2,52.5,50.0,52.2,4473.12,232506.266,341
1677542400000,2023-02-28,AXSBRL,51.9,52.4,50.2,50.5,2037.57,103692.781,153
1677456000000,2023-02-27,AXSBRL,52.1,53.2,50.8,52.0,2767.31,143957.741,196
1677369600000,2023-02-26,AXSBRL,51.2,52.5,50.8,52.4,1721.88,89057.08,155
1677283200000,2023-02-25,AXSBRL,52.3,52.9,49.3,51.3,2127.16,109508.012,263
1677196800000,2023-02-24,AXSBRL,54.6,55.4,51.2,52.2,2421.5,127969.339,181
1677110400000,2023-02-23,AXSBRL,55.0,55.9,53.3,54.5,3228.82,175926.045,294
1677024000000,2023-02-22,AXSBRL,56.3,56.3,52.5,54.5,4128.7,222941.233,327
1676937600000,2023-02-21,AXSBRL,58.3,60.3,55.0,56.3,3420.67,195704.165,374
1676851200000,2023-02-20,AXSBRL,57.8,59.2,54.9,58.1,3074.22,177972.372,310
1676764800000,2023-02-19,AXSBRL,56.4,58.1,55.5,57.1,3719.09,210643.887,326
1676678400000,2023-02-18,AXSBRL,55.4,59.0,55.4,56.9,2099.53,120812.767,196
1676592000000,2023-02-17,AXSBRL,53.0,56.0,52.8,55.7,1986.44,108056.982,208
1676505600000,2023-02-16,AXSBRL,56.3,58.0,53.0,53.1,8189.39,462692.653,548
1676419200000,2023-02-15,AXSBRL,51.9,56.2,51.0,55.9,5430.79,290381.517,415
1676332800000,2023-02-14,AXSBRL,50.2,52.1,48.6,52.1,3295.43,166233.07,280
1676246400000,2023-02-13,AXSBRL,52.3,52.7,47.9,50.0,2639.32,131413.999,287
1676160000000,2023-02-12,AXSBRL,54.4,54.8,51.1,52.3,5034.05,269330.233,252
1676073600000,2023-02-11,AXSBRL,53.2,55.9,52.9,54.3,1540.28,82871.615,218
1675987200000,2023-02-10,AXSBRL,54.0,55.5,52.4,53.3,7443.86,399256.972,468
1675900800000,2023-02-09,AXSBRL,62.7,64.9,53.2,54.3,12272.41,725089.783,915
1675814400000,2023-02-08,AXSBRL,60.9,64.4,59.6,62.2,9618.46,596936.596,740
1675728000000,2023-02-07,AXSBRL,55.5,61.0,55.4,60.7,7549.28,440080.748,496
1675641600000,2023-02-06,AXSBRL,56.9,58.2,54.5,55.1,3868.26,218031.094,369
1675555200000,2023-02-05,AXSBRL,59.0,61.1,55.2,56.9,3916.91,226592.635,302
1675468800000,2023-02-04,AXSBRL,59.0,60.5,57.6,58.7,4192.42,247679.273,344
1675382400000,2023-02-03,AXSBRL,57.2,59.8,56.2,59.0,4851.51,282137.872,349
1675296000000,2023-02-02,AXSBRL,58.2,60.3,56.0,56.7,8335.05,486915.741,563
1675209600000,2023-02-01,AXSBRL,56.2,58.3,52.4,58.0,6351.53,353497.289,408
1675123200000,2023-01-31,AXSBRL,55.7,56.2,53.9,55.5,5910.78,326031.916,545
1675036800000,2023-01-30,AXSBRL,62.4,63.2,54.0,55.4,10220.84,590506.643,746
1674950400000,2023-01-29,AXSBRL,58.6,63.4,57.9,62.5,9461.16,575333.841,669
1674864000000,2023-01-28,AXSBRL,59.2,63.2,57.8,58.5,7353.65,440957.03,540
1674777600000,2023-01-27,AXSBRL,60.6,61.0,56.5,59.0,6206.96,362445.616,459
1674691200000,2023-01-26,AXSBRL,59.9,63.6,58.5,60.8,13184.91,805847.009,973
1674604800000,2023-01-25,AXSBRL,57.9,63.1,54.6,60.1,14699.16,862532.535,1021
1674518400000,2023-01-24,AXSBRL,63.7,65.1,56.6,57.6,11328.94,693663.166,936
1674432000000,2023-01-23,AXSBRL,65.5,73.2,63.0,63.7,23852.81,1597600.836,1473
1674345600000,2023-01-22,AXSBRL,47.0,65.9,47.0,65.9,28448.19,1610375.182,1771
1674259200000,2023-01-21,AXSBRL,47.4,50.0,45.5,46.7,8034.15,385958.254,823
1674172800000,2023-01-20,AXSBRL,43.2,47.6,42.7,47.3,5068.47,227168.68,569
1674086400000,2023-01-19,AXSBRL,41.8,44.2,41.8,43.4,4255.78,182988.719,723
1674000000000,2023-01-18,AXSBRL,45.7,46.1,40.0,41.7,8538.92,376305.587,1059
1673913600000,2023-01-17,AXSBRL,46.3,47.5,44.8,45.4,9090.71,419051.05,833
1673827200000,2023-01-16,AXSBRL,47.8,48.9,44.2,46.4,10516.32,491986.848,996
1673740800000,2023-01-15,AXSBRL,48.0,48.5,44.9,47.8,7692.95,361226.158,562
1673654400000,2023-01-14,AXSBRL,46.7,52.0,45.0,48.2,12680.45,607287.982,714
1673568000000,2023-01-13,AXSBRL,41.1,47.8,40.4,46.6,12907.69,578211.563,514
1673481600000,2023-01-12,AXSBRL,39.3,42.9,38.9,41.1,7484.66,306654.923,405
1673395200000,2023-01-11,AXSBRL,39.3,39.4,37.3,38.9,2541.4,97399.005,184
1673308800000,2023-01-10,AXSBRL,39.1,39.9,37.9,39.2,3633.73,142075.249,178
1673222400000,2023-01-09,AXSBRL,38.4,41.6,37.8,38.6,7637.93,301175.031,408
1673136000000,2023-01-08,AXSBRL,36.4,38.7,35.7,38.2,2541.94,94619.842,186
1673049600000,2023-01-07,AXSBRL,36.2,37.6,35.9,36.4,1986.69,73497.673,153
1672963200000,2023-01-06,AXSBRL,36.5,36.5,34.7,35.9,2168.92,77031.062,186
1672876800000,2023-01-05,AXSBRL,36.4,38.6,35.6,36.5,3031.4,111895.152,250
1672790400000,2023-01-04,AXSBRL,35.1,36.6,35.1,35.9,2912.62,104824.897,176
1672704000000,2023-01-03,AXSBRL,33.9,35.5,33.8,35.1,2772.65,95408.877,179
1672617600000,2023-01-02,AXSBRL,33.5,34.9,32.4,33.9,4354.9,147404.227,242
1672531200000,2023-01-01,AXSBRL,32.0,34.5,31.5,33.5,3884.15,129537.924,148
1672444800000,2022-12-31,AXSBRL,31.8,32.6,31.7,32.6,1139.91,36736.209,105
1672358400000,2022-12-30,AXSBRL,32.6,32.8,31.0,31.9,4325.22,137386.051,249
1672272000000,2022-12-29,AXSBRL,33.5,33.6,31.1,32.8,5573.55,179630.678,261
1672185600000,2022-12-28,AXSBRL,35.5,35.6,32.9,33.3,4210.4,142332.829,262
1672099200000,2022-12-27,AXSBRL,36.3,38.1,35.1,35.6,3062.75,112141.953,152
1672012800000,2022-12-26,AXSBRL,35.7,36.2,35.0,35.9,1276.67,45408.534,168
1671926400000,2022-12-25,AXSBRL,36.1,36.9,35.0,35.9,1093.43,39037.789,117
1671840000000,2022-12-24,AXSBRL,36.9,37.1,36.1,36.3,882.75,32079.061,101
1671753600000,2022-12-23,AXSBRL,36.6,37.7,36.1,36.6,2352.32,86292.215,133
1671667200000,2022-12-22,AXSBRL,35.5,38.0,35.1,36.9,3873.33,141129.962,233
1671580800000,2022-12-21,AXSBRL,36.5,36.7,35.2,35.7,880.47,31508.369,117
1671494400000,2022-12-20,AXSBRL,34.8,36.9,34.8,36.5,4471.97,162248.862,232
1671408000000,2022-12-19,AXSBRL,36.3,37.5,34.0,34.7,2274.47,82095.934,205
1671321600000,2022-12-18,AXSBRL,36.5,36.7,35.8,36.3,770.55,27872.97,73
1671235200000,2022-12-17,AXSBRL,35.9,37.4,34.8,36.5,4676.2,167146.949,245
1671148800000,2022-12-16,AXSBRL,39.8,40.4,34.8,35.6,3524.3,132966.241,237
1671062400000,2022-12-15,AXSBRL,40.8,40.8,39.5,39.8,1682.11,67471.559,157
1670976000000,2022-12-14,AXSBRL,40.3,42.6,38.8,40.6,8841.41,360813.015,488
1670889600000,2022-12-13,AXSBRL,40.6,40.7,38.1,40.3,4873.26,192294.352,405
1670803200000,2022-12-12,AXSBRL,42.2,42.4,39.2,40.6,11018.15,447490.781,452
1670716800000,2022-12-11,AXSBRL,43.5,43.9,41.6,42.2,3115.39,133205.037,251
1670630400000,2022-12-10,AXSBRL,41.5,45.6,41.2,43.6,13773.93,603366.087,790
1670544000000,2022-12-09,AXSBRL,43.1,45.0,41.6,42.1,6953.14,294053.384,381
1670457600000,2022-12-08,AXSBRL,44.4,50.3,41.5,43.3,27983.89,1247313.559,983
1670371200000,2022-12-07,AXSBRL,46.0,48.5,43.2,44.2,24640.52,1132406.709,1465
1670284800000,2022-12-06,AXSBRL,46.4,52.0,43.4,46.5,69799.02,3256565.239,2987
1670198400000,2022-12-05,AXSBRL,36.0,55.0,36.0,46.3,134697.63,5911364.81,4676
1670112000000,2022-12-04,AXSBRL,35.3,36.5,29.4,36.0,111115.77,3453192.691,553
1670025600000,2022-12-03,AXSBRL,36.7,43.3,35.1,35.4,39525.86,1664851.452,314
1669939200000,2022-12-02,AXSBRL,35.8,37.1,35.2,36.8,2175.17,79256.553,201
1669852800000,2022-12-01,AXSBRL,37.0,37.0,35.3,35.5,3320.61,119599.468,276
1669766400000,2022-11-30,AXSBRL,36.1,37.5,35.4,36.8,8015.11,292013.35,477
1669680000000,2022-11-29,AXSBRL,35.2,37.0,35.1,36.1,2866.32,103135.164,273
1669593600000,2022-11-28,AXSBRL,36.1,36.9,34.1,35.4,5052.38,177823.387,319
1669507200000,2022-11-27,AXSBRL,35.8,37.4,35.5,35.9,4276.5,156154.534,310
1669420800000,2022-11-26,AXSBRL,36.0,36.8,35.3,35.9,5492.42,199183.482,282
1669334400000,2022-11-25,AXSBRL,36.3,36.4,35.1,36.1,5036.47,179373.864,294
1669248000000,2022-11-24,AXSBRL,37.3,37.3,35.5,36.2,3108.87,113259.293,257
1669161600000,2022-11-23,AXSBRL,36.8,37.7,36.0,37.3,4370.37,160419.324,286
1669075200000,2022-11-22,AXSBRL,33.6,38.4,32.7,36.7,14066.44,497646.576,549
1668988800000,2022-11-21,AXSBRL,35.2,38.6,32.5,33.6,44393.29,1534701.278,868
1668902400000,2022-11-20,AXSBRL,38.5,38.8,35.2,35.6,6445.41,240587.513,377
1668816000000,2022-11-19,AXSBRL,38.6,38.8,37.5,38.5,3586.43,137034.609,284
1668729600000,2022-11-18,AXSBRL,38.7,39.1,37.7,38.7,7339.48,283545.499,383
1668643200000,2022-11-17,AXSBRL,38.1,39.3,37.0,38.6,8436.89,322265.22,468
1668556800000,2022-11-16,AXSBRL,38.0,38.5,36.6,37.9,7376.61,277804.607,510
1668470400000,2022-11-15,AXSBRL,38.4,39.1,37.2,38.1,7751.15,298113.778,520
1668384000000,2022-11-14,AXSBRL,36.6,40.0,35.7,38.5,81224.35,3092648.729,2434
1668297600000,2022-11-13,AXSBRL,34.3,77.0,32.9,36.7,177957.27,7198518.747,4464
1668211200000,2022-11-12,AXSBRL,37.4,37.5,34.0,34.0,14773.42,520359.017,569
1668124800000,2022-11-11,AXSBRL,39.3,43.8,35.5,37.4,236498.88,9688551.355,1476
1668038400000,2022-11-10,AXSBRL,31.6,42.5,31.5,39.3,23328.06,874175.872,1014
1667952000000,2022-11-09,AXSBRL,41.6,44.0,30.4,31.6,93810.55,3815149.463,1570
1667865600000,2022-11-08,AXSBRL,50.8,54.0,32.3,41.5,38153.34,1736078.414,915
1667779200000,2022-11-07,AXSBRL,50.3,60.1,48.6,50.5,50411.88,2791600.046,883
1667692800000,2022-11-06,AXSBRL,54.8,54.9,50.0,50.1,4619.8,246005.466,343
1667606400000,2022-11-05,AXSBRL,49.5,62.8,49.5,54.0,25744.37,1462361.941,1085
1667520000000,2022-11-04,AXSBRL,45.3,51.1,44.8,49.2,9529.74,455151.525,584
1667433600000,2022-11-03,AXSBRL,44.7,53.8,44.6,45.3,7707.05,364945.696,517
1667347200000,2022-11-02,AXSBRL,46.8,47.4,44.0,44.9,10852.51,493631.637,479
1667260800000,2022-11-01,AXSBRL,48.1,48.5,46.1,47.3,4179.77,199103.374,292
1667174400000,2022-10-31,AXSBRL,49.6,49.9,45.5,48.2,5217.32,251628.366,282
1667088000000,2022-10-30,AXSBRL,49.4,54.0,48.3,49.6,12646.3,641278.14,569
1667001600000,2022-10-29,AXSBRL,48.6,50.3,48.4,49.4,9982.38,493197.839,463
1666915200000,2022-10-28,AXSBRL,47.9,49.7,46.5,48.5,9080.69,432611.156,420
1666828800000,2022-10-27,AXSBRL,49.0,51.2,47.9,48.0,4814.66,236387.144,381
1666742400000,2022-10-26,AXSBRL,47.7,49.9,47.3,48.7,4825.74,234517.717,385
1666656000000,2022-10-25,AXSBRL,44.2,49.6,44.1,47.5,13401.98,637925.264,754
1666569600000,2022-10-24,AXSBRL,47.2,47.2,43.3,44.2,8549.45,382120.037,581
1666483200000,2022-10-23,AXSBRL,46.8,47.3,45.2,46.8,4073.27,188183.748,400
1666396800000,2022-10-22,AXSBRL,47.1,48.4,46.0,46.8,5151.66,242882.578,555
1666310400000,2022-10-21,AXSBRL,50.0,50.0,45.7,47.1,22782.76,1079209.677,1290
1666224000000,2022-10-20,AXSBRL,54.0,55.8,49.8,50.4,48094.85,2569064.353,814
1666137600000,2022-10-19,AXSBRL,57.5,58.0,53.5,53.9,118385.04,6634262.46,1133
1666051200000,2022-10-18,AXSBRL,59.4,59.6,57.0,57.7,2398.09,139584.751,212
1665964800000,2022-10-17,AXSBRL,58.6,59.3,57.6,59.0,3128.87,182936.949,248
1665878400000,2022-10-16,AXSBRL,58.9,61.5,57.7,58.6,4318.75,253157.286,305
1665792000000,2022-10-15,AXSBRL,57.8,59.0,57.2,57.5,2068.94,119931.273,243
1665705600000,2022-10-14,AXSBRL,58.4,60.9,56.6,57.8,6026.84,355282.542,333
1665619200000,2022-10-13,AXSBRL,61.2,61.2,54.0,58.4,6270.44,361359.637,505
1665532800000,2022-10-12,AXSBRL,60.9,62.8,60.2,61.2,3354.92,205517.768,271
1665446400000,2022-10-11,AXSBRL,62.0,62.9,60.2,60.9,6194.48,378865.68,445
1665360000000,2022-10-10,AXSBRL,65.0,67.3,62.4,62.5,6221.32,397619.795,421
1665273600000,2022-10-09,AXSBRL,64.8,66.9,64.5,64.9,4322.52,282756.017,265
1665187200000,2022-10-08,AXSBRL,65.4,66.8,64.2,65.0,3551.56,231991.013,302
1665100800000,2022-10-07,AXSBRL,66.8,67.4,64.1,65.2,5903.37,384109.767,393
1665014400000,2022-10-06,AXSBRL,66.9,68.5,66.4,66.7,3724.92,250774.481,333
1664928000000,2022-10-05,AXSBRL,67.8,67.9,65.8,66.7,1055.93,70213.479,187
1664841600000,2022-10-04,AXSBRL,66.3,68.3,65.4,67.5,1756.03,116700.169,235
1664755200000,2022-10-03,AXSBRL,65.0,67.2,64.2,65.6,1861.81,121354.84,229
1664668800000,2022-10-02,AXSBRL,67.7,67.8,65.0,65.6,4778.91,316847.689,220
1664582400000,2022-10-01,AXSBRL,67.8,68.9,67.2,67.8,1859.87,126485.969,304
1664496000000,2022-09-30,AXSBRL,68.4,72.1,67.1,67.7,4368.43,298037.759,1005
1664409600000,2022-09-29,AXSBRL,67.0,68.7,65.7,68.7,6087.14,405992.794,1421
1664323200000,2022-09-28,AXSBRL,66.3,70.0,63.7,66.9,7110.88,471702.5,1136
1664236800000,2022-09-27,AXSBRL,66.2,68.3,64.9,66.0,5127.59,343366.499,1066
1664150400000,2022-09-26,AXSBRL,64.7,66.4,63.4,66.4,4261.42,275665.22,905
1664064000000,2022-09-25,AXSBRL,66.4,67.7,64.1,64.6,4528.03,295455.068,565
1663977600000,2022-09-24,AXSBRL,69.3,71.7,65.5,66.5,10349.15,726215.274,571
1663891200000,2022-09-23,AXSBRL,63.6,70.8,63.4,68.5,14879.71,983736.846,1236
1663804800000,2022-09-22,AXSBRL,61.6,64.2,60.8,63.6,6593.96,412961.65,1098
1663718400000,2022-09-21,AXSBRL,64.4,66.8,60.8,61.6,12335.67,788457.989,518
1663632000000,2022-09-20,AXSBRL,64.5,66.6,62.8,64.3,7814.67,502044.051,440
1663545600000,2022-09-19,AXSBRL,63.8,65.5,60.3,63.8,7967.94,505187.043,475
1663459200000,2022-09-18,AXSBRL,69.5,70.0,63.0,63.6,4019.54,272612.949,346
1663372800000,2022-09-17,AXSBRL,67.6,70.1,67.5,69.4,1430.63,98095.926,220
1663286400000,2022-09-16,AXSBRL,66.5,68.1,65.6,67.7,2047.21,137363.651,310
1663200000000,2022-09-15,AXSBRL,69.1,69.2,65.0,66.8,14158.77,952019.701,615
1663113600000,2022-09-14,AXSBRL,68.4,69.7,67.0,69.2,2542.96,174691.329,331
1663027200000,2022-09-13,AXSBRL,72.5,73.8,68.0,68.7,6545.07,459959.802,493
1662940800000,2022-09-12,AXSBRL,74.8,77.7,72.2,72.5,6814.82,510602.647,426
1662854400000,2022-09-11,AXSBRL,76.3,76.4,73.0,75.2,7749.93,580064.016,436
1662768000000,2022-09-10,AXSBRL,75.9,77.0,74.1,76.0,7043.13,532791.023,359
1662681600000,2022-09-09,AXSBRL,72.5,82.0,72.0,76.3,9919.93,756445.528,778
1662595200000,2022-09-08,AXSBRL,71.0,73.7,69.8,72.0,4877.22,349064.366,457
1662508800000,2022-09-07,AXSBRL,69.0,72.3,67.9,71.0,4262.35,298134.653,409
1662422400000,2022-09-06,AXSBRL,73.8,75.4,68.2,69.0,7588.72,540683.816,590
1662336000000,2022-09-05,AXSBRL,75.9,76.9,71.4,74.0,3697.02,272882.791,350
1662249600000,2022-09-04,AXSBRL,79.2,79.6,74.8,75.7,5389.98,411201.227,379
1662163200000,2022-09-03,AXSBRL,72.9,81.0,72.5,78.9,9335.62,728383.73,628
1662076800000,2022-09-02,AXSBRL,73.3,75.0,71.4,72.7,4880.58,357099.108,369
1661990400000,2022-09-01,AXSBRL,73.1,75.0,70.4,73.4,7165.96,515789.462,452
1661904000000,2022-08-31,AXSBRL,71.4,75.4,71.4,73.1,6853.72,504693.339,461
1661817600000,2022-08-30,AXSBRL,70.1,73.0,66.9,71.4,2674.31,187681.354,368
1661731200000,2022-08-29,AXSBRL,67.6,70.7,66.9,70.4,2875.15,196978.779,326
1661644800000,2022-08-28,AXSBRL,70.6,71.5,67.2,67.5,1056.84,74131.185,235
1661558400000,2022-08-27,AXSBRL,67.3,71.1,66.5,70.5,4331.32,299230.268,397
1661472000000,2022-08-26,AXSBRL,74.9,76.5,67.0,67.6,4031.15,291184.993,465
1661385600000,2022-08-25,AXSBRL,74.7,76.5,73.9,75.5,2581.74,194730.534,271
1661299200000,2022-08-24,AXSBRL,75.4,76.7,73.0,74.7,2272.46,171229.886,269
1661212800000,2022-08-23,AXSBRL,73.9,76.2,71.3,75.3,2773.13,206398.085,352
1661126400000,2022-08-22,AXSBRL,75.5,75.5,70.6,73.7,3525.73,254711.267,358
1661040000000,2022-08-21,AXSBRL,73.8,76.5,72.9,75.5,3275.41,245212.606,330
1660953600000,2022-08-20,AXSBRL,74.1,76.6,71.5,73.9,2951.8,220718.419,380
1660867200000,2022-08-19,AXSBRL,83.8,83.8,72.7,74.0,9516.35,739766.133,841
1660780800000,2022-08-18,AXSBRL,88.1,89.0,82.5,84.0,3037.12,266052.5,426
1660694400000,2022-08-17,AXSBRL,92.5,97.7,87.0,87.9,5119.21,463556.714,601
1660608000000,2022-08-16,AXSBRL,92.8,94.8,91.7,92.9,5254.27,488738.972,452
1660521600000,2022-08-15,AXSBRL,94.6,97.5,91.9,93.1,9826.17,920547.952,704
1660435200000,2022-08-14,AXSBRL,98.2,100.8,93.7,94.8,10298.71,1001196.033,612
1660348800000,2022-08-13,AXSBRL,95.1,101.2,94.6,98.1,9249.88,913954.557,768
1660262400000,2022-08-12,AXSBRL,95.3,97.2,92.7,94.7,8456.57,797833.559,494
1660176000000,2022-08-11,AXSBRL,94.6,96.8,93.0,95.3,5964.77,567874.912,554
1660089600000,2022-08-10,AXSBRL,90.1,94.9,88.3,94.3,5046.23,466098.609,547
1660003200000,2022-08-09,AXSBRL,95.7,96.3,89.4,90.6,6687.23,620256.127,697
1659916800000,2022-08-08,AXSBRL,95.9,99.3,95.0,95.7,3630.48,350838.859,501
1659830400000,2022-08-07,AXSBRL,93.4,98.4,92.1,96.2,5838.12,558328.205,513
1659744000000,2022-08-06,AXSBRL,95.8,95.8,93.0,93.5,1735.63,163798.14,298
1659657600000,2022-08-05,AXSBRL,92.8,97.1,92.4,95.5,4978.68,473862.858,447
1659571200000,2022-08-04,AXSBRL,91.2,96.0,90.5,92.8,6077.0,560858.711,504
1659484800000,2022-08-03,AXSBRL,91.4,95.0,82.2,91.2,7947.98,728927.95,633
1659398400000,2022-08-02,AXSBRL,92.3,93.2,86.5,91.1,3876.2,351469.952,505
1659312000000,2022-08-01,AXSBRL,94.0,95.9,90.1,92.8,6661.55,615590.368,606
1659225600000,2022-07-31,AXSBRL,98.9,99.4,93.7,94.1,2384.86,231441.563,421
1659139200000,2022-07-30,AXSBRL,95.1,107.3,95.1,99.3,6041.29,612372.257,812
1659052800000,2022-07-29,AXSBRL,89.7,101.1,89.6,95.0,12736.07,1216721.403,1200
1658966400000,2022-07-28,AXSBRL,88.1,91.3,84.7,89.6,8982.23,787673.079,693
1658880000000,2022-07-27,AXSBRL,81.7,89.4,79.3,88.5,9822.29,822857.389,608
1658793600000,2022-07-26,AXSBRL,82.5,87.7,77.9,81.8,7309.11,587370.721,645
1658707200000,2022-07-25,AXSBRL,95.0,98.6,82.7,82.9,8510.38,751348.874,768
1658620800000,2022-07-24,AXSBRL,101.0,104.0,93.9,94.8,7186.33,706538.376,798
1658534400000,2022-07-23,AXSBRL,85.1,101.0,83.8,100.1,13789.2,1305560.979,1270
1658448000000,2022-07-22,AXSBRL,87.1,90.8,83.3,84.8,7399.67,637112.685,610
1658361600000,2022-07-21,AXSBRL,85.3,88.2,80.3,86.9,6831.5,580375.216,665
1658275200000,2022-07-20,AXSBRL,91.6,95.2,84.7,86.0,12821.27,1154220.965,1115
1658188800000,2022-07-19,AXSBRL,89.5,96.8,86.0,91.2,17249.22,1572619.873,1402
1658102400000,2022-07-18,AXSBRL,78.7,89.5,77.2,89.1,16858.98,1412003.609,1175
1658016000000,2022-07-17,AXSBRL,78.2,81.5,76.3,78.8,11935.52,935813.439,732
1657929600000,2022-07-16,AXSBRL,75.6,78.5,73.8,78.1,6508.91,493112.556,604
1657843200000,2022-07-15,AXSBRL,76.0,77.5,74.4,75.7,9785.63,742819.708,698
1657756800000,2022-07-14,AXSBRL,72.8,76.2,70.4,75.8,21131.21,1545456.042,1021
1657670400000,2022-07-13,AXSBRL,70.0,73.7,67.0,72.4,13548.39,954877.292,848
1657584000000,2022-07-12,AXSBRL,73.0,73.5,69.9,70.0,16055.51,1150738.164,930
1657497600000,2022-07-11,AXSBRL,76.2,78.0,71.5,72.7,14354.94,1070546.291,767
1657411200000,2022-07-10,AXSBRL,80.2,80.4,75.4,76.6,7301.98,566097.007,561
1657324800000,2022-07-09,AXSBRL,80.2,84.4,78.6,80.5,5922.47,479842.313,487
1657238400000,2022-07-08,AXSBRL,82.4,84.6,78.0,78.7,13655.25,1095792.97,810
1657152000000,2022-07-07,AXSBRL,80.4,85.0,79.0,82.4,12431.42,1014961.899,856
1657065600000,2022-07-06,AXSBRL,77.8,81.5,75.8,80.4,7154.63,566908.802,597
1656979200000,2022-07-05,AXSBRL,79.8,82.5,75.0,78.0,7161.12,567389.998,548
1656892800000,2022-07-04,AXSBRL,76.0,80.2,73.4,79.8,2997.4,230361.951,364
1656806400000,2022-07-03,AXSBRL,74.2,77.9,72.5,75.9,3069.72,233978.067,223
1656720000000,2022-07-02,AXSBRL,75.0,75.3,72.1,74.2,3012.17,222183.013,272
1656633600000,2022-07-01,AXSBRL,77.1,78.7,72.1,74.5,6624.61,501879.66,482
1656547200000,2022-06-30,AXSBRL,75.1,77.2,68.6,77.0,8539.71,616782.781,585
1656460800000,2022-06-29,AXSBRL,80.9,83.2,74.2,74.8,9953.23,777042.081,677
1656374400000,2022-06-28,AXSBRL,84.0,87.9,80.1,80.6,8877.36,730235.976,576
1656288000000,2022-06-27,AXSBRL,86.2,88.7,81.3,83.2,4440.24,375736.604,406
1656201600000,2022-06-26,AXSBRL,92.9,94.3,85.0,85.1,4680.32,424243.06,512
1656115200000,2022-06-25,AXSBRL,88.2,97.1,88.2,93.6,8085.88,757392.113,752
1656028800000,2022-06-24,AXSBRL,77.7,93.0,77.5,90.0,13524.62,1179728.409,1050
1655942400000,2022-06-23,AXSBRL,73.0,77.5,73.0,77.1,5034.34,380966.881,505
1655856000000,2022-06-22,AXSBRL,76.1,77.6,71.6,73.0,11193.02,832038.869,777
1655769600000,2022-06-21,AXSBRL,75.2,82.6,73.2,77.1,11159.71,869127.742,883
1655683200000,2022-06-20,AXSBRL,71.4,78.0,67.6,75.5,12520.07,914666.06,1004
1655596800000,2022-06-19,AXSBRL,67.0,84.7,64.6,71.3,11286.86,791654.383,787
1655510400000,2022-06-18,AXSBRL,71.8,72.9,61.7,67.3,10234.02,683521.827,795
1655424000000,2022-06-17,AXSBRL,69.6,72.7,69.3,72.0,5977.93,426802.587,580
1655337600000,2022-06-16,AXSBRL,80.4,84.1,68.2,69.9,112144.73,9160102.863,1534
1655251200000,2022-06-15,AXSBRL,72.5,80.6,65.1,80.4,13957.31,1004518.695,1008
1655164800000,2022-06-14,AXSBRL,69.1,79.0,64.0,72.9,15141.56,1100752.896,1041
1655078400000,2022-06-13,AXSBRL,72.9,73.4,62.5,69.1,17331.41,1164374.449,1408
1654992000000,2022-06-12,AXSBRL,81.4,82.8,73.0,73.0,12832.38,992897.96,1232
1654905600000,2022-06-11,AXSBRL,90.5,94.4,80.4,82.0,10299.42,884235.785,1020
1654819200000,2022-06-10,AXSBRL,95.6,96.6,89.0,90.3,8062.35,745887.535,883
1654732800000,2022-06-09,AXSBRL,95.6,98.1,94.8,95.5,4000.58,383693.908,487
1654646400000,2022-06-08,AXSBRL,95.9,97.8,93.3,95.8,5131.53,492173.339,647
1654560000000,2022-06-07,AXSBRL,99.0,99.0,92.4,96.1,12133.87,1159454.709,1207
1654473600000,2022-06-06,AXSBRL,96.5,109.0,96.1,99.7,14117.86,1420629.049,1269
1654387200000,2022-06-05,AXSBRL,98.7,99.1,95.2,96.5,4528.76,436861.785,556
1654300800000,2022-06-04,AXSBRL,98.0,101.3,96.3,98.9,8031.52,792275.794,759
1654214400000,2022-06-03,AXSBRL,101.1,103.5,93.7,95.7,9011.82,879832.404,932
1654128000000,2022-06-02,AXSBRL,100.6,103.2,95.0,101.1,13243.06,1306719.212,1260
1654041600000,2022-06-01,AXSBRL,113.8,113.8,98.9,101.2,8945.15,943252.462,1280
1653955200000,2022-05-31,AXSBRL,115.1,134.7,107.6,113.6,25625.09,3150107.894,2724
1653868800000,2022-05-30,AXSBRL,88.0,117.0,87.0,114.8,13462.82,1414379.545,1291
1653782400000,2022-05-29,AXSBRL,88.5,88.8,84.3,87.7,4817.28,416034.405,556
1653696000000,2022-05-28,AXSBRL,87.0,89.8,85.1,88.8,3211.29,281659.578,457
1653609600000,2022-05-27,AXSBRL,93.9,95.4,85.2,86.9,6140.62,544286.594,698
1653523200000,2022-05-26,AXSBRL,101.7,105.8,90.1,94.4,10329.25,1006689.885,890
1653436800000,2022-05-25,AXSBRL,102.9,104.1,98.5,101.3,3770.22,378884.747,495
1653350400000,2022-05-24,AXSBRL,102.1,104.2,96.6,102.8,5668.48,573680.835,895
1653264000000,2022-05-23,AXSBRL,106.0,115.4,100.7,101.3,10025.54,1098653.76,1015
1653177600000,2022-05-22,AXSBRL,103.8,107.0,101.5,106.6,4707.86,493830.925,558
1653091200000,2022-05-21,AXSBRL,101.9,104.9,99.4,103.8,3824.37,389695.948,506
1653004800000,2022-05-20,AXSBRL,107.9,109.3,99.0,101.9,8410.39,873405.959,1032
1652918400000,2022-05-19,AXSBRL,109.3,110.5,98.5,107.8,10727.8,1114406.719,1150
1652832000000,2022-05-18,AXSBRL,105.2,112.0,100.8,107.6,16652.66,1782358.067,1291
1652745600000,2022-05-17,AXSBRL,99.3,109.4,99.0,105.8,22343.27,2339722.762,1371
1652659200000,2022-05-16,AXSBRL,117.1,120.9,98.0,99.3,17449.16,1858599.894,1219
1652572800000,2022-05-15,AXSBRL,105.7,118.5,102.9,118.5,12314.8,1355434.332,1292
1652486400000,2022-05-14,AXSBRL,102.8,108.9,97.6,106.2,27372.8,2790159.146,1608
1652400000000,2022-05-13,AXSBRL,98.9,127.0,98.2,102.6,16526.28,1818296.077,1499
1652313600000,2022-05-12,AXSBRL,98.3,125.0,88.5,98.9,14448.99,1472872.06,1413
1652227200000,2022-05-11,AXSBRL,125.3,130.1,79.5,98.3,17842.83,1971237.598,1583
1652140800000,2022-05-10,AXSBRL,131.6,147.3,121.4,125.4,11321.34,1515234.429,1048
1652054400000,2022-05-09,AXSBRL,156.2,161.0,126.7,126.7,12861.88,1876958.49,1149
1651968000000,2022-05-08,AXSBRL,147.3,161.0,142.0,154.7,11948.0,1825388.234,1039
1651881600000,2022-05-07,AXSBRL,146.0,150.5,140.7,146.8,4984.89,728544.528,558
1651795200000,2022-05-06,AXSBRL,145.4,147.2,139.7,145.2,5873.23,841948.094,685
1651708800000,2022-05-05,AXSBRL,164.6,173.5,142.0,146.5,10131.54,1596064.837,1189
1651622400000,2022-05-04,AXSBRL,145.0,174.7,140.2,164.2,10142.16,1534655.105,1006
1651536000000,2022-05-03,AXSBRL,152.5,155.6,143.4,144.9,7354.79,1105106.357,725
1651449600000,2022-05-02,AXSBRL,159.4,161.1,145.0,152.5,7522.16,1155747.906,1004
1651363200000,2022-05-01,AXSBRL,146.5,162.4,140.0,158.7,10958.31,1684207.406,1263
1651276800000,2022-04-30,AXSBRL,171.8,178.4,133.0,147.0,11804.25,1899603.857,1442
1651190400000,2022-04-29,AXSBRL,189.4,192.0,165.9,171.9,13013.79,2274275.834,1594
1651104000000,2022-04-28,AXSBRL,193.2,199.5,187.0,189.2,7849.55,1508450.985,1207
1651017600000,2022-04-27,AXSBRL,194.7,201.0,185.4,193.3,10511.63,2025200.94,1210
1650931200000,2022-04-26,AXSBRL,210.0,212.5,190.9,194.8,7045.27,1417288.045,1425
1650844800000,2022-04-25,AXSBRL,214.3,214.9,193.1,210.4,8255.61,1677755.523,1458
1650758400000,2022-04-24,AXSBRL,218.8,221.6,213.8,214.3,7365.5,1609682.098,726
1650672000000,2022-04-23,AXSBRL,221.6,222.5,216.3,217.7,1958.95,431946.049,564
1650585600000,2022-04-22,AXSBRL,209.7,226.0,209.7,222.2,22848.23,5063825.581,1437
1650499200000,2022-04-21,AXSBRL,215.3,223.1,207.0,210.1,2854.93,619207.889,845
1650412800000,2022-04-20,AXSBRL,221.8,227.2,211.0,214.5,4661.92,1021301.009,1043
1650326400000,2022-04-19,AXSBRL,216.5,225.0,212.5,222.8,3520.69,775952.672,872
1650240000000,2022-04-18,AXSBRL,215.8,218.6,204.6,216.6,6601.64,1390878.898,1176
1650153600000,2022-04-17,AXSBRL,224.6,227.1,214.5,215.8,1895.31,422604.001,456
1650067200000,2022-04-16,AXSBRL,227.6,230.2,221.5,224.7,1680.89,379796.206,495
1649980800000,2022-04-15,AXSBRL,222.0,237.0,222.0,227.6,2058.88,467243.318,610
1649894400000,2022-04-14,AXSBRL,228.6,239.0,216.9,221.3,3705.71,840012.123,853
1649808000000,2022-04-13,AXSBRL,223.3,230.8,219.3,228.7,4509.05,1017921.035,1007
1649721600000,2022-04-12,AXSBRL,214.5,230.8,213.3,222.6,5770.03,1274689.424,1343
1649635200000,2022-04-11,AXSBRL,232.9,232.9,209.0,213.4,7526.0,1642853.83,1583
1649548800000,2022-04-10,AXSBRL,245.1,247.0,232.0,232.0,3332.22,800517.863,817
1649462400000,2022-04-09,AXSBRL,241.0,249.5,240.1,245.9,3203.97,781582.413,668
1649376000000,2022-04-08,AXSBRL,262.4,264.8,237.6,241.0,5857.24,1484167.579,1398
1649289600000,2022-04-07,AXSBRL,254.0,265.4,248.3,262.4,8014.64,2069732.4,1600
1649203200000,2022-04-06,AXSBRL,288.5,295.1,252.1,254.5,10250.82,2792580.159,3186
1649116800000,2022-04-05,AXSBRL,296.7,302.1,288.0,288.4,5763.36,1691647.505,1622
1649030400000,2022-04-04,AXSBRL,312.9,315.7,285.8,296.7,9208.13,2759100.574,1908
1648944000000,2022-04-03,AXSBRL,307.3,321.9,301.6,312.9,6730.57,2104052.212,1694
1648857600000,2022-04-02,AXSBRL,311.6,355.0,301.6,306.7,12145.46,4021992.599,3339
1648771200000,2022-04-01,AXSBRL,304.4,316.8,288.8,311.0,6385.0,1931266.592,1862
1648684800000,2022-03-31,AXSBRL,309.5,329.5,295.3,303.9,7812.56,2423567.928,2273
1648598400000,2022-03-30,AXSBRL,308.6,319.5,297.3,309.7,7381.14,2285985.856,1677
1648512000000,2022-03-29,AXSBRL,317.3,339.3,303.0,308.6,11515.24,3684842.102,2299
1648425600000,2022-03-28,AXSBRL,324.9,385.0,315.0,317.3,14469.26,4823224.227,2303
1648339200000,2022-03-27,AXSBRL,320.5,326.1,308.9,325.6,4708.43,1497485.86,1098
1648252800000,2022-03-26,AXSBRL,342.8,349.1,318.2,320.7,6147.69,2010152.393,1147
1648166400000,2022-03-25,AXSBRL,340.0,361.2,317.8,343.7,14792.52,5114280.468,2945
1648080000000,2022-03-24,AXSBRL,284.0,350.0,284.0,339.9,10730.59,3396658.077,3116
1647993600000,2022-03-23,AXSBRL,259.0,285.3,251.7,282.9,4528.68,1217220.262,1025
1647907200000,2022-03-22,AXSBRL,249.4,265.2,247.8,258.0,71621.79,18553947.603,1744
1647820800000,2022-03-21,AXSBRL,251.9,262.1,247.6,249.7,142870.96,36302524.038,2740
1647734400000,2022-03-20,AXSBRL,262.2,265.0,248.6,251.7,1685.89,434287.915,591
1647648000000,2022-03-19,AXSBRL,254.8,274.9,253.2,262.0,3056.49,800992.225,755
1647561600000,2022-03-18,AXSBRL,253.8,259.4,245.7,254.8,2391.79,602670.38,718
1647475200000,2022-03-17,AXSBRL,256.0,264.5,251.3,254.5,3048.16,782422.831,875
1647388800000,2022-03-16,AXSBRL,241.4,267.9,237.9,255.8,4759.56,1187831.323,1114
1647302400000,2022-03-15,AXSBRL,244.9,250.1,235.5,241.4,2844.98,687724.905,828
1647216000000,2022-03-14,AXSBRL,230.8,246.5,228.0,243.7,3260.11,781884.19,841
1647129600000,2022-03-13,AXSBRL,236.8,244.4,229.6,231.5,1521.9,360432.813,589
1647043200000,2022-03-12,AXSBRL,233.3,250.0,233.3,237.1,40063.92,9644393.646,978
1646956800000,2022-03-11,AXSBRL,236.0,243.0,228.3,233.0,54845.24,12824050.713,1042
1646870400000,2022-03-10,AXSBRL,245.5,247.0,227.3,237.2,2119.67,499364.948,782
1646784000000,2022-03-09,AXSBRL,236.8,251.0,236.2,245.5,3410.9,831910.331,831
1646697600000,2022-03-08,AXSBRL,237.3,243.9,234.2,235.3,2554.94,608467.822,671
1646611200000,2022-03-07,AXSBRL,249.3,255.0,227.2,237.1,4363.8,1058397.777,1087
1646524800000,2022-03-06,AXSBRL,265.0,267.8,248.4,249.3,1130.4,289720.052,574
1646438400000,2022-03-05,AXSBRL,254.4,271.2,249.5,265.9,2928.29,758014.011,851
1646352000000,2022-03-04,AXSBRL,269.6,270.9,250.5,254.1,3510.89,915204.475,1888
1646265600000,2022-03-03,AXSBRL,285.5,286.1,263.8,269.3,3895.88,1068249.533,1765
1646179200000,2022-03-02,AXSBRL,294.7,304.0,279.5,284.6,5501.16,1588592.966,2230
1646092800000,2022-03-01,AXSBRL,279.8,317.1,273.3,294.5,6845.07,1993210.81,2179
1646006400000,2022-02-28,AXSBRL,249.5,296.3,246.0,281.2,3071.98,822234.827,928
1645920000000,2022-02-27,AXSBRL,262.0,270.0,243.9,250.0,2407.4,612303.633,769
1645833600000,2022-02-26,AXSBRL,266.1,274.0,259.7,260.6,2424.92,644908.064,755
1645747200000,2022-02-25,AXSBRL,252.2,270.8,238.8,266.1,4516.71,1155889.821,1185
1645660800000,2022-02-24,AXSBRL,245.1,259.0,211.2,251.9,9539.13,2196030.729,1779
1645574400000,2022-02-23,AXSBRL,261.7,271.7,245.3,245.6,3427.08,888223.763,990
1645488000000,2022-02-22,AXSBRL,244.9,262.5,236.2,260.2,4043.31,1010298.069,1120
1645401600000,2022-02-21,AXSBRL,271.2,290.0,242.2,244.9,3770.7,1001686.325,1248
1645315200000,2022-02-20,AXSBRL,283.4,287.2,258.1,271.2,2015.79,547985.961,741
1645228800000,2022-02-19,AXSBRL,288.4,295.0,278.0,285.0,1265.79,361542.938,575
1645142400000,2022-02-18,AXSBRL,293.4,302.9,278.3,288.8,2513.1,727789.762,882
1645056000000,2022-02-17,AXSBRL,327.9,333.0,289.6,293.4,3031.36,921545.568,1176
1644969600000,2022-02-16,AXSBRL,327.1,343.5,321.4,326.7,2719.35,901099.041,1129
1644883200000,2022-02-15,AXSBRL,299.2,332.5,298.0,328.0,2781.06,881349.87,1140
1644796800000,2022-02-14,AXSBRL,308.0,312.2,289.4,298.9,1790.04,536505.226,816
1644710400000,2022-02-13,AXSBRL,313.0,321.0,302.0,308.4,962.59,300646.557,622
1644624000000,2022-02-12,AXSBRL,310.2,325.9,300.3,313.0,1957.43,615776.429,796
1644537600000,2022-02-11,AXSBRL,331.5,343.7,300.4,308.9,2716.47,886064.088,1214
1644451200000,2022-02-10,AXSBRL,356.9,359.9,329.9,334.0,4587.35,1585086.946,1494
1644364800000,2022-02-09,AXSBRL,355.3,360.5,334.4,357.2,4414.38,1539968.938,1500
1644278400000,2022-02-08,AXSBRL,363.3,367.0,331.7,353.5,5331.16,1865866.176,2002
1644192000000,2022-02-07,AXSBRL,366.5,386.7,357.7,363.1,11455.98,4214755.608,2588
1644105600000,2022-02-06,AXSBRL,305.3,390.0,305.3,365.6,11862.01,4070898.675,2233
1644019200000,2022-02-05,AXSBRL,272.3,318.6,272.1,305.3,8962.71,2694185.278,1589
1643932800000,2022-02-04,AXSBRL,257.1,277.0,253.9,275.3,3753.7,984734.386,1013
1643846400000,2022-02-03,AXSBRL,261.9,262.2,245.2,258.3,2675.0,677072.546,955
1643760000000,2022-02-02,AXSBRL,284.0,291.6,257.0,261.6,2818.45,777846.711,1095
1643673600000,2022-02-01,AXSBRL,278.7,292.2,277.3,284.4,2523.48,716295.208,918
1643587200000,2022-01-31,AXSBRL,290.5,296.6,271.5,278.7,2434.63,677049.1,882
1643500800000,2022-01-30,AXSBRL,268.3,304.0,266.8,289.4,3481.89,1010655.424,1057
1643414400000,2022-01-29,AXSBRL,253.9,271.0,250.0,268.3,2026.08,531573.424,785
1643328000000,2022-01-28,AXSBRL,258.4,263.0,241.5,251.4,2872.82,716343.704,963
1643241600000,2022-01-27,AXSBRL,272.2,278.1,244.9,258.6,3891.45,1025289.319,1239
1643155200000,2022-01-26,AXSBRL,279.0,303.3,267.4,272.2,4142.34,1186634.223,1329
1643068800000,2022-01-25,AXSBRL,284.0,288.0,274.0,280.0,1956.73,549046.972,982
1642982400000,2022-01-24,AXSBRL,301.9,302.0,245.3,284.0,5584.44,1486889.229,2155
1642896000000,2022-01-23,AXSBRL,276.5,302.2,274.5,302.2,2825.11,814147.49,1379
1642809600000,2022-01-22,AXSBRL,322.2,327.3,263.8,277.0,5588.97,1597728.678,2712
1642723200000,2022-01-21,AXSBRL,378.7,379.7,313.5,323.2,6538.04,2282542.159,3103
1642636800000,2022-01-20,AXSBRL,396.0,413.4,377.5,378.7,3363.52,1348428.8,1651
1642550400000,2022-01-19,AXSBRL,414.4,415.4,393.7,394.9,2904.68,1166957.402,1570
1642464000000,2022-01-18,AXSBRL,426.1,430.1,402.4,414.5,3089.07,1268987.422,1555
1642377600000,2022-01-17,AXSBRL,448.7,464.3,418.4,425.9,2020.17,888810.101,1480
1642291200000,2022-01-16,AXSBRL,422.0,461.7,416.9,448.6,2321.97,1030119.981,1318
1642204800000,2022-01-15,AXSBRL,413.1,425.8,407.9,422.0,1267.52,528103.072,897
1642118400000,2022-01-14,AXSBRL,411.6,421.7,394.4,409.8,1932.48,788538.428,1259
1642032000000,2022-01-13,AXSBRL,436.6,439.2,402.8,407.3,2845.11,1199973.489,1455
1641945600000,2022-01-12,AXSBRL,410.0,444.0,406.3,436.6,2678.91,1144332.763,1579
1641859200000,2022-01-11,AXSBRL,390.7,414.9,386.2,410.0,3201.63,1285561.239,1533
1641772800000,2022-01-10,AXSBRL,411.0,416.5,373.6,390.7,2577.08,1017466.085,1654
1641686400000,2022-01-09,AXSBRL,401.2,422.9,393.7,410.8,2306.62,949380.675,1329
1641600000000,2022-01-08,AXSBRL,418.7,430.9,385.8,400.9,2317.93,949166.857,1791
1641513600000,2022-01-07,AXSBRL,454.5,462.0,403.0,418.8,5178.21,2193744.907,2857
1641427200000,2022-01-06,AXSBRL,461.6,467.8,437.0,454.5,5523.58,2493598.449,3052
1641340800000,2022-01-05,AXSBRL,533.0,541.6,436.6,464.3,6556.62,3269822.079,3501
1641254400000,2022-01-04,AXSBRL,537.8,555.0,528.0,530.4,2872.44,1554772.395,2011
1641168000000,2022-01-03,AXSBRL,543.4,557.1,525.3,537.8,2914.54,1579524.787,1974
1641081600000,2022-01-02,AXSBRL,531.0,545.0,526.3,543.6,1418.4,760826.094,1000
1640995200000,2022-01-01,AXSBRL,530.0,535.9,515.0,529.4,1257.92,660639.707,904
1640908800000,2021-12-31,AXSBRL,536.4,550.0,514.8,525.4,2794.35,1489954.394,1645
1640822400000,2021-12-30,AXSBRL,537.6,553.7,525.0,536.4,4110.28,2222649.462,1849
1640736000000,2021-12-29,AXSBRL,567.7,571.8,530.0,537.6,2987.53,1649113.299,2114
1640649600000,2021-12-28,AXSBRL,608.9,612.1,563.2,566.4,4112.72,2412880.876,2648
1640563200000,2021-12-27,AXSBRL,613.9,635.5,607.1,609.6,5272.48,3289787.265,2649
1640476800000,2021-12-26,AXSBRL,624.8,624.8,604.0,613.9,2179.15,1337300.367,1573
1640390400000,2021-12-25,AXSBRL,597.0,631.3,592.8,626.1,2500.54,1544363.945,1518
1640304000000,2021-12-24,AXSBRL,612.7,628.8,591.3,597.2,6569.44,4042728.709,2559
1640217600000,2021-12-23,AXSBRL,578.1,615.0,568.3,612.7,3790.15,2245469.048,2371
1640131200000,2021-12-22,AXSBRL,559.2,596.9,550.0,580.7,4592.47,2611296.508,2589
1640044800000,2021-12-21,AXSBRL,533.2,562.2,528.7,559.2,3130.91,1718729.126,2090
1639958400000,2021-12-20,AXSBRL,546.3,549.2,513.1,533.1,3442.38,1804939.506,1738
1639872000000,2021-12-19,AXSBRL,549.8,562.0,540.1,546.3,1328.4,729779.716,1066
1639785600000,2021-12-18,AXSBRL,537.6,554.8,528.1,550.4,1942.15,1061539.94,1157
1639699200000,2021-12-17,AXSBRL,561.8,569.6,507.2,540.5,3431.12,1866063.742,1976
1639612800000,2021-12-16,AXSBRL,579.7,596.9,558.1,561.5,2098.17,1214286.594,1605
1639526400000,2021-12-15,AXSBRL,549.6,590.9,528.1,579.7,5065.62,2815352.047,2352
1639440000000,2021-12-14,AXSBRL,531.0,556.1,526.2,550.0,2573.62,1397161.636,1548
1639353600000,2021-12-13,AXSBRL,589.6,593.4,520.1,533.0,3600.95,1998010.92,1964
1639267200000,2021-12-12,AXSBRL,583.8,599.7,570.0,590.4,1340.46,784174.758,1116
1639180800000,2021-12-11,AXSBRL,551.5,589.0,541.9,584.0,2127.44,1219523.872,1242
1639094400000,2021-12-10,AXSBRL,585.3,603.1,553.0,553.0,2700.54,1561950.675,1735
1639008000000,2021-12-09,AXSBRL,634.0,645.5,581.0,585.3,2600.24,1592193.215,1860
1638921600000,2021-12-08,AXSBRL,598.1,698.9,593.2,634.0,5221.61,3298014.201,2937
1638835200000,2021-12-07,AXSBRL,610.5,633.4,588.2,595.3,2776.07,1708560.911,2005
1638748800000,2021-12-06,AXSBRL,617.8,617.8,545.9,608.1,7129.38,4145652.174,3362
1638662400000,2021-12-05,AXSBRL,679.5,698.0,600.8,617.8,3511.23,2263288.451,2337
1638576000000,2021-12-04,AXSBRL,730.9,734.4,575.1,679.5,8270.53,5430993.251,5724
1638489600000,2021-12-03,AXSBRL,771.6,811.4,723.9,730.4,7009.35,5467064.51,3424
1638403200000,2021-12-02,AXSBRL,773.7,779.0,754.0,771.5,3728.76,2858849.565,2161
1638316800000,2021-12-01,AXSBRL,779.7,810.5,744.1,773.7,5298.01,4174742.498,3206
1638230400000,2021-11-30,AXSBRL,763.6,810.0,746.3,777.5,4627.52,3580985.391,3064
1638144000000,2021-11-29,AXSBRL,755.0,776.8,730.0,763.6,3833.73,2920383.723,2407
1638057600000,2021-11-28,AXSBRL,725.9,765.3,703.2,755.0,2719.04,1986509.248,2115
1637971200000,2021-11-27,AXSBRL,712.6,738.1,708.9,725.9,2015.13,1468553.191,1628
1637884800000,2021-11-26,AXSBRL,784.5,793.1,702.9,712.8,9334.58,6790100.578,4887
1637798400000,2021-11-25,AXSBRL,795.4,819.5,776.3,783.5,6062.12,4824453.826,3886
1637712000000,2021-11-24,AXSBRL,773.0,818.0,752.0,796.9,9694.53,7692315.922,5293
1637625600000,2021-11-23,AXSBRL,727.7,787.1,720.0,772.4,5620.04,4265128.711,3711
1637539200000,2021-11-22,AXSBRL,742.1,747.3,717.1,727.5,4179.95,3065823.722,2688
1637452800000,2021-11-21,AXSBRL,751.7,805.5,730.0,741.9,4330.26,3366016.769,2629
1637366400000,2021-11-20,AXSBRL,745.5,754.9,718.9,751.7,2793.28,2058938.431,1928
1637280000000,2021-11-19,AXSBRL,700.1,750.0,690.5,745.8,4437.56,3239347.565,2774
1637193600000,2021-11-18,AXSBRL,755.3,766.2,674.0,700.7,4796.81,3475155.83,3294
1637107200000,2021-11-17,AXSBRL,744.4,778.2,730.4,755.3,3798.84,2861502.758,2668
1637020800000,2021-11-16,AXSBRL,786.3,790.6,682.3,746.0,5623.21,4160766.007,3938
1636934400000,2021-11-15,AXSBRL,785.5,806.9,780.4,786.8,2791.44,2205979.957,1761
1636848000000,2021-11-14,AXSBRL,793.7,812.3,775.3,785.1,2848.26,2246742.054,1749
1636761600000,2021-11-13,AXSBRL,795.0,819.2,785.7,791.4,3092.87,2478303.113,2037
1636675200000,2021-11-12,AXSBRL,802.3,813.9,752.7,796.3,4765.78,3767672.821,3148
1636588800000,2021-11-11,AXSBRL,794.0,823.2,778.6,803.0,5949.79,4786810.656,3007
1636502400000,2021-11-10,AXSBRL,835.0,852.4,750.2,793.3,11840.53,9712553.048,5566
1636416000000,2021-11-09,AXSBRL,856.1,861.0,810.0,835.0,11624.18,9765215.995,5346
1636329600000,2021-11-08,AXSBRL,900.5,900.5,841.3,856.2,14768.32,12675383.122,6265
1636243200000,2021-11-07,AXSBRL,884.1,924.1,866.2,899.7,9774.58,8743694.951,3719
1636156800000,2021-11-06,AXSBRL,853.9,932.0,830.0,883.8,18273.38,16160037.603,6195
1636070400000,2021-11-05,AXSBRL,822.1,875.0,805.0,851.0,16413.62,13820997.683,5690
1635984000000,2021-11-04,AXSBRL,797.1,922.1,797.1,822.8,28157.2,24039091.367,9777
1635897600000,2021-11-03,AXSBRL,800.0,811.0,771.5,793.4,9882.48,7805204.794,4284
1635811200000,2021-11-02,AXSBRL,784.1,817.9,778.0,802.4,7473.38,5980896.318,4446
1635724800000,2021-11-01,AXSBRL,789.8,791.0,751.5,784.3,8515.37,6612880.252,4221
1635638400000,2021-10-31,AXSBRL,836.7,855.5,756.3,789.4,16037.27,12850501.668,5712
1635552000000,2021-10-30,AXSBRL,816.5,895.1,799.2,839.8,21301.29,17971465.846,8658
1635465600000,2021-10-29,AXSBRL,719.4,935.3,716.0,815.0,55451.96,45805939.371,18542
1635379200000,2021-10-28,AXSBRL,685.0,734.3,682.4,718.8,16229.62,11544143.745,5482
1635292800000,2021-10-27,AXSBRL,725.0,744.0,676.6,685.0,20546.69,14384510.526,6987
1635206400000,2021-10-26,AXSBRL,737.8,773.2,715.0,725.0,14982.44,11225511.935,5855
1635120000000,2021-10-25,AXSBRL,697.8,799.9,696.3,737.8,16395.16,12322408.985,6281
1635033600000,2021-10-24,AXSBRL,714.8,726.7,685.4,699.0,5885.71,4140166.038,2747
1634947200000,2021-10-23,AXSBRL,739.8,760.1,703.0,714.0,7501.19,5440805.202,2976
1634860800000,2021-10-22,AXSBRL,679.0,757.7,667.1,740.0,17443.77,12497496.282,5771
1634774400000,2021-10-21,AXSBRL,715.5,750.0,658.0,678.7,17992.53,12699357.071,6407
1634688000000,2021-10-20,AXSBRL,682.8,727.0,674.5,714.5,10390.37,7297023.592,3956
1634601600000,2021-10-19,AXSBRL,679.0,687.0,666.3,681.9,6384.88,4333261.345,2500
1634515200000,2021-10-18,AXSBRL,687.6,689.6,662.4,677.9,7381.56,4968077.427,2800
1634428800000,2021-10-17,AXSBRL,687.7,715.0,673.0,685.4,5279.42,3651405.191,2075
1634342400000,2021-10-16,AXSBRL,693.4,716.7,672.5,691.7,5801.73,4028262.437,2789
1634256000000,2021-10-15,AXSBRL,758.9,811.1,686.0,693.2,23491.12,17161382.257,8011
1634169600000,2021-10-14,AXSBRL,676.0,799.9,666.7,757.9,23133.01,17278913.693,7815
1634083200000,2021-10-13,AXSBRL,683.0,696.3,660.0,676.0,5323.47,3590549.395,2995
1633996800000,2021-10-12,AXSBRL,652.8,707.9,636.0,682.5,12299.85,8394529.67,4452
1633910400000,2021-10-11,AXSBRL,645.0,675.0,622.0,650.0,5433.41,3543181.894,2408
1633824000000,2021-10-10,AXSBRL,699.6,701.3,639.1,645.0,5074.67,3416665.162,2130
1633737600000,2021-10-09,AXSBRL,698.0,732.0,689.0,700.1,6327.5,4475140.439,2513
1633651200000,2021-10-08,AXSBRL,687.5,769.5,663.0,702.6,15473.88,11020865.515,5344
1633564800000,2021-10-07,AXSBRL,694.5,719.1,664.2,687.3,11731.65,8122761.1,4650
1633478400000,2021-10-06,AXSBRL,707.6,780.0,655.0,694.5,26844.27,19265946.554,9212
1633392000000,2021-10-05,AXSBRL,728.8,788.7,690.4,707.6,19221.02,14159733.772,7506
1633305600000,2021-10-04,AXSBRL,736.0,832.0,706.0,731.0,35436.76,27163080.976,14093
1633219200000,2021-10-03,AXSBRL,580.2,747.2,556.1,736.0,34886.57,23011883.061,10702
1633132800000,2021-10-02,AXSBRL,590.5,644.4,569.0,580.2,24929.39,15130923.774,8745
1633046400000,2021-10-01,AXSBRL,405.3,668.5,402.2,591.3,52589.62,27191456.129,14025
1632960000000,2021-09-30,AXSBRL,378.7,429.1,377.1,406.2,8626.46,3499703.082,2944
1632873600000,2021-09-29,AXSBRL,377.5,408.0,370.4,378.4,6867.18,2676352.638,2319
1632787200000,2021-09-28,AXSBRL,345.6,397.8,335.0,377.3,8399.83,3124949.658,2348
1632700800000,2021-09-27,AXSBRL,342.9,360.2,338.8,345.3,3619.54,1270680.706,1001
1632614400000,2021-09-26,AXSBRL,352.1,352.7,315.0,342.9,2820.03,960203.4,995
1632528000000,2021-09-25,AXSBRL,368.0,371.8,348.0,352.6,1981.31,707813.534,823
1632441600000,2021-09-24,AXSBRL,360.0,379.3,340.5,367.1,8353.41,3032790.058,2490
1632355200000,2021-09-23,AXSBRL,328.1,370.1,326.4,359.5,8529.63,3017628.955,2522
1632268800000,2021-09-22,AXSBRL,269.7,342.8,264.0,329.6,12668.78,4016549.458,2866
1632182400000,2021-09-21,AXSBRL,295.9,305.3,256.8,269.4,10264.75,2941755.777,2050
1632096000000,2021-09-20,AXSBRL,338.5,338.5,275.4,295.2,7834.29,2388367.218,2257
1632009600000,2021-09-19,AXSBRL,352.7,355.0,335.9,338.5,3552.3,1221771.875,906
1631923200000,2021-09-18,AXSBRL,351.4,359.0,344.6,352.8,2003.68,704765.139,831
1631836800000,2021-09-17,AXSBRL,355.2,359.7,340.8,350.9,2019.8,710220.578,942
1631750400000,2021-09-16,AXSBRL,361.5,372.6,345.0,355.2,3989.59,1432370.025,1378
1631664000000,2021-09-15,AXSBRL,350.2,367.7,344.4,360.4,4590.86,1637426.797,1300
1631577600000,2021-09-14,AXSBRL,340.0,353.0,335.5,352.0,3902.5,1346067.248,1395
1631491200000,2021-09-13,AXSBRL,370.1,379.0,318.0,339.7,6044.38,2078798.572,1711
1631404800000,2021-09-12,AXSBRL,366.9,376.5,352.0,370.1,3497.01,1273012.797,1200
1631318400000,2021-09-11,AXSBRL,347.7,383.0,345.3,366.3,5788.85,2122118.479,1765
1631232000000,2021-09-10,AXSBRL,364.7,375.0,331.0,347.7,6014.87,2114848.679,2122
1631145600000,2021-09-09,AXSBRL,362.8,384.0,355.7,364.2,8832.5,3264204.195,2783
1631059200000,2021-09-08,AXSBRL,341.8,377.0,315.1,359.4,14872.58,5352653.535,3579
1630972800000,2021-09-07,AXSBRL,413.1,419.9,296.1,340.8,20364.47,7571378.416,5653
1630886400000,2021-09-06,AXSBRL,427.4,441.6,386.1,412.0,10747.38,4480733.117,3132
1630800000000,2021-09-05,AXSBRL,431.2,465.0,417.8,428.6,8977.31,3882446.571,3051
1630713600000,2021-09-04,AXSBRL,384.6,494.3,378.1,431.1,30261.12,13622009.996,7795
1630627200000,2021-09-03,AXSBRL,378.7,396.3,372.5,384.6,6442.66,2482081.077,2539
1630540800000,2021-09-02,AXSBRL,383.0,386.9,370.9,379.0,4680.39,1778194.453,1711
1630454400000,2021-09-01,AXSBRL,375.9,399.9,349.0,384.0,7694.44,2881119.758,2638
1630368000000,2021-08-31,AXSBRL,382.0,397.2,370.9,376.5,4225.53,1599452.955,2021
1630281600000,2021-08-30,AXSBRL,408.5,410.0,365.0,382.0,6088.2,2359555.354,2614
1630195200000,2021-08-29,AXSBRL,392.2,412.6,334.7,409.5,8337.48,3226156.656,2941
1630108800000,2021-08-28,AXSBRL,384.7,416.4,366.0,392.0,7350.01,2915721.783,2871
1630022400000,2021-08-27,AXSBRL,368.9,384.6,362.0,384.6,5511.5,2061815.873,2443
1629936000000,2021-08-26,AXSBRL,381.3,400.1,350.0,369.2,7544.27,2807540.856,3148
1629849600000,2021-08-25,AXSBRL,370.7,397.0,360.1,382.7,6989.74,2679273.627,3481
1629763200000,2021-08-24,AXSBRL,420.8,421.2,358.3,371.1,15519.66,6011266.659,4751
1629676800000,2021-08-23,AXSBRL,416.9,424.8,407.9,420.8,7464.39,3097977.412,3132
1629590400000,2021-08-22,AXSBRL,415.9,429.3,394.2,417.5,5399.73,2240867.445,3069
1629504000000,2021-08-21,AXSBRL,397.9,450.0,397.9,417.0,17365.71,7325178.293,6642
1629417600000,2021-08-20,AXSBRL,388.0,400.5,383.2,397.9,10728.21,4213551.141,3849
1629331200000,2021-08-19,AXSBRL,375.3,395.0,365.5,388.1,13960.5,5283106.098,4921
1629244800000,2021-08-18,AXSBRL,384.1,400.6,351.1,374.6,16489.55,6181756.076,12953
1629158400000,2021-08-17,AXSBRL,351.9,435.3,345.9,385.0,36649.59,14413841.41,20965
1629072000000,2021-08-16,AXSBRL,358.2,373.3,349.0,351.9,13671.81,4924616.624,9072
1628985600000,2021-08-15,AXSBRL,358.1,359.3,334.3,358.9,6915.35,2425058.51,5101
1628899200000,2021-08-14,AXSBRL,372.0,373.3,342.0,358.2,13184.62,4744674.022,8390
1628812800000,2021-08-13,AXSBRL,350.0,387.9,349.2,373.1,21810.17,8023297.891,6814
1628726400000,2021-08-12,AXSBRL,351.5,392.0,334.1,350.0,33255.5,12052532.264,12963
1628640000000,2021-08-11,AXSBRL,337.5,405.0,331.0,351.0,62471.99,22780883.708,14885
1628553600000,2021-08-10,AXSBRL,229.3,339.0,228.3,334.5,40794.37,12181991.01,7697
1628467200000,2021-08-09,AXSBRL,222.3,238.5,214.5,229.3,8680.1,1983938.279,1968
1628380800000,2021-08-08,AXSBRL,217.6,250.4,211.6,222.3,9862.56,2276926.658,2264
1628294400000,2021-08-07,AXSBRL,223.9,229.0,212.0,217.2,9027.15,1993670.493,1998
1628208000000,2021-08-06,AXSBRL,214.8,274.8,210.0,223.6,8660.05,1989031.065,2034
