Unix,Date,Symbol,Open,High,Low,Close,Volume WIN,Volume BRL,tradecount
1696032000000,2023-09-30,WINBRL,0.0003184,0.0003201,0.0003127,0.0003151,182192754.0,57601.8496274,316
1695945600000,2023-09-29,WINBRL,0.0003101,0.0003225,0.0003081,0.000319,1248660288.0,395978.8890763,1169
1695859200000,2023-09-28,WINBRL,0.0003078,0.0003118,0.000304,0.0003116,566905470.0,174760.816455,593
1695772800000,2023-09-27,WINBRL,0.0003055,0.0003123,0.000304,0.0003082,171242321.0,52727.9160264,516
1695686400000,2023-09-26,WINBRL,0.0003043,0.000308,0.0003011,0.0003076,61339224.0,18665.2098144,327
1695600000000,2023-09-25,WINBRL,0.0003032,0.0003066,0.0003005,0.0003028,17188378.0,5212.664234,122
1695513600000,2023-09-24,WINBRL,0.0003043,0.000307,0.0003011,0.0003011,35400767.0,10755.4389534,144
1695427200000,2023-09-23,WINBRL,0.0003023,0.0003106,0.0002993,0.000306,192461569.0,58847.8289235,460
1695340800000,2023-09-22,WINBRL,0.0003006,0.0003059,0.0002973,0.0003009,244966834.0,73881.1668142,390
1695254400000,2023-09-21,WINBRL,0.000305,0.0003058,0.0002969,0.0002994,102677525.0,30924.2624685,327
1695168000000,2023-09-20,WINBRL,0.0003073,0.0003096,0.0003015,0.0003029,206228186.0,62813.4078123,423
1695081600000,2023-09-19,WINBRL,0.0003014,0.0003099,0.0003002,0.0003082,66121933.0,20216.7994993,182
1694995200000,2023-09-18,WINBRL,0.0002983,0.0003039,0.0002952,0.0003002,218883160.0,65590.3988079,520
1694908800000,2023-09-17,WINBRL,0.0003013,0.0003013,0.0002953,0.000299,43047647.0,12880.1036368,243
1694822400000,2023-09-16,WINBRL,0.000301,0.000303,0.0002971,0.0003011,81119575.0,24407.2350857,324
1694736000000,2023-09-15,WINBRL,0.000299,0.000301,0.000295,0.000301,109826191.0,32710.0140842,360
1694649600000,2023-09-14,WINBRL,0.0002971,0.0003013,0.0002946,0.0002976,198202731.0,59085.2788356,475
1694563200000,2023-09-13,WINBRL,0.0002976,0.0003009,0.000295,0.0002971,245433432.0,73134.4487493,480
1694476800000,2023-09-12,WINBRL,0.0002979,0.0003145,0.0002961,0.0002976,327035460.0,98804.0623861,644
1694390400000,2023-09-11,WINBRL,0.0003079,0.0003079,0.000295,0.0002978,100406563.0,30053.6653082,367
1694304000000,2023-09-10,WINBRL,0.0003136,0.000315,0.0003051,0.0003067,83073280.0,25736.3249457,159
1694217600000,2023-09-09,WINBRL,0.000311,0.0003164,0.0003076,0.0003164,60288080.0,18692.3866606,156
1694131200000,2023-09-08,WINBRL,0.0003118,0.0003143,0.0003051,0.0003087,197042051.0,61048.6761718,314
1694044800000,2023-09-07,WINBRL,0.0003092,0.0003129,0.0003053,0.000311,164486914.0,50869.3474606,399
1693958400000,2023-09-06,WINBRL,0.0003055,0.0003093,0.000303,0.0003082,171067318.0,52350.0361716,586
1693872000000,2023-09-05,WINBRL,0.0003002,0.0003068,0.0003001,0.0003041,175264008.0,53352.4112834,507
1693785600000,2023-09-04,WINBRL,0.0003029,0.0003062,0.0003,0.0003026,71466533.0,21572.8812633,334
1693699200000,2023-09-03,WINBRL,0.000307,0.000308,0.0003028,0.0003038,35141339.0,10742.8085727,134
1693612800000,2023-09-02,WINBRL,0.000303,0.0003093,0.000302,0.000305,221220594.0,67767.2006168,310
1693526400000,2023-09-01,WINBRL,0.0003105,0.0003132,0.0003013,0.000303,195723398.0,60058.3933657,620
1693440000000,2023-08-31,WINBRL,0.0003064,0.0003115,0.000303,0.0003105,246485421.0,75580.9734015,590
1693353600000,2023-08-30,WINBRL,0.000309,0.0003098,0.0003028,0.0003048,109932964.0,33568.6280308,343
1693267200000,2023-08-29,WINBRL,0.000307,0.0003125,0.0003028,0.0003097,234999459.0,72624.5604365,377
1693180800000,2023-08-28,WINBRL,0.0003085,0.000309,0.0003031,0.0003044,159114069.0,48764.9401121,297
1693094400000,2023-08-27,WINBRL,0.0003044,0.00031,0.0003029,0.0003085,52170500.0,16006.0972922,280
1693008000000,2023-08-26,WINBRL,0.000304,0.0003115,0.0003028,0.0003042,121286233.0,37222.7972539,363
1692921600000,2023-08-25,WINBRL,0.0003042,0.0003061,0.0003011,0.0003039,61766933.0,18759.7466799,282
1692835200000,2023-08-24,WINBRL,0.00031,0.0003126,0.0003029,0.0003029,33673074.0,10388.2647793,219
1692748800000,2023-08-23,WINBRL,0.000311,0.0003156,0.0003088,0.0003117,27078234.0,8437.5411707,154
1692662400000,2023-08-22,WINBRL,0.0003124,0.000315,0.0003052,0.0003091,20546034.0,6370.608568,129
1692576000000,2023-08-21,WINBRL,0.0003224,0.0003228,0.0003094,0.0003134,139208258.0,44393.336139,156
1692489600000,2023-08-20,WINBRL,0.000318,0.000324,0.0003146,0.0003224,20826435.0,6654.1743683,136
1692403200000,2023-08-19,WINBRL,0.000313,0.0003182,0.0003097,0.0003146,25700180.0,8084.9580001,140
1692316800000,2023-08-18,WINBRL,0.000311,0.0003164,0.0003064,0.0003098,57753705.0,18003.8387012,161
1692230400000,2023-08-17,WINBRL,0.00032,0.000324,0.0003072,0.0003112,214037886.0,68500.8863601,226
1692144000000,2023-08-16,WINBRL,0.000336,0.000337,0.000318,0.00032,103381434.0,34036.638725,250
1692057600000,2023-08-15,WINBRL,0.000336,0.000342,0.000333,0.000335,210919302.0,70973.351089,262
1691971200000,2023-08-14,WINBRL,0.000333,0.000339,0.00033,0.000336,31236616.0,10463.331439,172
1691884800000,2023-08-13,WINBRL,0.000333,0.000335,0.000329,0.00033,19693663.0,6537.937506,140
1691798400000,2023-08-12,WINBRL,0.00033,0.000335,0.000328,0.000333,35657744.0,11816.329749,166
1691712000000,2023-08-11,WINBRL,0.000331,0.000332,0.000327,0.000329,30749383.0,10129.365836,192
1691625600000,2023-08-10,WINBRL,0.00033,0.000332,0.000325,0.000331,105037208.0,34572.398446,270
1691539200000,2023-08-09,WINBRL,0.000331,0.000331,0.000325,0.00033,53300928.0,17508.684734,182
1691452800000,2023-08-08,WINBRL,0.000325,0.000332,0.000322,0.000329,52430340.0,17191.379587,213
1691366400000,2023-08-07,WINBRL,0.000326,0.000331,0.000325,0.000327,42813208.0,14030.585942,155
1691280000000,2023-08-06,WINBRL,0.000332,0.000337,0.000326,0.000329,49773166.0,16469.735294,199
1691193600000,2023-08-05,WINBRL,0.00033,0.000334,0.000327,0.000332,47949373.0,15829.071286,204
1691107200000,2023-08-04,WINBRL,0.000333,0.000335,0.000326,0.000331,97742981.0,32412.782275,299
1691020800000,2023-08-03,WINBRL,0.000324,0.000333,0.000323,0.000332,83939146.0,27631.305166,225
1690934400000,2023-08-02,WINBRL,0.00033,0.000336,0.000321,0.000326,206243239.0,68482.331501,273
1690848000000,2023-08-01,WINBRL,0.000326,0.000332,0.000321,0.000329,72814873.0,23744.81798,249
1690761600000,2023-07-31,WINBRL,0.000333,0.000336,0.000324,0.000326,66317863.0,21878.970875,203
1690675200000,2023-07-30,WINBRL,0.000343,0.000345,0.00033,0.000333,50442364.0,17020.655224,210
1690588800000,2023-07-29,WINBRL,0.000341,0.000345,0.000338,0.000342,48442886.0,16519.872525,208
1690502400000,2023-07-28,WINBRL,0.00034,0.000357,0.000336,0.000341,218896203.0,76367.415092,290
1690416000000,2023-07-27,WINBRL,0.000326,0.000341,0.000323,0.000338,83987486.0,27971.7612,214
1690329600000,2023-07-26,WINBRL,0.000325,0.000327,0.000321,0.000325,31763261.0,10303.016392,168
1690243200000,2023-07-25,WINBRL,0.000322,0.00033,0.000319,0.000325,26054173.0,8437.628361,76
1690156800000,2023-07-24,WINBRL,0.000339,0.000339,0.000319,0.000322,138903352.0,45096.352676,211
1690070400000,2023-07-23,WINBRL,0.000339,0.000341,0.000336,0.000339,21412594.0,7258.365377,113
1689984000000,2023-07-22,WINBRL,0.000331,0.000355,0.000329,0.000336,677672843.0,229088.117519,556
1689897600000,2023-07-21,WINBRL,0.000332,0.000335,0.000328,0.00033,50718808.0,16823.691428,204
1689811200000,2023-07-20,WINBRL,0.000332,0.000339,0.00033,0.000332,36030576.0,12014.217604,200
1689724800000,2023-07-19,WINBRL,0.000332,0.000337,0.000329,0.000333,31537340.0,10476.180331,163
1689638400000,2023-07-18,WINBRL,0.00034,0.000342,0.00033,0.000332,79550931.0,26702.995771,173
1689552000000,2023-07-17,WINBRL,0.000339,0.000343,0.000335,0.000342,72062616.0,24391.542985,197
1689465600000,2023-07-16,WINBRL,0.000344,0.000352,0.000338,0.000339,106371587.0,36745.081203,206
1689379200000,2023-07-15,WINBRL,0.000345,0.000349,0.00034,0.000347,46495318.0,16029.489434,165
1689292800000,2023-07-14,WINBRL,0.000346,0.000354,0.000337,0.000344,77046071.0,26735.209003,225
1689206400000,2023-07-13,WINBRL,0.000337,0.000346,0.000335,0.000346,79510117.0,27128.009739,189
1689120000000,2023-07-12,WINBRL,0.00035,0.00035,0.000335,0.000339,136781859.0,46465.203829,201
1689033600000,2023-07-11,WINBRL,0.00034,0.000368,0.000334,0.000348,672250217.0,235039.892485,384
1688947200000,2023-07-10,WINBRL,0.000345,0.000349,0.000337,0.00034,79595692.0,27272.279143,178
1688860800000,2023-07-09,WINBRL,0.000348,0.000353,0.000344,0.000347,71314351.0,24791.389786,154
1688774400000,2023-07-08,WINBRL,0.000346,0.000351,0.000344,0.000348,46193262.0,16070.921063,159
1688688000000,2023-07-07,WINBRL,0.00035,0.000357,0.000343,0.000346,119137577.0,41657.039826,223
1688601600000,2023-07-06,WINBRL,0.000361,0.000371,0.00035,0.00035,239448860.0,86792.71077,277
1688515200000,2023-07-05,WINBRL,0.000352,0.000383,0.000347,0.000361,495533385.0,182160.660588,513
1688428800000,2023-07-04,WINBRL,0.000344,0.000358,0.000343,0.000351,293079767.0,102228.645639,275
1688342400000,2023-07-03,WINBRL,0.000338,0.00035,0.000337,0.000344,195862267.0,67349.115512,230
1688256000000,2023-07-02,WINBRL,0.000333,0.000359,0.000327,0.000339,383884530.0,130767.785537,405
1688169600000,2023-07-01,WINBRL,0.000327,0.000336,0.000323,0.000333,90749796.0,29978.730686,248
1688083200000,2023-06-30,WINBRL,0.00032,0.00033,0.000318,0.000326,191118760.0,62104.962115,339
1687996800000,2023-06-29,WINBRL,0.000323,0.000324,0.000318,0.000321,130910398.0,42092.579607,261
1687910400000,2023-06-28,WINBRL,0.000326,0.000327,0.000319,0.000324,99979881.0,32333.476598,259
1687824000000,2023-06-27,WINBRL,0.000325,0.00033,0.000324,0.000327,44148168.0,14437.722172,192
1687737600000,2023-06-26,WINBRL,0.00033,0.000336,0.000323,0.000325,98905446.0,32366.662118,265
1687651200000,2023-06-25,WINBRL,0.00033,0.000338,0.00033,0.00033,74416267.0,24790.840997,266
1687564800000,2023-06-24,WINBRL,0.000335,0.000338,0.000328,0.000331,78895176.0,26244.008146,244
1687478400000,2023-06-23,WINBRL,0.000331,0.00034,0.000328,0.000338,96453852.0,32088.664669,249
1687392000000,2023-06-22,WINBRL,0.000322,0.000343,0.000318,0.000329,505161691.0,166422.430613,539
1687305600000,2023-06-21,WINBRL,0.000317,0.000324,0.000316,0.000323,78161487.0,25024.486775,291
1687219200000,2023-06-20,WINBRL,0.000304,0.000318,0.000303,0.000318,89587086.0,27633.74315,279
1687132800000,2023-06-19,WINBRL,0.000306,0.000307,0.0003,0.000305,86681457.0,26374.658824,198
1687046400000,2023-06-18,WINBRL,0.000308,0.000311,0.000305,0.000307,54576234.0,16831.996166,248
1686960000000,2023-06-17,WINBRL,0.000305,0.000312,0.000303,0.000308,92639466.0,28597.370528,295
1686873600000,2023-06-16,WINBRL,0.000302,0.000307,0.0003,0.000306,136659697.0,41476.501354,357
1686787200000,2023-06-15,WINBRL,0.000302,0.000305,0.000296,0.000302,123349029.0,37116.965311,332
1686700800000,2023-06-14,WINBRL,0.000311,0.000314,0.000299,0.000301,110456592.0,34213.984248,313
1686614400000,2023-06-13,WINBRL,0.000304,0.000312,0.000302,0.00031,301728628.0,92952.822512,567
1686528000000,2023-06-12,WINBRL,0.000311,0.000312,0.000301,0.000304,258876512.0,78999.787737,522
1686441600000,2023-06-11,WINBRL,0.000314,0.000315,0.000309,0.000312,299118517.0,93216.940457,499
1686355200000,2023-06-10,WINBRL,0.000338,0.000338,0.000303,0.000312,314782010.0,97793.498804,599
1686268800000,2023-06-09,WINBRL,0.000349,0.000353,0.000336,0.000338,204227961.0,70839.238355,449
1686182400000,2023-06-08,WINBRL,0.000345,0.000353,0.000342,0.000349,386029628.0,134407.759027,881
1686096000000,2023-06-07,WINBRL,0.000359,0.00036,0.000344,0.000345,577145408.0,201752.683684,1105
1686009600000,2023-06-06,WINBRL,0.000356,0.000365,0.000351,0.000359,536111110.0,190660.924982,1101
1685923200000,2023-06-05,WINBRL,0.000376,0.000377,0.000352,0.000356,499693681.0,183326.460383,1133
1685836800000,2023-06-04,WINBRL,0.000383,0.000387,0.000374,0.000376,691997881.0,262541.539517,1069
1685750400000,2023-06-03,WINBRL,0.000373,0.000421,0.000368,0.000384,2505907186.0,988689.768026,2450
1685664000000,2023-06-02,WINBRL,0.000362,0.000376,0.00036,0.000373,808989892.0,295655.678092,1516
1685577600000,2023-06-01,WINBRL,0.000363,0.00037,0.000359,0.000362,749800728.0,272037.014982,1413
1685491200000,2023-05-31,WINBRL,0.000373,0.000374,0.000361,0.000363,801106991.0,293356.456804,1482
1685404800000,2023-05-30,WINBRL,0.000373,0.000375,0.00037,0.000372,752742100.0,280615.736264,1408
1685318400000,2023-05-29,WINBRL,0.000376,0.000379,0.00037,0.000373,730811105.0,273145.747733,1458
1685232000000,2023-05-28,WINBRL,0.000374,0.000379,0.000368,0.000376,639851691.0,238429.333425,1423
1685145600000,2023-05-27,WINBRL,0.000372,0.000375,0.000369,0.000373,586376057.0,217789.057294,1158
1685059200000,2023-05-26,WINBRL,0.000374,0.000376,0.000368,0.000373,507920972.0,189311.1345,1146
1684972800000,2023-05-25,WINBRL,0.000368,0.00038,0.000366,0.000374,523503634.0,194330.96177,1205
1684886400000,2023-05-24,WINBRL,0.000382,0.000383,0.000366,0.000369,529073275.0,197107.2354,1286
1684800000000,2023-05-23,WINBRL,0.00038,0.000385,0.000377,0.000382,541074172.0,205512.047077,1175
1684713600000,2023-05-22,WINBRL,0.000373,0.000389,0.00037,0.00038,603803722.0,229180.321821,1521
1684627200000,2023-05-21,WINBRL,0.000373,0.000382,0.00037,0.000373,650723118.0,243588.353491,1352
1684540800000,2023-05-20,WINBRL,0.000373,0.00038,0.00037,0.000373,590528944.0,220954.613694,1252
1684454400000,2023-05-19,WINBRL,0.000372,0.000376,0.000369,0.000373,484586783.0,180371.527972,1014
1684368000000,2023-05-18,WINBRL,0.000379,0.00038,0.000367,0.000372,436826122.0,163583.253189,781
1684281600000,2023-05-17,WINBRL,0.000377,0.00038,0.000369,0.000379,529473030.0,198734.577416,828
1684195200000,2023-05-16,WINBRL,0.000377,0.00038,0.000373,0.000377,547263540.0,205961.144959,932
1684108800000,2023-05-15,WINBRL,0.000372,0.00038,0.000369,0.000376,797264470.0,299216.323728,1462
1684022400000,2023-05-14,WINBRL,0.000371,0.000374,0.000367,0.000372,1039538052.0,384868.450678,1579
1683936000000,2023-05-13,WINBRL,0.000376,0.000376,0.000369,0.000371,862085718.0,320962.138598,1451
1683849600000,2023-05-12,WINBRL,0.000367,0.000376,0.00036,0.000375,1159317949.0,426842.150504,1853
1683763200000,2023-05-11,WINBRL,0.00038,0.000381,0.000361,0.000367,882158675.0,327700.815598,1493
1683676800000,2023-05-10,WINBRL,0.00039,0.000391,0.000372,0.000379,830478224.0,318251.957127,1420
1683590400000,2023-05-09,WINBRL,0.000394,0.000399,0.000387,0.00039,680687978.0,267924.361158,1246
1683504000000,2023-05-08,WINBRL,0.000408,0.000412,0.000387,0.000394,855490030.0,339986.261953,1841
1683417600000,2023-05-07,WINBRL,0.000404,0.00042,0.000401,0.000408,902066864.0,368456.289692,1779
1683331200000,2023-05-06,WINBRL,0.000419,0.000419,0.0004,0.000404,782982767.0,318558.305709,1642
1683244800000,2023-05-05,WINBRL,0.000453,0.000454,0.000412,0.000419,1279974634.0,546796.367901,2606
1683158400000,2023-05-04,WINBRL,0.000409,0.000482,0.000407,0.000453,3540395701.0,1586299.963994,4351
1683072000000,2023-05-03,WINBRL,0.000412,0.000415,0.000398,0.000408,939950907.0,383279.046777,1520
1682985600000,2023-05-02,WINBRL,0.000415,0.000419,0.000407,0.000412,1035832238.0,427489.31608,1979
1682899200000,2023-05-01,WINBRL,0.00042,0.000432,0.000409,0.000415,1330472487.0,557981.036136,2246
1682812800000,2023-04-30,WINBRL,0.000431,0.000432,0.000419,0.000421,1275411225.0,542752.458946,2334
1682726400000,2023-04-29,WINBRL,0.000434,0.000437,0.000427,0.000431,1330649016.0,573623.749313,2368
1682640000000,2023-04-28,WINBRL,0.00043,0.00044,0.000424,0.000434,1163309223.0,500322.247678,2416
1682553600000,2023-04-27,WINBRL,0.000432,0.000438,0.000426,0.000431,1397049443.0,602386.042747,2808
1682467200000,2023-04-26,WINBRL,0.000445,0.000451,0.000429,0.000432,1396162431.0,617138.238761,2879
1682380800000,2023-04-25,WINBRL,0.000443,0.000448,0.000435,0.000443,761649575.0,335701.28907,1720
1682294400000,2023-04-24,WINBRL,0.000447,0.000452,0.00044,0.000443,804688410.0,358001.712608,1882
1682208000000,2023-04-23,WINBRL,0.000454,0.000456,0.000444,0.000447,705957901.0,317699.464622,1466
1682121600000,2023-04-22,WINBRL,0.000445,0.000455,0.000441,0.000454,938384638.0,420317.806294,2076
1682035200000,2023-04-21,WINBRL,0.000464,0.000466,0.000442,0.000445,937767031.0,428744.996371,2138
1681948800000,2023-04-20,WINBRL,0.000521,0.000535,0.000455,0.000464,1774155307.0,886688.433291,3617
1681862400000,2023-04-19,WINBRL,0.00046,0.00059,0.000443,0.000521,3765305323.0,1975187.513276,4611
1681776000000,2023-04-18,WINBRL,0.000453,0.000464,0.000451,0.00046,145592421.0,66834.128718,990
1681689600000,2023-04-17,WINBRL,0.000472,0.000472,0.00045,0.000453,182224503.0,83502.38052,1446
1681603200000,2023-04-16,WINBRL,0.000454,0.000471,0.000452,0.000471,220936049.0,101153.91083,1442
1681516800000,2023-04-15,WINBRL,0.000453,0.000457,0.000447,0.000454,99709746.0,45077.995203,1115
1681430400000,2023-04-14,WINBRL,0.000449,0.000456,0.000447,0.000453,226834150.0,102513.569366,1222
1681344000000,2023-04-13,WINBRL,0.000447,0.000457,0.000442,0.000449,263051387.0,117993.364847,1145
1681257600000,2023-04-12,WINBRL,0.000455,0.000458,0.000437,0.000447,336140268.0,149236.791091,1387
1681171200000,2023-04-11,WINBRL,0.00046,0.000462,0.000449,0.000454,222752754.0,101472.732171,1092
1681084800000,2023-04-10,WINBRL,0.000454,0.000461,0.000449,0.000459,306881148.0,139386.708687,968
1680998400000,2023-04-09,WINBRL,0.000442,0.000459,0.000435,0.000455,109300074.0,48523.838869,547
1680912000000,2023-04-08,WINBRL,0.00044,0.000446,0.000438,0.000442,121924509.0,53846.303275,753
1680825600000,2023-04-07,WINBRL,0.000442,0.000445,0.000438,0.00044,91223795.0,40245.587082,641
1680739200000,2023-04-06,WINBRL,0.000445,0.000449,0.00044,0.000443,185193454.0,82438.021031,991
1680652800000,2023-04-05,WINBRL,0.000446,0.000451,0.000439,0.000445,252392263.0,112539.517718,1254
1680566400000,2023-04-04,WINBRL,0.000438,0.000449,0.000436,0.000445,269064824.0,118754.79928,1538
1680480000000,2023-04-03,WINBRL,0.000442,0.000446,0.000433,0.000437,420044905.0,184603.220631,2446
1680393600000,2023-04-02,WINBRL,0.000454,0.000455,0.00044,0.000443,306692190.0,137098.074632,2025
1680307200000,2023-04-01,WINBRL,0.000456,0.000459,0.000449,0.000454,265846080.0,120715.816131,1474
1680220800000,2023-03-31,WINBRL,0.000454,0.000459,0.000437,0.000456,353101651.0,157546.078671,1515
1680134400000,2023-03-30,WINBRL,0.000444,0.000466,0.000432,0.000453,553131660.0,246771.792386,1647
1680048000000,2023-03-29,WINBRL,0.000438,0.000449,0.000438,0.000444,173797534.0,77392.762484,1153
1679961600000,2023-03-28,WINBRL,0.000438,0.000443,0.000428,0.000438,212129455.0,92580.632038,976
1679875200000,2023-03-27,WINBRL,0.000447,0.000484,0.000432,0.000439,754244611.0,346798.366742,1148
1679788800000,2023-03-26,WINBRL,0.000445,0.000455,0.000442,0.000447,317514262.0,142382.642313,1007
1679702400000,2023-03-25,WINBRL,0.000444,0.000449,0.000437,0.000444,249022383.0,110626.017345,1260
1679616000000,2023-03-24,WINBRL,0.000461,0.000461,0.000442,0.000444,85340768.0,38477.828205,261
1679529600000,2023-03-23,WINBRL,0.000445,0.000466,0.000438,0.00046,124180548.0,55906.158562,229
1679443200000,2023-03-22,WINBRL,0.000472,0.000477,0.000431,0.000444,189234104.0,86892.438313,407
1679356800000,2023-03-21,WINBRL,0.000462,0.00048,0.000452,0.000472,276859562.0,129907.307708,313
1679270400000,2023-03-20,WINBRL,0.000476,0.000476,0.000461,0.000461,109836840.0,51580.138155,237
1679184000000,2023-03-19,WINBRL,0.000469,0.000483,0.000469,0.000474,81170045.0,38623.74626,197
1679097600000,2023-03-18,WINBRL,0.000483,0.000486,0.000467,0.000468,93334962.0,44552.969931,201
1679011200000,2023-03-17,WINBRL,0.000457,0.000483,0.000451,0.000481,345379395.0,161282.075948,382
1678924800000,2023-03-16,WINBRL,0.000452,0.000464,0.000448,0.000457,183698004.0,84021.495566,334
1678838400000,2023-03-15,WINBRL,0.000478,0.000482,0.00045,0.000452,284899005.0,133503.304393,308
1678752000000,2023-03-14,WINBRL,0.000458,0.0005,0.000451,0.000477,427313546.0,202007.107549,402
1678665600000,2023-03-13,WINBRL,0.000438,0.000488,0.000428,0.000458,426283148.0,191204.107601,450
1678579200000,2023-03-12,WINBRL,0.000408,0.000438,0.000406,0.000438,160800577.0,67534.042489,233
1678492800000,2023-03-11,WINBRL,0.000416,0.000426,0.000396,0.000408,222916002.0,91409.954892,254
1678406400000,2023-03-10,WINBRL,0.000418,0.000418,0.000396,0.000418,153125845.0,62716.923905,270
1678320000000,2023-03-09,WINBRL,0.000447,0.000454,0.000412,0.000417,273154878.0,120355.437167,343
1678233600000,2023-03-08,WINBRL,0.000471,0.000472,0.000447,0.000447,162188080.0,74236.120211,245
1678147200000,2023-03-07,WINBRL,0.000484,0.000487,0.000466,0.000471,239139834.0,114430.669623,322
1678060800000,2023-03-06,WINBRL,0.000492,0.000496,0.000482,0.000483,217994634.0,106179.264538,299
1677974400000,2023-03-05,WINBRL,0.000494,0.000502,0.000493,0.000494,91473938.0,45498.30038,164
1677888000000,2023-03-04,WINBRL,0.000499,0.000511,0.000487,0.000492,242568042.0,121876.978993,249
1677801600000,2023-03-03,WINBRL,0.000516,0.000517,0.000492,0.000498,491276588.0,246943.429286,462
1677715200000,2023-03-02,WINBRL,0.000523,0.000523,0.000511,0.000515,69790030.0,36058.956263,196
1677628800000,2023-03-01,WINBRL,0.000517,0.00053,0.000516,0.000523,42319780.0,22167.905734,129
1677542400000,2023-02-28,WINBRL,0.000527,0.000529,0.000516,0.000516,183523983.0,95786.426219,200
1677456000000,2023-02-27,WINBRL,0.000528,0.000533,0.000522,0.000527,32525807.0,17145.490408,156
1677369600000,2023-02-26,WINBRL,0.000525,0.000536,0.000521,0.000529,207830221.0,109460.757138,279
1677283200000,2023-02-25,WINBRL,0.00053,0.000535,0.00051,0.000523,329311482.0,172520.349806,347
1677196800000,2023-02-24,WINBRL,0.000547,0.00055,0.00052,0.000529,252625438.0,135013.184027,317
1677110400000,2023-02-23,WINBRL,0.00055,0.000572,0.000544,0.000546,196820714.0,109582.382619,323
1677024000000,2023-02-22,WINBRL,0.000564,0.000564,0.000536,0.00055,186165148.0,102384.279937,280
1676937600000,2023-02-21,WINBRL,0.00058,0.000642,0.000555,0.000563,910853269.0,554189.093115,751
1676851200000,2023-02-20,WINBRL,0.000544,0.000612,0.000531,0.00058,1019763795.0,585560.795459,920
1676764800000,2023-02-19,WINBRL,0.000513,0.000622,0.000512,0.000544,1617969889.0,928956.457286,978
1676678400000,2023-02-18,WINBRL,0.000521,0.000527,0.000506,0.000512,100631405.0,51959.92866,176
1676592000000,2023-02-17,WINBRL,0.000494,0.000542,0.000494,0.000521,659798502.0,337361.095465,572
1676505600000,2023-02-16,WINBRL,0.000486,0.00054,0.000479,0.000494,959165076.0,484435.410376,858
1676419200000,2023-02-15,WINBRL,0.000467,0.000489,0.000461,0.000486,130109294.0,61377.196976,265
1676332800000,2023-02-14,WINBRL,0.000454,0.000471,0.000449,0.000469,117423819.0,53853.462805,217
1676246400000,2023-02-13,WINBRL,0.000471,0.000473,0.00044,0.000453,185100874.0,84398.573557,293
1676160000000,2023-02-12,WINBRL,0.000477,0.000485,0.000469,0.000472,200868422.0,95827.679193,212
1676073600000,2023-02-11,WINBRL,0.00047,0.000481,0.00047,0.000478,80681580.0,38269.096457,140
1675987200000,2023-02-10,WINBRL,0.000483,0.000489,0.000469,0.000471,84818506.0,40833.052011,173
1675900800000,2023-02-09,WINBRL,0.000515,0.000519,0.000478,0.000482,366635663.0,184734.362056,393
1675814400000,2023-02-08,WINBRL,0.000514,0.000539,0.000509,0.000515,206338081.0,107513.09873,292
1675728000000,2023-02-07,WINBRL,0.000497,0.000517,0.000495,0.000514,233447023.0,117780.797747,292
1675641600000,2023-02-06,WINBRL,0.000504,0.000508,0.00049,0.00049,80405510.0,39874.772718,166
1675555200000,2023-02-05,WINBRL,0.000521,0.000529,0.000491,0.000505,101054984.0,51202.136772,180
1675468800000,2023-02-04,WINBRL,0.000503,0.00054,0.000493,0.000524,376244012.0,195893.275623,350
1675382400000,2023-02-03,WINBRL,0.000473,0.000504,0.000472,0.000504,91963940.0,45206.056107,171
1675296000000,2023-02-02,WINBRL,0.00047,0.000485,0.000467,0.000472,178344982.0,84651.259422,225
1675209600000,2023-02-01,WINBRL,0.000467,0.000475,0.000453,0.00047,136745962.0,64032.991516,152
1675123200000,2023-01-31,WINBRL,0.00046,0.000478,0.000457,0.000465,87700826.0,41051.435004,116
1675036800000,2023-01-30,WINBRL,0.000481,0.000486,0.000454,0.000458,353076975.0,166898.683213,276
1674950400000,2023-01-29,WINBRL,0.000475,0.000485,0.000475,0.000481,48844578.0,23491.513175,128
1674864000000,2023-01-28,WINBRL,0.000483,0.000488,0.000473,0.000477,40069807.0,19172.032813,128
1674777600000,2023-01-27,WINBRL,0.000464,0.000491,0.00046,0.000483,155104461.0,74525.637592,196
1674691200000,2023-01-26,WINBRL,0.000465,0.00047,0.00046,0.000465,97088142.0,45028.306355,121
1674604800000,2023-01-25,WINBRL,0.00046,0.000466,0.000447,0.000463,90009429.0,41255.913963,140
1674518400000,2023-01-24,WINBRL,0.00048,0.000489,0.000459,0.00046,144066737.0,68848.531199,213
1674432000000,2023-01-23,WINBRL,0.000466,0.000484,0.000466,0.00048,74603930.0,35525.599158,126
1674345600000,2023-01-22,WINBRL,0.000467,0.000477,0.000459,0.000466,77306023.0,36110.096182,143
1674259200000,2023-01-21,WINBRL,0.000478,0.00048,0.000462,0.000462,93145208.0,43993.054821,144
1674172800000,2023-01-20,WINBRL,0.000449,0.000485,0.000443,0.000478,148885033.0,68962.634804,162
1674086400000,2023-01-19,WINBRL,0.000447,0.000454,0.000439,0.000449,100795977.0,45059.616984,140
1674000000000,2023-01-18,WINBRL,0.000481,0.000488,0.000435,0.000448,227980550.0,105805.776264,283
1673913600000,2023-01-17,WINBRL,0.000436,0.000543,0.000435,0.000482,1664066590.0,832253.005775,984
1673827200000,2023-01-16,WINBRL,0.00044,0.000451,0.000435,0.000438,197039302.0,86732.112124,210
1673740800000,2023-01-15,WINBRL,0.000431,0.00044,0.000419,0.00044,131214251.0,56040.868528,147
1673654400000,2023-01-14,WINBRL,0.000424,0.000445,0.00042,0.000445,286148087.0,124028.556814,320
1673568000000,2023-01-13,WINBRL,0.000412,0.000424,0.000406,0.000423,87513055.0,36287.182709,182
1673481600000,2023-01-12,WINBRL,0.000409,0.000418,0.000402,0.000411,81959815.0,33470.761349,163
1673395200000,2023-01-11,WINBRL,0.000409,0.000415,0.000399,0.000409,105046480.0,42988.011137,129
1673308800000,2023-01-10,WINBRL,0.000402,0.000433,0.000398,0.000411,229379635.0,95290.84784,241
1673222400000,2023-01-09,WINBRL,0.000399,0.000412,0.000397,0.000402,108444315.0,43786.876322,175
1673136000000,2023-01-08,WINBRL,0.000392,0.000398,0.000387,0.000398,83981833.0,32912.557283,127
1673049600000,2023-01-07,WINBRL,0.00039,0.000394,0.000389,0.000392,84050899.0,32909.647092,127
1672963200000,2023-01-06,WINBRL,0.000396,0.000399,0.000384,0.000389,119743512.0,46559.287404,197
1672876800000,2023-01-05,WINBRL,0.00041,0.000411,0.000392,0.000396,101879458.0,40647.147937,178
1672790400000,2023-01-04,WINBRL,0.000405,0.000416,0.000402,0.000411,139336993.0,57109.580615,159
1672704000000,2023-01-03,WINBRL,0.000398,0.000407,0.000396,0.000404,167820215.0,66926.694713,765
1672617600000,2023-01-02,WINBRL,0.000395,0.000402,0.000391,0.000398,577334633.0,229514.564976,2404
1672531200000,2023-01-01,WINBRL,0.000398,0.000399,0.000394,0.000395,677530113.0,268586.800026,3028
1672444800000,2022-12-31,WINBRL,0.000401,0.000403,0.000396,0.0004,775238496.0,310169.365452,3152
1672358400000,2022-12-30,WINBRL,0.000399,0.000413,0.000392,0.000401,493329835.0,197430.109655,1797
1672272000000,2022-12-29,WINBRL,0.000429,0.000434,0.000394,0.000398,554989059.0,227741.453798,1572
1672185600000,2022-12-28,WINBRL,0.000393,0.000496,0.000383,0.000429,3052797205.0,1368251.187866,3040
1672099200000,2022-12-27,WINBRL,0.000396,0.000397,0.000389,0.000394,371685666.0,146091.930126,1611
1672012800000,2022-12-26,WINBRL,0.000381,0.000407,0.00038,0.000396,442618286.0,172714.849794,918
1671926400000,2022-12-25,WINBRL,0.000389,0.000391,0.000379,0.00038,399566199.0,154018.733729,710
1671840000000,2022-12-24,WINBRL,0.000384,0.00039,0.00038,0.00039,149322012.0,57456.157902,449
1671753600000,2022-12-23,WINBRL,0.000391,0.000394,0.000383,0.000384,329083566.0,127262.200963,865
1671667200000,2022-12-22,WINBRL,0.0004,0.0004,0.000386,0.000391,293303762.0,115545.095911,705
1671580800000,2022-12-21,WINBRL,0.000406,0.000408,0.000397,0.0004,225454780.0,90761.903318,684
1671494400000,2022-12-20,WINBRL,0.000407,0.000413,0.000404,0.000405,180188191.0,73655.928939,767
1671408000000,2022-12-19,WINBRL,0.000428,0.00043,0.000406,0.000407,343178016.0,143892.848768,950
1671321600000,2022-12-18,WINBRL,0.000429,0.000433,0.000424,0.000428,415864735.0,178082.613278,668
1671235200000,2022-12-17,WINBRL,0.000428,0.000431,0.00042,0.000429,499931549.0,212867.863484,863
1671148800000,2022-12-16,WINBRL,0.000464,0.000464,0.000428,0.000428,383032663.0,171176.212969,892
1671062400000,2022-12-15,WINBRL,0.00046,0.000467,0.000456,0.000463,515648068.0,238909.394601,1365
1670976000000,2022-12-14,WINBRL,0.000464,0.000475,0.000459,0.000461,428304692.0,199852.532114,962
1670889600000,2022-12-13,WINBRL,0.000461,0.000467,0.000455,0.000463,478816563.0,221401.163902,1070
1670803200000,2022-12-12,WINBRL,0.000459,0.000464,0.000452,0.000461,268773919.0,123580.878732,1073
1670716800000,2022-12-11,WINBRL,0.000465,0.000467,0.000459,0.00046,179066980.0,83131.536127,1106
1670630400000,2022-12-10,WINBRL,0.00046,0.000546,0.000108,0.000465,2716633014.0,1317745.664451,1539
1670544000000,2022-12-09,WINBRL,0.000465,0.000511,0.000459,0.00046,921863205.0,448735.846256,1375
1670457600000,2022-12-08,WINBRL,0.000462,0.000465,0.000458,0.000464,400349822.0,184635.793453,1847
1670371200000,2022-12-07,WINBRL,0.000472,0.000473,0.000459,0.000461,401392936.0,186770.532638,2063
1670284800000,2022-12-06,WINBRL,0.000475,0.000477,0.00047,0.000471,477863476.0,226137.872774,2419
1670198400000,2022-12-05,WINBRL,0.000476,0.000481,0.000469,0.000476,552118469.0,262360.597444,2603
1670112000000,2022-12-04,WINBRL,0.000472,0.000477,0.000466,0.000475,578472467.0,273630.030762,2775
1670025600000,2022-12-03,WINBRL,0.000474,0.000479,0.000469,0.000472,576938106.0,273582.322498,2867
1669939200000,2022-12-02,WINBRL,0.000469,0.000478,0.000463,0.000473,418690653.0,197945.677574,2088
1669852800000,2022-12-01,WINBRL,0.00048,0.000482,0.000469,0.00047,384525667.0,182831.95067,1815
1669766400000,2022-11-30,WINBRL,0.000479,0.000488,0.000475,0.00048,320842994.0,154746.867216,1641
1669680000000,2022-11-29,WINBRL,0.000477,0.000485,0.000475,0.000479,486029078.0,233363.914453,2513
1669593600000,2022-11-28,WINBRL,0.00048,0.000486,0.000467,0.000477,520338877.0,247783.210796,2333
1669507200000,2022-11-27,WINBRL,0.000481,0.000487,0.000478,0.000479,382090351.0,184738.251624,1823
1669420800000,2022-11-26,WINBRL,0.000483,0.000491,0.000401,0.000481,1530779061.0,695087.408971,2424
1669334400000,2022-11-25,WINBRL,0.000486,0.000487,0.000476,0.000483,461910665.0,222728.197664,2366
1669248000000,2022-11-24,WINBRL,0.000488,0.000493,0.000481,0.000487,595953246.0,290248.253587,2307
1669161600000,2022-11-23,WINBRL,0.000471,0.000496,0.000469,0.000488,728365439.0,352922.705475,2708
1669075200000,2022-11-22,WINBRL,0.000464,0.000478,0.000457,0.00047,504125508.0,236191.893114,2060
1668988800000,2022-11-21,WINBRL,0.000484,0.000484,0.000456,0.000465,638724883.0,300845.660742,2423
1668902400000,2022-11-20,WINBRL,0.000492,0.000499,0.000482,0.000484,590465428.0,291404.085136,2541
1668816000000,2022-11-19,WINBRL,0.000492,0.000499,0.000486,0.000493,159001590.0,78273.293227,1044
1668729600000,2022-11-18,WINBRL,0.000492,0.000558,0.000486,0.000492,2234508113.0,1159412.426679,2581
1668643200000,2022-11-17,WINBRL,0.000491,0.000495,0.000482,0.000491,459530200.0,224679.456129,2196
1668556800000,2022-11-16,WINBRL,0.000493,0.000496,0.000477,0.000492,729208228.0,356528.540089,6691
1668470400000,2022-11-15,WINBRL,0.000489,0.000503,0.000486,0.000494,788190670.0,390045.045762,8961
1668384000000,2022-11-14,WINBRL,0.00049,0.00059,0.000466,0.00049,2352853137.0,1212606.454242,9382
1668297600000,2022-11-13,WINBRL,0.0005,0.000508,0.000483,0.000489,821649194.0,407824.300478,9133
1668211200000,2022-11-12,WINBRL,0.000506,0.000613,0.00049,0.000499,1656706487.0,915270.197018,7927
1668124800000,2022-11-11,WINBRL,0.000525,0.000532,0.000498,0.000506,688680381.0,354983.710375,8365
1668038400000,2022-11-10,WINBRL,0.000484,0.000534,0.000478,0.000524,1218564981.0,612957.100335,9120
1667952000000,2022-11-09,WINBRL,0.000497,0.000546,0.000479,0.000484,971638528.0,496903.650082,9077
1667865600000,2022-11-08,WINBRL,0.00055,0.000589,0.000486,0.000498,1343860538.0,740754.010939,12428
1667779200000,2022-11-07,WINBRL,0.00055,0.000554,0.000537,0.000551,850868624.0,464374.709344,10293
1667692800000,2022-11-06,WINBRL,0.000551,0.000567,0.000546,0.000551,852810280.0,473370.881166,9762
1667606400000,2022-11-05,WINBRL,0.000556,0.00057,0.00055,0.00055,919050590.0,512911.385228,10353
1667520000000,2022-11-04,WINBRL,0.000542,0.000562,0.00054,0.000557,959227805.0,529938.767334,11175
1667433600000,2022-11-03,WINBRL,0.000534,0.000551,0.000533,0.000544,894534016.0,486563.433358,10503
1667347200000,2022-11-02,WINBRL,0.000546,0.000546,0.00053,0.000534,878604236.0,472095.488403,10093
1667260800000,2022-11-01,WINBRL,0.000551,0.000557,0.000539,0.000545,726515824.0,397346.612468,9220
1667174400000,2022-10-31,WINBRL,0.000561,0.00059,0.000545,0.00055,1190466655.0,668689.62033,9310
1667088000000,2022-10-30,WINBRL,0.000577,0.000578,0.000552,0.000561,909061137.0,512174.684932,10246
1667001600000,2022-10-29,WINBRL,0.000555,0.000597,0.000551,0.000576,1253713042.0,713479.832448,9405
1666915200000,2022-10-28,WINBRL,0.000545,0.000561,0.000542,0.000555,686741420.0,378298.882083,8336
1666828800000,2022-10-27,WINBRL,0.000552,0.000562,0.000544,0.000546,806196112.0,445649.773128,10209
1666742400000,2022-10-26,WINBRL,0.000544,0.00056,0.00054,0.000552,837714125.0,460061.356992,10480
1666656000000,2022-10-25,WINBRL,0.000534,0.000553,0.000531,0.000543,687707169.0,372120.687607,9101
1666569600000,2022-10-24,WINBRL,0.000532,0.000539,0.000525,0.000534,678005909.0,360460.323929,7657
1666483200000,2022-10-23,WINBRL,0.000533,0.000538,0.000526,0.000532,616851578.0,327900.505523,7220
1666396800000,2022-10-22,WINBRL,0.00053,0.000538,0.000529,0.000534,540779053.0,288329.484277,5968
1666310400000,2022-10-21,WINBRL,0.000537,0.000546,0.000527,0.000531,659886456.0,352741.832395,7593
1666224000000,2022-10-20,WINBRL,0.000535,0.000545,0.000531,0.000538,596339159.0,320719.184496,6554
1666137600000,2022-10-19,WINBRL,0.000544,0.000559,0.000532,0.000536,978983665.0,535937.822316,7873
1666051200000,2022-10-18,WINBRL,0.000553,0.000562,0.00054,0.000545,647463079.0,355013.018149,7741
1665964800000,2022-10-17,WINBRL,0.000554,0.000571,0.000542,0.000552,829336192.0,458960.204816,8158
1665878400000,2022-10-16,WINBRL,0.000553,0.000559,0.000544,0.000553,623558044.0,344139.064623,7378
1665792000000,2022-10-15,WINBRL,0.000578,0.000597,0.000549,0.000553,860858516.0,490485.793164,8343
1665705600000,2022-10-14,WINBRL,0.000538,0.00062,0.000536,0.000579,1612297471.0,923053.458597,9244
1665619200000,2022-10-13,WINBRL,0.000556,0.000561,0.000525,0.000537,772234559.0,417202.903555,8417
1665532800000,2022-10-12,WINBRL,0.000569,0.000589,0.000554,0.000556,724750348.0,411214.965115,7135
1665446400000,2022-10-11,WINBRL,0.00058,0.00058,0.000564,0.000568,719207625.0,410651.320555,8195
1665360000000,2022-10-10,WINBRL,0.000588,0.000616,0.000578,0.00058,1132692734.0,672207.90724,9012
1665273600000,2022-10-09,WINBRL,0.000574,0.000593,0.000572,0.000588,739322355.0,430934.329178,7584
1665187200000,2022-10-08,WINBRL,0.000574,0.000611,0.000567,0.000575,1277435258.0,744014.90229,7984
1665100800000,2022-10-07,WINBRL,0.000578,0.000582,0.000557,0.000573,1000796253.0,565951.214634,7618
1665014400000,2022-10-06,WINBRL,0.000563,0.000643,0.000557,0.000578,2485908739.0,1487080.151418,11307
1664928000000,2022-10-05,WINBRL,0.000533,0.000585,0.000531,0.000562,1331293618.0,736674.732391,8928
1664841600000,2022-10-04,WINBRL,0.00053,0.000535,0.000522,0.000534,677625922.0,358092.506115,7768
1664755200000,2022-10-03,WINBRL,0.000535,0.000545,0.000518,0.000529,777185398.0,411533.41125,7755
1664668800000,2022-10-02,WINBRL,0.000537,0.000599,0.000535,0.000536,2512093276.0,1415723.63607,8466
1664582400000,2022-10-01,WINBRL,0.000534,0.000546,0.000531,0.000538,582987764.0,313132.166482,7249
1664496000000,2022-09-30,WINBRL,0.000527,0.00055,0.000524,0.000533,685660184.0,366131.659063,7106
1664409600000,2022-09-29,WINBRL,0.000523,0.000534,0.000518,0.000527,501623439.0,263227.960993,5605
1664323200000,2022-09-28,WINBRL,0.000525,0.000528,0.000513,0.000523,424596771.0,221444.340635,3402
1664236800000,2022-09-27,WINBRL,0.000522,0.000534,0.000518,0.000525,762839459.0,401244.78198,6963
1664150400000,2022-09-26,WINBRL,0.000507,0.000542,0.000501,0.000522,881342534.0,455920.827752,7230
1664064000000,2022-09-25,WINBRL,0.000515,0.000518,0.000504,0.000508,503306903.0,258102.527449,5614
1663977600000,2022-09-24,WINBRL,0.000522,0.00053,0.000513,0.000514,681319008.0,353327.062896,7398
1663891200000,2022-09-23,WINBRL,0.000514,0.000527,0.000504,0.000522,772907060.0,399296.056766,7611
1663804800000,2022-09-22,WINBRL,0.000516,0.000527,0.00051,0.000513,623479181.0,321615.900836,6479
1663718400000,2022-09-21,WINBRL,0.00051,0.000621,0.0005,0.000517,3371556273.0,1890317.937571,9529
1663632000000,2022-09-20,WINBRL,0.000516,0.000519,0.000506,0.000511,574209203.0,294082.364498,5325
1663545600000,2022-09-19,WINBRL,0.00052,0.000524,0.000503,0.000517,710583568.0,364277.341083,6662
1663459200000,2022-09-18,WINBRL,0.000551,0.000551,0.000515,0.000519,449012069.0,239625.59988,4698
1663372800000,2022-09-17,WINBRL,0.000529,0.000553,0.000528,0.000551,391051703.0,211412.374896,4962
1663286400000,2022-09-16,WINBRL,0.00053,0.000538,0.000526,0.000528,681527988.0,363050.593918,5545
1663200000000,2022-09-15,WINBRL,0.000539,0.000547,0.000527,0.00053,730510275.0,391526.67767,6376
1663113600000,2022-09-14,WINBRL,0.00054,0.00055,0.000534,0.00054,716754196.0,388359.544822,5814
1663027200000,2022-09-13,WINBRL,0.000556,0.000562,0.000533,0.000539,1014311676.0,555019.587621,8118
1662940800000,2022-09-12,WINBRL,0.000566,0.000578,0.000552,0.000556,614632339.0,348052.227551,6046
1662854400000,2022-09-11,WINBRL,0.00057,0.000577,0.000561,0.000566,466111083.0,265154.338521,4444
1662768000000,2022-09-10,WINBRL,0.00057,0.000575,0.00056,0.00057,641500203.0,364787.696231,5328
1662681600000,2022-09-09,WINBRL,0.000551,0.000573,0.000549,0.000569,767711579.0,430958.514956,6684
1662595200000,2022-09-08,WINBRL,0.000551,0.000555,0.000539,0.000552,592994976.0,324656.004071,6039
1662508800000,2022-09-07,WINBRL,0.000535,0.000556,0.000529,0.00055,772405719.0,420613.820064,5720
1662422400000,2022-09-06,WINBRL,0.00056,0.000571,0.000532,0.000536,719369638.0,398729.153466,6064
1662336000000,2022-09-05,WINBRL,0.000577,0.000578,0.000555,0.000559,442147132.0,248970.398117,5045
1662249600000,2022-09-04,WINBRL,0.000554,0.000594,0.000551,0.000576,694423646.0,395770.473283,5125
1662163200000,2022-09-03,WINBRL,0.000548,0.000561,0.000545,0.000553,392846426.0,216621.159568,3693
1662076800000,2022-09-02,WINBRL,0.000571,0.000575,0.000546,0.000548,458892715.0,258081.408913,5231
1661990400000,2022-09-01,WINBRL,0.000586,0.000592,0.00056,0.000572,965602129.0,552002.289144,7287
1661904000000,2022-08-31,WINBRL,0.000617,0.000625,0.000583,0.000584,804098531.0,486495.590486,6967
1661817600000,2022-08-30,WINBRL,0.000609,0.000627,0.000597,0.000616,724963016.0,443792.694936,6403
1661731200000,2022-08-29,WINBRL,0.000604,0.000617,0.000594,0.000609,531377532.0,322059.663839,6706
1661644800000,2022-08-28,WINBRL,0.000627,0.000629,0.000605,0.000606,562668937.0,347930.294863,4581
1661558400000,2022-08-27,WINBRL,0.000608,0.000629,0.000605,0.000628,416138077.0,256411.835922,6334
1661472000000,2022-08-26,WINBRL,0.000664,0.000664,0.000605,0.000609,1455675819.0,941690.415203,9210
1661385600000,2022-08-25,WINBRL,0.000652,0.000667,0.00065,0.000666,1594936336.0,1049725.424077,8174
1661299200000,2022-08-24,WINBRL,0.000662,0.000664,0.00065,0.000651,1922169625.0,1260641.122313,9525
1661212800000,2022-08-23,WINBRL,0.00067,0.000675,0.000643,0.000663,1851856037.0,1217860.411627,9523
1661126400000,2022-08-22,WINBRL,0.000683,0.000684,0.000645,0.000671,2236215575.0,1485233.636689,10602
1661040000000,2022-08-21,WINBRL,0.000663,0.000691,0.00066,0.000683,2006308538.0,1342707.080201,10407
1660953600000,2022-08-20,WINBRL,0.000665,0.000679,0.000651,0.000662,2039437467.0,1365034.46583,10772
1660867200000,2022-08-19,WINBRL,0.000725,0.000728,0.000664,0.000667,2631494639.0,1824814.511677,13855
1660780800000,2022-08-18,WINBRL,0.000749,0.000758,0.000725,0.000727,1702256617.0,1265957.852182,11313
1660694400000,2022-08-17,WINBRL,0.000758,0.00077,0.000732,0.00075,1756452955.0,1320864.283535,11963
1660608000000,2022-08-16,WINBRL,0.000752,0.000775,0.00075,0.000759,1418637155.0,1078972.110006,12054
1660521600000,2022-08-15,WINBRL,0.000743,0.000791,0.000727,0.000751,1839877461.0,1384975.83582,12597
1660435200000,2022-08-14,WINBRL,0.00073,0.000775,0.000727,0.000744,1808076020.0,1349353.089641,11767
1660348800000,2022-08-13,WINBRL,0.000738,0.000744,0.000728,0.000731,1289793297.0,946200.991728,9399
1660262400000,2022-08-12,WINBRL,0.000731,0.00074,0.00072,0.000737,1012107176.0,739170.073295,11387
1660176000000,2022-08-11,WINBRL,0.000731,0.000748,0.000723,0.000731,1195791706.0,880182.380036,11541
1660089600000,2022-08-10,WINBRL,0.0007,0.000732,0.000691,0.000731,1103570191.0,782083.034045,10477
1660003200000,2022-08-09,WINBRL,0.000736,0.000742,0.000694,0.000701,1193246763.0,853148.162132,11486
1659916800000,2022-08-08,WINBRL,0.000742,0.000759,0.000735,0.000738,1227199488.0,916516.478045,11686
1659830400000,2022-08-07,WINBRL,0.000754,0.000755,0.000733,0.000742,1122374043.0,835425.769261,10361
1659744000000,2022-08-06,WINBRL,0.000765,0.000774,0.000748,0.000752,464756851.0,353833.827601,5333
1659657600000,2022-08-05,WINBRL,0.000766,0.00078,0.000755,0.000767,1161027427.0,894452.795149,11419
1659571200000,2022-08-04,WINBRL,0.000757,0.000788,0.000748,0.000767,1108888260.0,847889.518343,11725
1659484800000,2022-08-03,WINBRL,0.000769,0.000797,0.000751,0.000758,1639426707.0,1258546.010555,13231
1659398400000,2022-08-02,WINBRL,0.000721,0.000921,0.000707,0.000769,9439221165.0,7776317.607439,15111
1659312000000,2022-08-01,WINBRL,0.000678,0.000733,0.000676,0.000721,1560426048.0,1089432.547774,13032
1659225600000,2022-07-31,WINBRL,0.000683,0.000696,0.000666,0.000678,1633642089.0,1108844.435173,10211
1659139200000,2022-07-30,WINBRL,0.000671,0.00071,0.00067,0.000685,1215649755.0,839443.081589,9730
1659052800000,2022-07-29,WINBRL,0.000667,0.000691,0.000657,0.00067,1538080151.0,1035685.128493,12642
1658966400000,2022-07-28,WINBRL,0.000663,0.000673,0.000645,0.000667,1261419963.0,831672.087049,10412
1658880000000,2022-07-27,WINBRL,0.000648,0.000662,0.000639,0.000661,1023866795.0,667702.572039,8115
1658793600000,2022-07-26,WINBRL,0.00063,0.000647,0.000624,0.000647,594575006.0,375191.216482,2617
1658707200000,2022-07-25,WINBRL,0.000673,0.000674,0.000626,0.00063,1133460060.0,733909.138166,4778
1658620800000,2022-07-24,WINBRL,0.000682,0.00069,0.000672,0.000673,418167472.0,285901.898502,2230
1658534400000,2022-07-23,WINBRL,0.000673,0.000694,0.000671,0.000682,573136411.0,390479.278885,2433
1658448000000,2022-07-22,WINBRL,0.000678,0.00069,0.000669,0.000674,833644638.0,566537.954651,3916
1658361600000,2022-07-21,WINBRL,0.000666,0.000683,0.000652,0.000679,870176546.0,582810.573863,3998
1658275200000,2022-07-20,WINBRL,0.0007,0.000706,0.000659,0.000665,1425303425.0,985575.694595,5019
1658188800000,2022-07-19,WINBRL,0.000672,0.000704,0.000665,0.000699,1974636738.0,1351453.674349,5441
1658102400000,2022-07-18,WINBRL,0.000656,0.000675,0.000646,0.000672,1829453948.0,1206821.455316,6204
1658016000000,2022-07-17,WINBRL,0.000632,0.000691,0.000626,0.000655,3760380188.0,2431987.699159,8475
1657929600000,2022-07-16,WINBRL,0.000624,0.000637,0.000613,0.000632,1535239086.0,957122.192089,5150
1657843200000,2022-07-15,WINBRL,0.000632,0.000639,0.000619,0.000624,3175703278.0,1998192.922081,8667
1657756800000,2022-07-14,WINBRL,0.00063,0.000647,0.00061,0.000631,4844597196.0,3050755.856242,11212
1657670400000,2022-07-13,WINBRL,0.00072,0.000749,0.000609,0.000632,7587861463.0,5088867.153927,15024
1657584000000,2022-07-12,WINBRL,0.000594,0.000811,0.000588,0.000719,9864414208.0,6711048.967655,14124
1657497600000,2022-07-11,WINBRL,0.00062,0.000621,0.000591,0.000594,4421507494.0,2679007.262981,10623
1657411200000,2022-07-10,WINBRL,0.000639,0.00064,0.000614,0.000619,4082253017.0,2563449.422226,10234
1657324800000,2022-07-09,WINBRL,0.000622,0.000658,0.000619,0.000639,3793832429.0,2423826.412293,8939
1657238400000,2022-07-08,WINBRL,0.00063,0.00064,0.00062,0.00062,4179707545.0,2624655.964404,11012
1657152000000,2022-07-07,WINBRL,0.000619,0.000634,0.000608,0.000629,3849197987.0,2391690.419207,9583
1657065600000,2022-07-06,WINBRL,0.000615,0.000624,0.000603,0.000619,3776623296.0,2309881.170759,9934
1656979200000,2022-07-05,WINBRL,0.000621,0.000629,0.000598,0.000613,4457420088.0,2728908.237896,10028
1656892800000,2022-07-04,WINBRL,0.000607,0.000622,0.000598,0.000621,3677700015.0,2238241.643566,9449
1656806400000,2022-07-03,WINBRL,0.000583,0.000609,0.000572,0.000608,2611024099.0,1533948.1627,6666
1656720000000,2022-07-02,WINBRL,0.000587,0.00059,0.000576,0.000583,1988093966.0,1161225.551638,7836
1656633600000,2022-07-01,WINBRL,0.000593,0.000602,0.000582,0.000588,1140094460.0,672925.591614,9687
1656547200000,2022-06-30,WINBRL,0.000582,0.000597,0.000559,0.000593,1792106142.0,1029472.125241,16344
1656460800000,2022-06-29,WINBRL,0.0006,0.000609,0.000572,0.000582,2128866878.0,1253315.605788,19754
1656374400000,2022-06-28,WINBRL,0.000628,0.000643,0.000595,0.000599,1692153845.0,1048495.72405,16454
1656288000000,2022-06-27,WINBRL,0.000621,0.000669,0.000619,0.000629,1313608426.0,838958.402122,11271
1656201600000,2022-06-26,WINBRL,0.000624,0.000639,0.000617,0.000622,1233201065.0,772773.967868,9665
1656115200000,2022-06-25,WINBRL,0.000618,0.00064,0.000607,0.000623,1258574033.0,780201.135221,10062
1656028800000,2022-06-24,WINBRL,0.000601,0.000626,0.0006,0.000619,1250771516.0,767099.61626,9837
1655942400000,2022-06-23,WINBRL,0.000569,0.000603,0.000567,0.000601,1418952178.0,824937.181745,10014
1655856000000,2022-06-22,WINBRL,0.000585,0.000587,0.000564,0.000568,1508187535.0,864409.130218,9457
1655769600000,2022-06-21,WINBRL,0.000574,0.000608,0.000569,0.000586,1838914484.0,1085338.009804,10598
1655683200000,2022-06-20,WINBRL,0.000569,0.000584,0.000545,0.000573,1922234856.0,1087176.168663,9528
1655596800000,2022-06-19,WINBRL,0.000549,0.000577,0.000531,0.00057,3545211038.0,1949480.380608,7315
1655510400000,2022-06-18,WINBRL,0.000581,0.000593,0.00052,0.000549,5418135595.0,2999578.595539,5789
1655424000000,2022-06-17,WINBRL,0.000552,0.000587,0.000549,0.000581,4043253724.0,2298685.640912,4613
1655337600000,2022-06-16,WINBRL,0.000585,0.000597,0.000546,0.000553,4553331009.0,2589352.702245,5346
1655251200000,2022-06-15,WINBRL,0.00059,0.000594,0.000515,0.000586,5963178501.0,3327924.712747,6449
1655164800000,2022-06-14,WINBRL,0.00062,0.000638,0.000568,0.000591,5485952212.0,3293623.699573,6418
1655078400000,2022-06-13,WINBRL,0.000702,0.000707,0.000591,0.000619,4994167432.0,3151855.170019,6165
1654992000000,2022-06-12,WINBRL,0.00071,0.000726,0.000688,0.000702,3345454353.0,2366476.1379,5048
1654905600000,2022-06-11,WINBRL,0.000733,0.000754,0.000707,0.00071,1740376052.0,1272387.553729,3134
1654819200000,2022-06-10,WINBRL,0.000744,0.00075,0.000727,0.000735,2558807036.0,1890834.94893,4313
1654732800000,2022-06-09,WINBRL,0.000762,0.000776,0.000733,0.000744,2536247552.0,1909159.885349,4405
1654646400000,2022-06-08,WINBRL,0.000743,0.000797,0.000738,0.000763,2544516030.0,1953734.98425,4728
1654560000000,2022-06-07,WINBRL,0.000737,0.000759,0.000714,0.000744,2518640446.0,1865066.20115,4530
1654473600000,2022-06-06,WINBRL,0.000726,0.000758,0.000725,0.000737,1895900300.0,1404099.463879,3157
1654387200000,2022-06-05,WINBRL,0.000725,0.000745,0.000712,0.000726,2739592008.0,1997097.472978,4034
1654300800000,2022-06-04,WINBRL,0.000718,0.000729,0.000692,0.000726,2473939563.0,1770074.84804,4616
1654214400000,2022-06-03,WINBRL,0.000752,0.000761,0.000706,0.00072,1535338106.0,1113359.682261,3993
1654128000000,2022-06-02,WINBRL,0.000739,0.000757,0.000716,0.000751,1588266297.0,1164587.377922,4171
1654041600000,2022-06-01,WINBRL,0.000767,0.000838,0.000735,0.00074,1370872458.0,1061645.216018,3370
1653955200000,2022-05-31,WINBRL,0.000758,0.000772,0.000723,0.000768,1489593039.0,1115555.297771,3050
1653868800000,2022-05-30,WINBRL,0.000707,0.000765,0.000702,0.000758,2511138897.0,1841349.765542,3996
1653782400000,2022-05-29,WINBRL,0.000703,0.000711,0.000683,0.000707,1915503920.0,1341676.356425,3289
1653696000000,2022-05-28,WINBRL,0.000691,0.000722,0.000687,0.000703,1562523329.0,1097960.440074,3597
1653609600000,2022-05-27,WINBRL,0.000715,0.000728,0.000677,0.000691,2524204782.0,1773768.436158,5681
1653523200000,2022-05-26,WINBRL,0.000796,0.000811,0.000709,0.000715,2292326048.0,1705870.664156,5194
1653436800000,2022-05-25,WINBRL,0.000828,0.00087,0.000779,0.000797,2573487087.0,2071885.149917,6264
1653350400000,2022-05-24,WINBRL,0.000713,0.001006,0.000713,0.000829,4493910744.0,3736141.374992,7845
1653264000000,2022-05-23,WINBRL,0.000714,0.000769,0.000704,0.000712,3639700989.0,2642698.345026,6212
1653177600000,2022-05-22,WINBRL,0.000735,0.000738,0.000699,0.000715,3095305888.0,2223157.152308,5056
1653091200000,2022-05-21,WINBRL,0.00069,0.000737,0.000681,0.000734,2376383431.0,1684727.728065,4011
1653004800000,2022-05-20,WINBRL,0.000714,0.000723,0.000681,0.000691,2885675768.0,2020015.845429,4508
1652918400000,2022-05-19,WINBRL,0.000695,0.000716,0.000689,0.000714,3272984161.0,2301320.411344,5364
1652832000000,2022-05-18,WINBRL,0.000729,0.000736,0.000694,0.000694,3577155897.0,2550916.616881,6085
1652745600000,2022-05-17,WINBRL,0.0007,0.000734,0.000696,0.000731,3624315637.0,2607371.154136,5636
1652659200000,2022-05-16,WINBRL,0.000758,0.000758,0.000698,0.0007,3135976996.0,2261030.074218,5619
1652572800000,2022-05-15,WINBRL,0.000739,0.000766,0.000712,0.000757,2943682176.0,2155351.864716,5088
1652486400000,2022-05-14,WINBRL,0.000761,0.00078,0.000704,0.00074,4604048576.0,3438534.157793,7245
1652400000000,2022-05-13,WINBRL,0.000698,0.000831,0.000689,0.00076,8256670370.0,6402820.808831,10945
1652313600000,2022-05-12,WINBRL,0.000808,0.000836,0.000686,0.000697,5022140596.0,3697477.723059,7275
1652227200000,2022-05-11,WINBRL,0.00105,0.001088,0.000669,0.000805,6289792572.0,5702894.531519,10100
1652140800000,2022-05-10,WINBRL,0.001038,0.001133,0.001023,0.001054,4377140702.0,4746687.061139,8209
1652054400000,2022-05-09,WINBRL,0.001199,0.0012,0.001034,0.001034,4743390858.0,5278833.46428,8227
1651968000000,2022-05-08,WINBRL,0.001231,0.001248,0.001187,0.001198,4133679467.0,5005590.893779,7500
1651881600000,2022-05-07,WINBRL,0.001279,0.001321,0.001203,0.001228,4235495768.0,5358347.112328,5047
1651795200000,2022-05-06,WINBRL,0.001218,0.001296,0.001205,0.001278,4896523130.0,6074518.909806,4493
1651708800000,2022-05-05,WINBRL,0.0013,0.001311,0.00119,0.001218,2256514075.0,2804417.079838,2510
1651622400000,2022-05-04,WINBRL,0.001232,0.0013,0.001214,0.0013,4011068092.0,5055589.532885,3841
1651536000000,2022-05-03,WINBRL,0.001266,0.001298,0.001211,0.001233,3196884613.0,4009801.216577,3063
1651449600000,2022-05-02,WINBRL,0.001289,0.001312,0.001213,0.001266,3094285864.0,3916551.578762,3134
1651363200000,2022-05-01,WINBRL,0.001213,0.001313,0.001197,0.00129,2340815663.0,2966099.823848,2554
1651276800000,2022-04-30,WINBRL,0.001265,0.001283,0.001214,0.001214,2001353626.0,2534299.052047,2477
1651190400000,2022-04-29,WINBRL,0.001339,0.001355,0.001255,0.001266,3853834122.0,5007088.781245,3876
1651104000000,2022-04-28,WINBRL,0.001334,0.001365,0.001312,0.001339,3179901053.0,4267638.039871,3128
1651017600000,2022-04-27,WINBRL,0.00133,0.001361,0.00131,0.001335,2495518732.0,3333671.883601,2688
1650931200000,2022-04-26,WINBRL,0.001395,0.001399,0.001326,0.001333,3187146726.0,4332849.603208,3474
1650844800000,2022-04-25,WINBRL,0.001398,0.001401,0.001311,0.001397,3413339304.0,4647959.941122,3695
1650758400000,2022-04-24,WINBRL,0.001458,0.001461,0.001391,0.0014,2637298044.0,3752102.447847,2978
1650672000000,2022-04-23,WINBRL,0.001438,0.001511,0.001435,0.001457,3180978099.0,4673113.833276,3558
1650585600000,2022-04-22,WINBRL,0.001394,0.001532,0.001384,0.001437,10615389585.0,15509506.925293,5470
1650499200000,2022-04-21,WINBRL,0.001357,0.00149,0.001355,0.001395,4461739683.0,6251263.797137,4738
1650412800000,2022-04-20,WINBRL,0.001386,0.001437,0.001342,0.001357,2728074535.0,3751078.698051,3199
1650326400000,2022-04-19,WINBRL,0.001342,0.001391,0.001333,0.001388,3022130139.0,4116882.106814,3014
1650240000000,2022-04-18,WINBRL,0.001351,0.00136,0.001302,0.001342,2996518725.0,3975762.156191,3011
1650153600000,2022-04-17,WINBRL,0.00139,0.001398,0.001346,0.001351,3728180462.0,5172181.086378,3883
1650067200000,2022-04-16,WINBRL,0.001405,0.001409,0.001375,0.00139,3844218447.0,5333146.837456,4275
1649980800000,2022-04-15,WINBRL,0.00139,0.001428,0.001382,0.001407,5291403165.0,7445246.170031,5770
1649894400000,2022-04-14,WINBRL,0.001427,0.001457,0.001366,0.00139,5740285176.0,8116628.457079,6246
1649808000000,2022-04-13,WINBRL,0.001387,0.001487,0.001361,0.00143,6096835999.0,8634741.679157,6588
1649721600000,2022-04-12,WINBRL,0.001325,0.001395,0.001318,0.001383,6470853523.0,8812844.717091,6823
1649635200000,2022-04-11,WINBRL,0.001465,0.001471,0.001319,0.001328,5151647773.0,7130565.25131,6276
1649548800000,2022-04-10,WINBRL,0.001499,0.001516,0.001466,0.001466,4445146752.0,6618357.97934,5359
1649462400000,2022-04-09,WINBRL,0.001475,0.001517,0.001471,0.0015,5464729154.0,8137113.322588,6693
1649376000000,2022-04-08,WINBRL,0.001545,0.001558,0.001469,0.001477,3570273470.0,5452122.821717,4943
1649289600000,2022-04-07,WINBRL,0.001511,0.001554,0.001491,0.00155,5632877594.0,8600651.598676,6728
1649203200000,2022-04-06,WINBRL,0.001642,0.001642,0.001489,0.001509,4029372581.0,6277890.851078,5839
1649116800000,2022-04-05,WINBRL,0.001661,0.001684,0.00164,0.001647,3727329253.0,6205083.202687,5662
1649030400000,2022-04-04,WINBRL,0.001731,0.001742,0.001627,0.001665,4279736704.0,7216968.552943,6362
1648944000000,2022-04-03,WINBRL,0.001722,0.001768,0.001682,0.001733,2672439625.0,4566245.194992,3785
1648857600000,2022-04-02,WINBRL,0.001746,0.001835,0.001695,0.001723,1909874550.0,3335233.307225,3391
1648771200000,2022-04-01,WINBRL,0.001783,0.001798,0.001678,0.001746,2047743424.0,3557129.478066,3721
1648684800000,2022-03-31,WINBRL,0.001646,0.001982,0.001643,0.00178,3314117026.0,5922132.413361,5886
1648598400000,2022-03-30,WINBRL,0.001595,0.00167,0.001553,0.001643,2618017464.0,4237223.401836,3872
1648512000000,2022-03-29,WINBRL,0.001581,0.001677,0.001566,0.001595,2589839740.0,4201572.668505,3862
1648425600000,2022-03-28,WINBRL,0.001676,0.0017,0.001573,0.001573,2444830704.0,4039953.137831,3962
1648339200000,2022-03-27,WINBRL,0.001497,0.001768,0.001476,0.001676,3155768543.0,4884745.568514,4975
1648252800000,2022-03-26,WINBRL,0.001425,0.001499,0.001415,0.001498,2751040145.0,3991944.417602,3527
1648166400000,2022-03-25,WINBRL,0.001484,0.001514,0.001415,0.001425,2832485027.0,4156508.110762,3771
1648080000000,2022-03-24,WINBRL,0.001463,0.001547,0.001441,0.001484,3070948883.0,4544581.842857,4284
1647993600000,2022-03-23,WINBRL,0.001471,0.001565,0.001432,0.001461,3091558391.0,4534596.157651,3771
1647907200000,2022-03-22,WINBRL,0.001387,0.001623,0.001378,0.001476,2497664341.0,3653029.984324,3255
1647820800000,2022-03-21,WINBRL,0.001375,0.001439,0.00135,0.001387,2691749233.0,3710360.113417,3062
1647734400000,2022-03-20,WINBRL,0.001445,0.001446,0.001356,0.001375,2561111869.0,3577501.851099,2851
1647648000000,2022-03-19,WINBRL,0.001369,0.001455,0.001348,0.001452,2981597910.0,4188964.682288,3018
1647561600000,2022-03-18,WINBRL,0.001354,0.00137,0.001324,0.00137,2380780790.0,3196051.468962,2609
1647475200000,2022-03-17,WINBRL,0.001358,0.001375,0.001337,0.001356,2248996006.0,3041403.389662,2385
1647388800000,2022-03-16,WINBRL,0.00135,0.001372,0.001329,0.001358,1971329983.0,2661785.983966,2377
1647302400000,2022-03-15,WINBRL,0.001337,0.001374,0.001314,0.001351,2007167501.0,2677615.941344,2397
1647216000000,2022-03-14,WINBRL,0.001321,0.001342,0.001311,0.001336,2313938913.0,3065474.040724,2565
1647129600000,2022-03-13,WINBRL,0.001354,0.001363,0.001317,0.001319,2304034196.0,3084495.00728,2296
1647043200000,2022-03-12,WINBRL,0.001325,0.001359,0.001317,0.001354,2372955224.0,3167608.417027,2534
1646956800000,2022-03-11,WINBRL,0.00134,0.001363,0.001317,0.001324,3092051241.0,4126484.299819,3124
1646870400000,2022-03-10,WINBRL,0.001401,0.001414,0.001321,0.001341,3098507441.0,4231650.128463,3148
1646784000000,2022-03-09,WINBRL,0.001371,0.001432,0.001368,0.001399,2681684920.0,3763125.542902,3134
1646697600000,2022-03-08,WINBRL,0.00138,0.00141,0.001363,0.001372,2496465256.0,3466639.470926,2747
1646611200000,2022-03-07,WINBRL,0.001397,0.001424,0.001358,0.001378,1890717424.0,2632999.875958,2149
1646524800000,2022-03-06,WINBRL,0.001458,0.001493,0.001391,0.001396,1909966307.0,2742753.660421,2297
1646438400000,2022-03-05,WINBRL,0.001555,0.001555,0.00145,0.001458,1785862262.0,2649440.109702,2381
1646352000000,2022-03-04,WINBRL,0.001383,0.001655,0.00135,0.001557,2962096850.0,4356583.653783,4045
1646265600000,2022-03-03,WINBRL,0.001429,0.001441,0.001365,0.001387,1836750095.0,2573674.954332,2050
1646179200000,2022-03-02,WINBRL,0.001461,0.001478,0.001415,0.001431,1882284658.0,2729099.146685,2063
1646092800000,2022-03-01,WINBRL,0.00144,0.001491,0.00142,0.001466,1689127834.0,2454686.617628,1921
1646006400000,2022-02-28,WINBRL,0.001341,0.001444,0.001328,0.001441,2454197525.0,3370226.932268,2442
1645920000000,2022-02-27,WINBRL,0.001414,0.001419,0.001329,0.001337,2182434975.0,3005320.240391,2230
1645833600000,2022-02-26,WINBRL,0.001419,0.001452,0.001391,0.001414,2469879993.0,3502273.287069,2558
1645747200000,2022-02-25,WINBRL,0.001346,0.001432,0.001338,0.001415,2724304583.0,3756597.275744,2842
1645660800000,2022-02-24,WINBRL,0.001388,0.001398,0.001228,0.001347,3776286989.0,4908217.977116,3924
1645574400000,2022-02-23,WINBRL,0.001414,0.001562,0.001386,0.001388,2320920962.0,3336807.816755,2498
1645488000000,2022-02-22,WINBRL,0.001424,0.00144,0.001377,0.001414,2346576792.0,3300738.701111,2373
1645401600000,2022-02-21,WINBRL,0.001484,0.001548,0.001409,0.001425,2461241859.0,3626471.690013,2614
1645315200000,2022-02-20,WINBRL,0.001545,0.001547,0.001448,0.001481,1953129496.0,2891620.353908,2164
1645228800000,2022-02-19,WINBRL,0.001551,0.001582,0.00152,0.001546,1540688136.0,2391538.140525,1683
1645142400000,2022-02-18,WINBRL,0.001593,0.001653,0.001542,0.001557,1351028156.0,2147312.043449,1819
1645056000000,2022-02-17,WINBRL,0.00169,0.001719,0.001582,0.001594,1280854489.0,2119057.270836,2068
1644969600000,2022-02-16,WINBRL,0.001731,0.001732,0.001671,0.00169,1343583833.0,2289428.115067,1801
1644883200000,2022-02-15,WINBRL,0.001659,0.001775,0.001653,0.001733,1220455244.0,2096707.850492,1659
1644796800000,2022-02-14,WINBRL,0.001683,0.001686,0.001632,0.001659,1239917540.0,2049388.439878,1576
1644710400000,2022-02-13,WINBRL,0.001708,0.001739,0.001678,0.001686,875948823.0,1504018.902535,1008
1644624000000,2022-02-12,WINBRL,0.001724,0.001768,0.00168,0.001713,1029602238.0,1775997.264648,1504
1644537600000,2022-02-11,WINBRL,0.001822,0.001849,0.001703,0.001726,985995952.0,1773278.330952,1573
1644451200000,2022-02-10,WINBRL,0.001914,0.001955,0.001818,0.001826,865355202.0,1634846.013267,1641
1644364800000,2022-02-09,WINBRL,0.001885,0.001962,0.001824,0.001917,1021225322.0,1943866.010542,1807
1644278400000,2022-02-08,WINBRL,0.001949,0.002022,0.001823,0.001886,1047711850.0,1992469.979072,2039
1644192000000,2022-02-07,WINBRL,0.001843,0.002047,0.001798,0.001943,1528124529.0,2923582.413286,2641
1644105600000,2022-02-06,WINBRL,0.001738,0.001843,0.001738,0.001843,1282724999.0,2290227.802157,2067
1644019200000,2022-02-05,WINBRL,0.001716,0.001791,0.001703,0.001743,1403350253.0,2467067.691878,2300
1643932800000,2022-02-04,WINBRL,0.001606,0.001717,0.001602,0.001712,1731671162.0,2868231.041073,1843
1643846400000,2022-02-03,WINBRL,0.001569,0.00161,0.001558,0.00161,2397046918.0,3785649.11603,1784
1643760000000,2022-02-02,WINBRL,0.001625,0.001651,0.001567,0.001569,1328926070.0,2166955.366854,1593
1643673600000,2022-02-01,WINBRL,0.001625,0.001667,0.001623,0.001627,1709496440.0,2804376.610943,1558
1643587200000,2022-01-31,WINBRL,0.001628,0.001649,0.001579,0.001629,1602914469.0,2591001.376887,1805
1643500800000,2022-01-30,WINBRL,0.001669,0.001703,0.001607,0.001629,1141229131.0,1905306.033296,2184
1643414400000,2022-01-29,WINBRL,0.001625,0.001681,0.001622,0.001666,1229888487.0,2031060.802459,2335
1643328000000,2022-01-28,WINBRL,0.001626,0.0017,0.001583,0.001626,1774292964.0,2877048.162199,2760
1643241600000,2022-01-27,WINBRL,0.001698,0.001715,0.00157,0.001623,1255423193.0,2017504.197339,2486
1643155200000,2022-01-26,WINBRL,0.001597,0.001883,0.00158,0.001698,1141231145.0,1926373.626602,2292
1643068800000,2022-01-25,WINBRL,0.001607,0.001618,0.001543,0.0016,1003533956.0,1590741.146025,1894
1642982400000,2022-01-24,WINBRL,0.001676,0.001676,0.001459,0.001606,3344917516.0,5196027.66087,2945
1642896000000,2022-01-23,WINBRL,0.00167,0.001743,0.001599,0.001679,1708292345.0,2888052.105772,1854
1642809600000,2022-01-22,WINBRL,0.001803,0.001835,0.001511,0.001676,1540404531.0,2612183.152854,1937
1642723200000,2022-01-21,WINBRL,0.002094,0.002111,0.001779,0.00181,1939440379.0,3794590.595515,2370
1642636800000,2022-01-20,WINBRL,0.002181,0.002238,0.002084,0.002094,656689438.0,1436067.956974,1056
1642550400000,2022-01-19,WINBRL,0.002271,0.002289,0.002175,0.002178,1099437600.0,2458842.200706,1638
1642464000000,2022-01-18,WINBRL,0.002266,0.002459,0.002233,0.002272,1506148484.0,3465295.250446,2165
1642377600000,2022-01-17,WINBRL,0.00233,0.002345,0.002198,0.002261,1898237391.0,4306222.108001,2349
1642291200000,2022-01-16,WINBRL,0.002365,0.002647,0.002315,0.002328,1639148165.0,4031203.790207,3193
1642204800000,2022-01-15,WINBRL,0.002166,0.002419,0.002138,0.002373,1726465088.0,3824699.394272,2179
1642118400000,2022-01-14,WINBRL,0.002158,0.0022,0.002109,0.002166,2274575854.0,4913115.301456,2550
1642032000000,2022-01-13,WINBRL,0.00228,0.00228,0.002134,0.002158,2190360763.0,4824112.900731,2231
1641945600000,2022-01-12,WINBRL,0.002133,0.002285,0.002125,0.002263,1952213032.0,4292846.551706,2426
1641859200000,2022-01-11,WINBRL,0.002065,0.00214,0.002044,0.002135,1124152322.0,2353492.93907,3043
1641772800000,2022-01-10,WINBRL,0.002159,0.002198,0.002008,0.002061,1405333042.0,2946919.606697,3405
1641686400000,2022-01-09,WINBRL,0.002142,0.002205,0.002093,0.002161,997415572.0,2154479.74712,2644
1641600000000,2022-01-08,WINBRL,0.002231,0.002279,0.002066,0.002151,1221274254.0,2694551.021184,3435
1641513600000,2022-01-07,WINBRL,0.002377,0.002381,0.002195,0.002231,1383213554.0,3142647.71559,4228
1641427200000,2022-01-06,WINBRL,0.002393,0.002417,0.00232,0.002374,1545853984.0,3667870.514547,4408
1641340800000,2022-01-05,WINBRL,0.002531,0.002668,0.002336,0.002397,985780824.0,2504198.391077,3570
1641254400000,2022-01-04,WINBRL,0.002565,0.002601,0.002511,0.002528,803493879.0,2050934.677052,2722
1641168000000,2022-01-03,WINBRL,0.002589,0.002637,0.002529,0.002563,719106797.0,1854341.044928,2717
1641081600000,2022-01-02,WINBRL,0.00262,0.00263,0.002565,0.002594,766526254.0,1989799.273968,2103
1640995200000,2022-01-01,WINBRL,0.002568,0.002621,0.002542,0.00262,1033109324.0,2664571.618949,1798
1640908800000,2021-12-31,WINBRL,0.002665,0.002682,0.00252,0.002568,888420920.0,2337920.696518,1943
1640822400000,2021-12-30,WINBRL,0.002649,0.002726,0.002607,0.002663,1806767525.0,4809178.531275,3137
1640736000000,2021-12-29,WINBRL,0.002651,0.002799,0.002589,0.002653,1671869140.0,4501506.757011,3331
1640649600000,2021-12-28,WINBRL,0.0029,0.002908,0.00264,0.00265,1131583279.0,3095515.34936,2860
1640563200000,2021-12-27,WINBRL,0.002903,0.003047,0.002876,0.002901,1810981326.0,5330967.583945,3567
1640476800000,2021-12-26,WINBRL,0.00296,0.002962,0.002853,0.002904,886737382.0,2557319.980398,2511
1640390400000,2021-12-25,WINBRL,0.00285,0.003003,0.002844,0.002961,1875174420.0,5416834.061335,2273
1640304000000,2021-12-24,WINBRL,0.002824,0.003095,0.002808,0.002867,399544951.0,1174746.125348,2761
1640217600000,2021-12-23,WINBRL,0.002689,0.002871,0.002648,0.002823,127604337.0,352240.916153,2018
1640131200000,2021-12-22,WINBRL,0.00265,0.002817,0.002632,0.002689,196668708.0,535160.136395,1864
1640044800000,2021-12-21,WINBRL,0.002542,0.002672,0.00251,0.002647,105166839.0,273543.733941,751
1639958400000,2021-12-20,WINBRL,0.002598,0.002619,0.002429,0.002531,85164391.0,214764.429232,673
1639872000000,2021-12-19,WINBRL,0.00263,0.002688,0.002594,0.0026,36651526.0,96769.321147,429
1639785600000,2021-12-18,WINBRL,0.002607,0.002715,0.002572,0.00263,57908741.0,153756.959701,576
1639699200000,2021-12-17,WINBRL,0.002855,0.002942,0.002591,0.002607,153828524.0,422345.088742,961
1639612800000,2021-12-16,WINBRL,0.002741,0.002973,0.002727,0.002848,195688793.0,555760.497761,1040
1639526400000,2021-12-15,WINBRL,0.002677,0.002793,0.002557,0.002731,129845788.0,348143.654771,906
1639440000000,2021-12-14,WINBRL,0.002662,0.00271,0.002578,0.002677,102033968.0,270915.362705,699
1639353600000,2021-12-13,WINBRL,0.002949,0.002978,0.002654,0.002674,201333146.0,579918.538933,793
1639267200000,2021-12-12,WINBRL,0.00293,0.003,0.002844,0.002949,56535543.0,165833.009575,559
1639180800000,2021-12-11,WINBRL,0.002834,0.002976,0.002819,0.002925,44505771.0,128659.924581,539
1639094400000,2021-12-10,WINBRL,0.002957,0.003071,0.002832,0.002833,67893851.0,199476.873413,664
1639008000000,2021-12-09,WINBRL,0.003222,0.003249,0.002931,0.002935,82107292.0,253353.350113,761
1638921600000,2021-12-08,WINBRL,0.00319,0.003332,0.0031,0.003231,123006934.0,396343.718503,1072
1638835200000,2021-12-07,WINBRL,0.00328,0.003577,0.003132,0.003184,212311206.0,710885.499411,1541
1638748800000,2021-12-06,WINBRL,0.003077,0.003648,0.002742,0.00329,784998069.0,2571397.705865,2851
1638662400000,2021-12-05,WINBRL,0.003293,0.003372,0.00296,0.003091,139546720.0,444304.114662,1038
1638576000000,2021-12-04,WINBRL,0.003802,0.003802,0.0029,0.003293,287489424.0,951421.875283,2384
1638489600000,2021-12-03,WINBRL,0.004064,0.004073,0.00371,0.003775,201956022.0,791544.149076,1666
1638403200000,2021-12-02,WINBRL,0.003926,0.004266,0.003698,0.004064,554299081.0,2232060.846989,2805
1638316800000,2021-12-01,WINBRL,0.003892,0.004094,0.003858,0.003934,185822729.0,734708.419441,1584
1638230400000,2021-11-30,WINBRL,0.003913,0.004203,0.003794,0.003886,267412656.0,1062262.047721,1918
1638144000000,2021-11-29,WINBRL,0.003945,0.004105,0.003865,0.003913,196408012.0,779304.033592,1426
1638057600000,2021-11-28,WINBRL,0.003914,0.003963,0.00359,0.003933,132248421.0,501007.195573,1083
1637971200000,2021-11-27,WINBRL,0.00388,0.00416,0.003864,0.003914,146395013.0,582562.786958,1166
1637884800000,2021-11-26,WINBRL,0.004425,0.00443,0.003846,0.003864,217552870.0,875728.067452,1898
1637798400000,2021-11-25,WINBRL,0.004315,0.004576,0.004244,0.004425,202238532.0,888903.199102,1744
1637712000000,2021-11-24,WINBRL,0.004639,0.004665,0.004207,0.004315,227673995.0,1001784.467713,1790
1637625600000,2021-11-23,WINBRL,0.004613,0.004897,0.0045,0.004639,157188960.0,731716.842737,1680
1637539200000,2021-11-22,WINBRL,0.00488,0.004883,0.00454,0.004613,172851181.0,811538.694935,1753
1637452800000,2021-11-21,WINBRL,0.004663,0.00541,0.004551,0.004869,694860992.0,3518964.361471,3970
1637366400000,2021-11-20,WINBRL,0.004732,0.004829,0.004449,0.004634,303279606.0,1409682.065963,2177
1637280000000,2021-11-19,WINBRL,0.004337,0.004982,0.00413,0.004712,550213319.0,2576241.478172,3089
1637193600000,2021-11-18,WINBRL,0.004686,0.004945,0.004,0.004322,541646224.0,2473711.734504,2799
1637107200000,2021-11-17,WINBRL,0.00478,0.005188,0.004481,0.004694,692116433.0,3325354.651286,3222
1637020800000,2021-11-16,WINBRL,0.005309,0.005325,0.004636,0.004768,873232869.0,4344609.067933,4518
1636934400000,2021-11-15,WINBRL,0.004564,0.006021,0.004549,0.005303,3542692415.0,19137651.01738,14020
1636848000000,2021-11-14,WINBRL,0.003914,0.004979,0.003904,0.004571,1377041358.0,6302640.552876,5016
1636761600000,2021-11-13,WINBRL,0.003832,0.00406,0.003801,0.003917,94001110.0,371043.991469,965
1636675200000,2021-11-12,WINBRL,0.003986,0.004,0.00375,0.00383,229727699.0,895175.804741,1221
1636588800000,2021-11-11,WINBRL,0.003915,0.004131,0.003875,0.003988,143652057.0,576152.16577,1377
1636502400000,2021-11-10,WINBRL,0.004166,0.004255,0.003805,0.003937,205338481.0,839450.129836,1708
1636416000000,2021-11-09,WINBRL,0.004301,0.004385,0.004072,0.004168,167774604.0,709493.318013,1812
1636329600000,2021-11-08,WINBRL,0.004118,0.004427,0.00404,0.004285,394631848.0,1677210.962067,2272
1636243200000,2021-11-07,WINBRL,0.004113,0.004232,0.004055,0.004114,226811174.0,937900.547528,1280
1636156800000,2021-11-06,WINBRL,0.004091,0.00427,0.003969,0.004093,298676810.0,1224890.465669,1934
1636070400000,2021-11-05,WINBRL,0.004042,0.00452,0.00395,0.004098,444299105.0,1863047.475473,2851
1635984000000,2021-11-04,WINBRL,0.004166,0.004263,0.003834,0.004045,829218816.0,3316759.323285,2819
1635897600000,2021-11-03,WINBRL,0.004567,0.004695,0.00414,0.004177,437897244.0,1924987.229144,2830
1635811200000,2021-11-02,WINBRL,0.004553,0.004868,0.004484,0.004567,538720462.0,2499601.863303,3339
1635724800000,2021-11-01,WINBRL,0.004542,0.004912,0.0043,0.004564,534591628.0,2448125.080954,3743
1635638400000,2021-10-31,WINBRL,0.004466,0.00562,0.00424,0.004528,4031466316.0,19843921.747721,11279
1635552000000,2021-10-30,WINBRL,0.003645,0.005626,0.003538,0.004439,5691163514.0,28017945.278192,17936
1635465600000,2021-10-29,WINBRL,0.003335,0.003645,0.003318,0.003645,407330172.0,1417384.050412,2468
1635379200000,2021-10-28,WINBRL,0.003163,0.003435,0.003086,0.003342,471653483.0,1543610.521241,2594
1635292800000,2021-10-27,WINBRL,0.003541,0.003595,0.003078,0.003163,432490950.0,1416401.746025,2890
1635206400000,2021-10-26,WINBRL,0.003572,0.003688,0.003501,0.003541,362080956.0,1298675.285836,2332
1635120000000,2021-10-25,WINBRL,0.003423,0.003792,0.00339,0.003566,497401929.0,1797742.331626,2362
1635033600000,2021-10-24,WINBRL,0.003519,0.003554,0.003333,0.003421,340198960.0,1173375.857431,1785
1634947200000,2021-10-23,WINBRL,0.003458,0.003565,0.003425,0.003522,266076631.0,929853.223532,1301
1634860800000,2021-10-22,WINBRL,0.003512,0.003597,0.003412,0.00346,168009776.0,588687.864571,1332
1634774400000,2021-10-21,WINBRL,0.003648,0.00375,0.00351,0.003512,371405917.0,1350007.67698,2100
1634688000000,2021-10-20,WINBRL,0.003545,0.00382,0.003509,0.003644,398105622.0,1455770.543268,2345
1634601600000,2021-10-19,WINBRL,0.003561,0.003622,0.00346,0.003537,349223945.0,1237117.805093,1911
1634515200000,2021-10-18,WINBRL,0.0035,0.00395,0.003436,0.003557,754108760.0,2733569.779519,3623
1634428800000,2021-10-17,WINBRL,0.003216,0.004111,0.0032,0.003505,1659151352.0,6165046.447955,5857
1634342400000,2021-10-16,WINBRL,0.003128,0.003364,0.003115,0.003216,207138409.0,665114.382329,1310
1634256000000,2021-10-15,WINBRL,0.003188,0.003439,0.003058,0.003126,365572850.0,1160634.341921,1986
1634169600000,2021-10-14,WINBRL,0.003002,0.003405,0.002972,0.003195,407335574.0,1313939.736013,2679
1634083200000,2021-10-13,WINBRL,0.002913,0.003045,0.002873,0.002999,200786959.0,597935.273025,1277
1633996800000,2021-10-12,WINBRL,0.00305,0.00305,0.00278,0.002913,146793392.0,424800.584128,1130
1633910400000,2021-10-11,WINBRL,0.002939,0.003063,0.002914,0.00304,245122079.0,732394.345888,1539
1633824000000,2021-10-10,WINBRL,0.00312,0.003186,0.002939,0.002944,211126148.0,649620.165741,1287
1633737600000,2021-10-09,WINBRL,0.003043,0.003296,0.00299,0.003122,261296949.0,821402.61053,1718
1633651200000,2021-10-08,WINBRL,0.00308,0.003191,0.003022,0.003029,245012956.0,755161.348961,1670
1633564800000,2021-10-07,WINBRL,0.00323,0.003484,0.003028,0.00308,434263420.0,1398808.007675,2821
1633478400000,2021-10-06,WINBRL,0.003319,0.003651,0.00285,0.003244,1160614236.0,3835861.823207,5004
1633392000000,2021-10-05,WINBRL,0.002529,0.00369,0.00251,0.003319,3238795707.0,10427738.712014,6870
1633305600000,2021-10-04,WINBRL,0.002527,0.002555,0.00239,0.00252,377061911.0,935554.390593,1027
1633219200000,2021-10-03,WINBRL,0.002432,0.002598,0.002393,0.002532,144459787.0,361120.966607,733
1633132800000,2021-10-02,WINBRL,0.002389,0.00257,0.002311,0.002434,171676942.0,421623.797613,905
1633046400000,2021-10-01,WINBRL,0.002219,0.002391,0.00218,0.002391,145509619.0,337706.339581,761
1632960000000,2021-09-30,WINBRL,0.002159,0.002219,0.00215,0.002219,79896111.0,174487.601196,446
1632873600000,2021-09-29,WINBRL,0.002124,0.002234,0.002117,0.00216,115033002.0,250128.820699,501
1632787200000,2021-09-28,WINBRL,0.002122,0.002205,0.002105,0.00212,103449406.0,223285.808397,380
1632700800000,2021-09-27,WINBRL,0.00214,0.002222,0.00212,0.00212,61012856.0,132562.074776,402
1632614400000,2021-09-26,WINBRL,0.002201,0.002201,0.00205,0.002143,114473187.0,245088.248806,425
1632528000000,2021-09-25,WINBRL,0.00224,0.002262,0.00216,0.00221,84004506.0,186224.864686,773
1632441600000,2021-09-24,WINBRL,0.002411,0.002414,0.002096,0.002237,157148951.0,352218.194005,1200
1632355200000,2021-09-23,WINBRL,0.00238,0.002462,0.002328,0.002409,125426022.0,300095.566122,751
1632268800000,2021-09-22,WINBRL,0.002135,0.00239,0.00212,0.002382,138457160.0,316095.351853,664
1632182400000,2021-09-21,WINBRL,0.002276,0.002375,0.00212,0.002132,133451329.0,302436.88525,758
1632096000000,2021-09-20,WINBRL,0.002605,0.002605,0.00226,0.002272,240275405.0,575975.749954,1125
1632009600000,2021-09-19,WINBRL,0.002706,0.002735,0.002594,0.002608,84474226.0,224851.246067,816
1631923200000,2021-09-18,WINBRL,0.002687,0.002775,0.002677,0.002712,77018850.0,209286.847282,802
1631836800000,2021-09-17,WINBRL,0.002747,0.002876,0.002661,0.002687,157192163.0,435467.556444,1492
1631750400000,2021-09-16,WINBRL,0.002836,0.002865,0.002697,0.002741,141723317.0,391298.83158,1355
1631664000000,2021-09-15,WINBRL,0.002759,0.00288,0.002723,0.002836,134594749.0,377488.32197,1231
1631577600000,2021-09-14,WINBRL,0.002666,0.002828,0.002647,0.002758,87008194.0,237754.099281,1525
1631491200000,2021-09-13,WINBRL,0.002885,0.002954,0.002582,0.002665,733882884.0,2028968.779128,6215
1631404800000,2021-09-12,WINBRL,0.002719,0.003142,0.00268,0.002878,1164020769.0,3335304.793697,7225
1631318400000,2021-09-11,WINBRL,0.00265,0.00284,0.002634,0.002718,308878096.0,850444.327867,1164
1631232000000,2021-09-10,WINBRL,0.002818,0.00288,0.002536,0.002646,324667903.0,893920.970098,1898
1631145600000,2021-09-09,WINBRL,0.002853,0.002932,0.00276,0.002818,620704500.0,1775078.51893,3120
1631059200000,2021-09-08,WINBRL,0.002811,0.00295,0.0025,0.002854,1463255247.0,4129188.240138,5433
1630972800000,2021-09-07,WINBRL,0.003587,0.003693,0.002524,0.00281,1042855516.0,3210186.063343,4910
1630886400000,2021-09-06,WINBRL,0.003667,0.003682,0.003502,0.003579,1015788327.0,3638605.917334,4241
1630800000000,2021-09-05,WINBRL,0.00347,0.00373,0.003438,0.00367,785214333.0,2776927.973687,2995
1630713600000,2021-09-04,WINBRL,0.003524,0.003601,0.003414,0.00347,543264517.0,1898692.065587,2136
1630627200000,2021-09-03,WINBRL,0.003493,0.003686,0.00339,0.003525,1081410051.0,3839328.156923,4253
1630540800000,2021-09-02,WINBRL,0.003375,0.00361,0.003349,0.0035,674939450.0,2336407.05882,2821
1630454400000,2021-09-01,WINBRL,0.003251,0.00341,0.003188,0.003375,1048184631.0,3460245.204546,3230
1630368000000,2021-08-31,WINBRL,0.003296,0.003435,0.00321,0.003264,1173974517.0,3866087.703829,4439
1630281600000,2021-08-30,WINBRL,0.003548,0.003805,0.00321,0.003301,992356441.0,3391665.329208,3161
1630195200000,2021-08-29,WINBRL,0.003767,0.00395,0.0033,0.003541,423518920.0,1545839.376866,2515
1630108800000,2021-08-28,WINBRL,0.003244,0.003981,0.003137,0.003787,1642190777.0,5755938.575555,5451
1630022400000,2021-08-27,WINBRL,0.003136,0.003255,0.00305,0.003244,978527308.0,3115098.331502,3738
1629936000000,2021-08-26,WINBRL,0.003341,0.003388,0.00308,0.003136,815151827.0,2597697.10998,3529
1629849600000,2021-08-25,WINBRL,0.003286,0.003427,0.003126,0.003345,806886909.0,2673777.460768,3780
1629763200000,2021-08-24,WINBRL,0.00368,0.003698,0.003233,0.003293,793086156.0,2749591.126666,4089
1629676800000,2021-08-23,WINBRL,0.003582,0.003752,0.003553,0.003679,870766403.0,3167889.564188,3830
1629590400000,2021-08-22,WINBRL,0.003589,0.00375,0.003481,0.003582,556549264.0,2011684.369493,2764
1629504000000,2021-08-21,WINBRL,0.003736,0.003781,0.003541,0.00358,368710308.0,1342444.028245,1934
1629417600000,2021-08-20,WINBRL,0.003664,0.003882,0.00353,0.003736,621373814.0,2288893.152827,3328
1629331200000,2021-08-19,WINBRL,0.003447,0.00373,0.003324,0.003664,812883999.0,2815895.631109,4099
1629244800000,2021-08-18,WINBRL,0.00336,0.003577,0.003216,0.00345,637172648.0,2167236.581077,4175
1629158400000,2021-08-17,WINBRL,0.003702,0.0038,0.003309,0.003368,713862263.0,2557610.010219,4899
1629072000000,2021-08-16,WINBRL,0.003849,0.004025,0.003649,0.003692,807585607.0,3117207.96173,4310
1628985600000,2021-08-15,WINBRL,0.003973,0.00404,0.00372,0.00385,441852320.0,1701381.782337,2441
1628899200000,2021-08-14,WINBRL,0.004067,0.004257,0.00388,0.003977,750546953.0,3018725.78216,3849
1628812800000,2021-08-13,WINBRL,0.003775,0.004271,0.003673,0.004064,1018500089.0,4124029.726982,5321
1628726400000,2021-08-12,WINBRL,0.00383,0.004268,0.003393,0.003763,3107968378.0,12046781.394406,9683
1628640000000,2021-08-11,WINBRL,0.002638,0.004384,0.002626,0.003864,4616622881.0,17282573.369855,13202
1628553600000,2021-08-10,WINBRL,0.002492,0.002735,0.002447,0.002637,1110205728.0,2909967.592992,3729
1628467200000,2021-08-09,WINBRL,0.002368,0.00252,0.002241,0.002484,3697430938.0,8890323.840042,5326
1628380800000,2021-08-08,WINBRL,0.002236,0.002556,0.00219,0.002358,2090725786.0,4940838.606304,3964
1628294400000,2021-08-07,WINBRL,0.002219,0.002282,0.002122,0.002234,1200410403.0,2666122.004947,3975
1628208000000,2021-08-06,WINBRL,0.002073,0.002286,0.002025,0.002219,946899026.0,2012952.033538,3415
1628121600000,2021-08-05,WINBRL,0.001997,0.002156,0.001934,0.002071,864047162.0,1768168.563612,3144
1628035200000,2021-08-04,WINBRL,0.001794,0.00219,0.00178,0.001988,1716954534.0,3215304.995087,5002
1627948800000,2021-08-03,WINBRL,0.001867,0.00188,0.001773,0.00179,3218810766.0,5853187.896522,7416
1627862400000,2021-08-02,WINBRL,0.001865,0.001895,0.001838,0.001866,3800071157.0,7079479.870098,5338
1627776000000,2021-08-01,WINBRL,0.001867,0.001959,0.001855,0.001863,1466056390.0,2806540.03604,3649
1627689600000,2021-07-31,WINBRL,0.001883,0.001906,0.001824,0.001867,2411214364.0,4494171.420632,5823
1627603200000,2021-07-30,WINBRL,0.001833,0.001884,0.001712,0.001884,3071700463.0,5485977.439005,5852
1627516800000,2021-07-29,WINBRL,0.001841,0.001865,0.001807,0.001828,1244818429.0,2277857.044505,4593
1627430400000,2021-07-28,WINBRL,0.001891,0.001923,0.001831,0.001841,1105570213.0,2067468.053064,6338
1627344000000,2021-07-27,WINBRL,0.001855,0.001951,0.001738,0.001892,1954291532.0,3614441.542235,9719
1627257600000,2021-07-26,WINBRL,0.001822,0.002154,0.001806,0.001857,3273461036.0,6488870.174133,11026
1627171200000,2021-07-25,WINBRL,0.001658,0.001869,0.001608,0.001823,3917812677.0,6661362.365124,7793
1627084800000,2021-07-24,WINBRL,0.001692,0.001696,0.001603,0.001657,4301332949.0,7058219.810906,6874
1626998400000,2021-07-23,WINBRL,0.00155,0.001726,0.001541,0.001695,3536181437.0,5670100.643384,5739
1626912000000,2021-07-22,WINBRL,0.001543,0.001585,0.001512,0.001548,3207740352.0,4965940.173148,5228
1626825600000,2021-07-21,WINBRL,0.001441,0.001608,0.001414,0.00154,4293138708.0,6541568.412258,6572
1626739200000,2021-07-20,WINBRL,0.001581,0.0016,0.00141,0.001441,1914664492.0,2841202.756577,3862
1626652800000,2021-07-19,WINBRL,0.00162,0.001635,0.001543,0.00158,4305629257.0,6838408.437097,6926
1626566400000,2021-07-18,WINBRL,0.001617,0.001666,0.001612,0.00162,3455133026.0,5658740.329197,6082
1626480000000,2021-07-17,WINBRL,0.001622,0.001658,0.001584,0.00162,2148436721.0,3470970.697676,4885
1626393600000,2021-07-16,WINBRL,0.001711,0.001742,0.001619,0.001623,2487653493.0,4167559.469219,5813
1626307200000,2021-07-15,WINBRL,0.001767,0.00179,0.001664,0.001711,3124299170.0,5398358.741615,6221
1626220800000,2021-07-14,WINBRL,0.001792,0.001841,0.001709,0.001769,4367700644.0,7719650.422337,6361
1626134400000,2021-07-13,WINBRL,0.001844,0.001852,0.00176,0.001792,3195988648.0,5777583.052059,4923
1626048000000,2021-07-12,WINBRL,0.00195,0.00199,0.001812,0.001845,3295290218.0,6261488.337275,5483
1625961600000,2021-07-11,WINBRL,0.001929,0.00197,0.001891,0.001951,2778889229.0,5364348.277589,3995
1625875200000,2021-07-10,WINBRL,0.001944,0.001972,0.001895,0.001918,2426514463.0,4685679.479168,4159
1625788800000,2021-07-09,WINBRL,0.001923,0.001986,0.001866,0.001942,2166351072.0,4192128.572488,3586
1625702400000,2021-07-08,WINBRL,0.002061,0.002071,0.0019,0.001922,2779078155.0,5472401.425253,5171
1625616000000,2021-07-07,WINBRL,0.002035,0.002114,0.00202,0.00206,2029532201.0,4185008.69966,4898
1625529600000,2021-07-06,WINBRL,0.001971,0.002044,0.001955,0.002037,1724556559.0,3468358.635457,5414
1625443200000,2021-07-05,WINBRL,0.002024,0.002024,0.001919,0.001972,4284474209.0,8455037.887666,4839
1625356800000,2021-07-04,WINBRL,0.002007,0.002048,0.001977,0.002024,2904043312.0,5872568.28804,3969
1625270400000,2021-07-03,WINBRL,0.002018,0.002034,0.001967,0.002007,1083983613.0,2166311.205656,3342
1625184000000,2021-07-02,WINBRL,0.001972,0.002019,0.001928,0.002019,2315721642.0,4539970.318925,5873
1625097600000,2021-07-01,WINBRL,0.002089,0.002089,0.001935,0.001973,2308317299.0,4608187.835268,6186
1625011200000,2021-06-30,WINBRL,0.002132,0.002155,0.001936,0.00209,8730501566.0,17660909.566037,6477
1624924800000,2021-06-29,WINBRL,0.001969,0.002214,0.001969,0.002129,2646449606.0,5480497.318054,4544
1624838400000,2021-06-28,WINBRL,0.001937,0.002005,0.001914,0.001966,2444316496.0,4781485.185906,3663
1624752000000,2021-06-27,WINBRL,0.001898,0.001943,0.00184,0.001936,2717029059.0,5140034.379829,3990
1624665600000,2021-06-26,WINBRL,0.001858,0.001913,0.001764,0.001898,2679989684.0,4971274.286115,4298
1624579200000,2021-06-25,WINBRL,0.002075,0.002125,0.001801,0.001858,3366764289.0,6510647.135976,5688
1624492800000,2021-06-24,WINBRL,0.001939,0.002212,0.001917,0.002072,2664518372.0,5393450.069024,5030
1624406400000,2021-06-23,WINBRL,0.001683,0.002005,0.001622,0.001941,2932738088.0,5486553.843561,5101
1624320000000,2021-06-22,WINBRL,0.001831,0.00197,0.001453,0.001687,3452237700.0,5917348.684082,6742
1624233600000,2021-06-21,WINBRL,0.002365,0.002375,0.001823,0.001831,1953932957.0,4047089.880473,5347
1624147200000,2021-06-20,WINBRL,0.00236,0.002405,0.002175,0.002365,610340959.0,1422824.958222,2715
1624060800000,2021-06-19,WINBRL,0.002421,0.00248,0.002356,0.00236,2948224354.0,7106683.700052,3640
1623974400000,2021-06-18,WINBRL,0.00262,0.002853,0.002345,0.002411,1493551365.0,3850965.514494,3592
1623888000000,2021-06-17,WINBRL,0.002314,0.0029,0.002271,0.00262,1352846549.0,3386541.55439,3137
1623801600000,2021-06-16,WINBRL,0.00238,0.002462,0.002274,0.00232,627292023.0,1479047.388954,2013
1623715200000,2021-06-15,WINBRL,0.002363,0.002444,0.002319,0.002389,839963380.0,1984850.016666,2075
1623628800000,2021-06-14,WINBRL,0.002325,0.002407,0.002283,0.002366,2105400910.0,4921130.24614,1828
1623542400000,2021-06-13,WINBRL,0.002209,0.002362,0.00217,0.002341,2156198630.0,4844957.978703,1582
1623456000000,2021-06-12,WINBRL,0.002267,0.002277,0.002118,0.002202,1432521085.0,3142691.628888,3323
1623369600000,2021-06-11,WINBRL,0.002305,0.002396,0.002255,0.002267,694024262.0,1615816.899036,5448
1623283200000,2021-06-10,WINBRL,0.002456,0.002495,0.002253,0.0023,261822545.0,616711.927783,2074
1623196800000,2021-06-09,WINBRL,0.002319,0.00247,0.002195,0.00246,187513145.0,440201.412534,1185
1623110400000,2021-06-08,WINBRL,0.002353,0.002414,0.002079,0.002316,276706692.0,628694.059411,1768
1623024000000,2021-06-07,WINBRL,0.002601,0.00265,0.002336,0.002353,187078299.0,471381.712455,1478
1622937600000,2021-06-06,WINBRL,0.002566,0.002621,0.002546,0.002601,94146639.0,243447.780562,837
1622851200000,2021-06-05,WINBRL,0.0026,0.002722,0.002483,0.002553,172440308.0,447629.514168,1316
1622764800000,2021-06-04,WINBRL,0.002943,0.002953,0.002495,0.002611,288819936.0,777216.153295,1881
1622678400000,2021-06-03,WINBRL,0.002682,0.002943,0.00265,0.00294,214053621.0,601802.845326,1775
1622592000000,2021-06-02,WINBRL,0.002672,0.00275,0.002594,0.002683,164627921.0,440679.312918,1509
1622505600000,2021-06-01,WINBRL,0.002779,0.00285,0.002607,0.002665,175264176.0,476349.799928,1521
1622419200000,2021-05-31,WINBRL,0.002622,0.002825,0.002483,0.002789,225713535.0,611574.1295,1906
1622332800000,2021-05-30,WINBRL,0.002512,0.002704,0.002428,0.002618,215614311.0,560996.408418,1484
1622246400000,2021-05-29,WINBRL,0.002637,0.002731,0.002412,0.002509,156738833.0,398625.900239,1676
1622160000000,2021-05-28,WINBRL,0.002959,0.003018,0.002541,0.002627,295311266.0,809397.268177,2957
1622073600000,2021-05-27,WINBRL,0.003428,0.003429,0.002935,0.002965,283024011.0,891669.322582,2705
1621987200000,2021-05-26,WINBRL,0.002855,0.003454,0.002762,0.003409,363458456.0,1135612.593195,3514
1621900800000,2021-05-25,WINBRL,0.002834,0.00308,0.002546,0.002855,272241053.0,761454.242813,2494
1621814400000,2021-05-24,WINBRL,0.002328,0.002873,0.002263,0.002825,311466223.0,805453.047106,2557
1621728000000,2021-05-23,WINBRL,0.002788,0.002877,0.002,0.00234,464512304.0,1112374.312665,3247
1621641600000,2021-05-22,WINBRL,0.00284,0.003133,0.002532,0.002801,389776339.0,1077044.274036,2496
1621555200000,2021-05-21,WINBRL,0.003373,0.003588,0.002511,0.002837,462634267.0,1383153.664363,3398
1621468800000,2021-05-20,WINBRL,0.002999,0.003768,0.0027,0.003384,585250180.0,1883009.940002,4430
1621382400000,2021-05-19,WINBRL,0.00446,0.0045,0.002111,0.002953,752427555.0,2531843.983603,7011
1621296000000,2021-05-18,WINBRL,0.004595,0.004779,0.0044,0.00446,151659026.0,689448.075664,2361
1621209600000,2021-05-17,WINBRL,0.004968,0.004982,0.004386,0.004599,234886896.0,1095944.495985,3021
1621123200000,2021-05-16,WINBRL,0.004508,0.00573,0.004474,0.00496,527664004.0,2699449.023245,5996
1621036800000,2021-05-15,WINBRL,0.004917,0.00497,0.004466,0.004483,193180752.0,905605.27967,3248
1620950400000,2021-05-14,WINBRL,0.004816,0.005212,0.004704,0.004942,258204756.0,1273125.119522,4320
1620864000000,2021-05-13,WINBRL,0.004788,0.005301,0.004365,0.004823,359300735.0,1716603.068474,5647
1620777600000,2021-05-12,WINBRL,0.005855,0.006,0.004691,0.004764,274809920.0,1487030.43402,5244
1620691200000,2021-05-11,WINBRL,0.005725,0.006055,0.005458,0.005856,241598280.0,1388982.279222,4722
1620604800000,2021-05-10,WINBRL,0.006599,0.0069,0.005348,0.005725,373368382.0,2298598.234299,7252
1620518400000,2021-05-09,WINBRL,0.0068,0.006883,0.006363,0.006604,300258166.0,1982941.516617,5315
1620432000000,2021-05-08,WINBRL,0.006968,0.007156,0.00665,0.0068,305985111.0,2115965.38958,6005
1620345600000,2021-05-07,WINBRL,0.007068,0.008,0.006671,0.006976,959074091.0,7022696.882675,13325
1620259200000,2021-05-06,WINBRL,0.006756,0.0073,0.00651,0.007057,398062956.0,2769423.82889,7063
1620172800000,2021-05-05,WINBRL,0.006386,0.007205,0.00604,0.006739,434318770.0,2931124.00538,7527
1620086400000,2021-05-04,WINBRL,0.007144,0.007165,0.00618,0.006374,509752024.0,3405280.895841,8472
1620000000000,2021-05-03,WINBRL,0.00724,0.007566,0.00693,0.007144,321216325.0,2335270.967969,5438
1619913600000,2021-05-02,WINBRL,0.00734,0.007613,0.0069,0.007236,401574403.0,2910538.238333,5332
1619827200000,2021-05-01,WINBRL,0.007493,0.00768,0.007144,0.00733,238581865.0,1761729.970429,4760
1619740800000,2021-04-30,WINBRL,0.007117,0.007563,0.00695,0.007481,331604288.0,2402726.415463,4448
1619654400000,2021-04-29,WINBRL,0.007208,0.007635,0.006844,0.007113,324254101.0,2331724.274154,4471
1619568000000,2021-04-28,WINBRL,0.007831,0.007955,0.006638,0.007208,493123341.0,3612906.052238,6052
1619481600000,2021-04-27,WINBRL,0.006893,0.00844,0.006692,0.007838,700329524.0,5388205.396122,7991
1619395200000,2021-04-26,WINBRL,0.005888,0.00715,0.005864,0.006901,779044928.0,5178318.517506,8037
1619308800000,2021-04-25,WINBRL,0.006153,0.006728,0.005361,0.005881,475221202.0,2882119.884546,5547
1619222400000,2021-04-24,WINBRL,0.00681,0.0075,0.00586,0.006125,1186682879.0,8058905.282659,10353
1619136000000,2021-04-23,WINBRL,0.00539,0.0085,0.00338,0.006756,1133014911.0,6150207.118895,9847
1619049600000,2021-04-22,WINBRL,0.006619,0.00679,0.004902,0.00539,316097869.0,1872910.206262,4274
1618963200000,2021-04-21,WINBRL,0.007357,0.00765,0.00652,0.006616,201483403.0,1424542.19007,4417
1618876800000,2021-04-20,WINBRL,0.007408,0.007634,0.0058,0.007353,349603431.0,2463721.462057,5569
1618790400000,2021-04-19,WINBRL,0.008054,0.00877,0.00737,0.0074,243692377.0,1932907.627816,5331
1618704000000,2021-04-18,WINBRL,0.009039,0.009302,0.004515,0.008023,258551884.0,2134643.131972,5987
1618617600000,2021-04-17,WINBRL,0.008594,0.010211,0.00855,0.009039,432002455.0,3984233.885629,10794
1618531200000,2021-04-16,WINBRL,0.008709,0.009688,0.008326,0.008595,163055442.0,1412979.023989,3540
