Unix,Date,Symbol,Open,High,Low,Close,Volume DOT,Volume BRL,tradecount
1696032000000,2023-09-30,DOTBRL,20.53,20.76,20.51,20.67,3117.02,64398.1682,178
1695945600000,2023-09-29,DOTBRL,20.56,20.66,20.44,20.53,3313.83,68139.2368,225
1695859200000,2023-09-28,DOTBRL,20.2,20.71,20.1,20.55,5202.58,106575.8388,286
1695772800000,2023-09-27,DOTBRL,20.02,20.46,19.98,20.16,3900.95,78731.5427,280
1695686400000,2023-09-26,DOTBRL,20.28,20.35,19.91,20.07,2881.96,57818.0745,204
1695600000000,2023-09-25,DOTBRL,19.78,20.37,19.65,20.25,3470.8,70019.7385,240
1695513600000,2023-09-24,DOTBRL,19.96,20.12,19.67,19.84,3859.42,76828.4101,176
1695427200000,2023-09-23,DOTBRL,20.03,20.05,19.87,20.01,2435.1,48619.9082,185
1695340800000,2023-09-22,DOTBRL,19.93,20.04,19.67,19.94,4454.63,88571.3477,302
1695254400000,2023-09-21,DOTBRL,20.29,20.38,19.74,19.88,2417.1,48342.604,205
1695168000000,2023-09-20,DOTBRL,20.34,20.39,19.92,20.3,5651.09,114141.037,1701
1695081600000,2023-09-19,DOTBRL,20.0,20.38,19.95,20.36,3646.38,73472.9113,237
1694995200000,2023-09-18,DOTBRL,19.94,20.61,19.73,20.08,3659.8,74171.1222,283
1694908800000,2023-09-17,DOTBRL,20.51,20.52,19.84,20.0,2332.08,47211.7892,215
1694822400000,2023-09-16,DOTBRL,20.28,20.65,20.22,20.52,6102.81,124593.1047,328
1694736000000,2023-09-15,DOTBRL,19.93,20.4,19.88,20.29,7029.57,141374.3655,625
1694649600000,2023-09-14,DOTBRL,19.81,20.12,19.68,19.91,7704.18,152959.1938,765
1694563200000,2023-09-13,DOTBRL,19.83,20.47,19.64,19.81,7525.92,149763.6161,697
1694476800000,2023-09-12,DOTBRL,19.77,20.21,19.66,19.81,10879.62,216071.0358,993
1694390400000,2023-09-11,DOTBRL,20.79,20.8,19.37,19.78,16112.25,322257.4043,1350
1694304000000,2023-09-10,DOTBRL,21.28,21.28,20.64,20.8,6614.5,138523.0372,777
1694217600000,2023-09-09,DOTBRL,21.29,21.46,21.23,21.28,2929.77,62492.9525,352
1694131200000,2023-09-08,DOTBRL,21.47,21.65,21.05,21.3,6720.71,143091.1231,564
1694044800000,2023-09-07,DOTBRL,21.34,21.54,21.21,21.47,6329.47,135022.6759,531
1693958400000,2023-09-06,DOTBRL,21.23,21.4,20.9,21.29,8626.32,182478.3101,705
1693872000000,2023-09-05,DOTBRL,21.15,21.48,20.84,21.23,6770.75,143496.7738,592
1693785600000,2023-09-04,DOTBRL,21.25,21.5,20.74,21.12,8966.85,189676.8671,700
1693699200000,2023-09-03,DOTBRL,21.24,21.45,21.14,21.23,6155.49,130979.8889,557
1693612800000,2023-09-02,DOTBRL,20.96,21.36,20.91,21.22,7480.84,158074.9723,654
1693526400000,2023-09-01,DOTBRL,21.26,21.37,20.54,20.97,12165.94,256271.7064,1087
1693440000000,2023-08-31,DOTBRL,22.24,22.24,21.08,21.25,13848.48,300861.1916,1051
1693353600000,2023-08-30,DOTBRL,22.81,22.82,22.2,22.25,7995.7,178933.3127,751
1693267200000,2023-08-29,DOTBRL,22.61,23.39,22.23,22.85,8216.95,187345.1581,813
1693180800000,2023-08-28,DOTBRL,22.06,22.72,21.7,22.57,5498.81,121786.4271,626
1693094400000,2023-08-27,DOTBRL,22.17,22.32,21.98,22.08,2234.02,49514.1571,339
1693008000000,2023-08-26,DOTBRL,22.04,22.2,21.93,22.12,2884.64,63712.1167,365
1692921600000,2023-08-25,DOTBRL,21.68,22.05,21.41,21.99,4455.96,97074.5549,592
1692835200000,2023-08-24,DOTBRL,22.02,22.08,21.47,21.7,3545.0,77227.3603,520
1692748800000,2023-08-23,DOTBRL,21.99,22.11,21.78,21.98,5384.66,118065.6429,642
1692662400000,2023-08-22,DOTBRL,22.18,22.28,21.2,21.95,7102.47,155292.4327,725
1692576000000,2023-08-21,DOTBRL,22.76,22.83,21.96,22.18,4744.21,106381.5151,617
1692489600000,2023-08-20,DOTBRL,22.71,22.82,22.48,22.75,2945.39,66797.9759,366
1692403200000,2023-08-19,DOTBRL,22.65,22.91,22.39,22.78,5380.07,121732.9884,595
1692316800000,2023-08-18,DOTBRL,22.44,22.9,21.9,22.66,9384.35,210983.2526,1154
1692230400000,2023-08-17,DOTBRL,23.42,24.28,21.9,22.48,14624.1,338764.3338,1190
1692144000000,2023-08-16,DOTBRL,24.09,24.25,22.77,23.4,8882.0,211067.0511,839
1692057600000,2023-08-15,DOTBRL,24.79,24.84,23.23,24.09,6509.49,159374.5481,691
1691971200000,2023-08-14,DOTBRL,24.56,25.15,24.5,24.78,3795.49,94123.863,449
1691884800000,2023-08-13,DOTBRL,24.87,24.92,24.53,24.65,1651.89,40918.3758,228
1691798400000,2023-08-12,DOTBRL,24.62,24.88,24.58,24.81,1858.9,46012.5976,258
1691712000000,2023-08-11,DOTBRL,24.62,24.68,24.38,24.62,1443.57,35411.701,307
1691625600000,2023-08-10,DOTBRL,24.93,24.98,24.33,24.57,7104.81,174340.433,425
1691539200000,2023-08-09,DOTBRL,24.88,25.08,24.56,24.96,6534.31,162184.0047,430
1691452800000,2023-08-08,DOTBRL,24.39,25.0,24.19,24.83,5208.11,128217.1838,481
1691366400000,2023-08-07,DOTBRL,24.52,24.71,23.88,24.38,4438.74,108345.7845,489
1691280000000,2023-08-06,DOTBRL,24.42,24.75,24.36,24.49,2619.64,64345.8161,322
1691193600000,2023-08-05,DOTBRL,24.5,24.51,24.24,24.37,2016.61,49138.4133,295
1691107200000,2023-08-04,DOTBRL,24.51,24.7,24.2,24.51,6097.32,149793.9058,748
1691020800000,2023-08-03,DOTBRL,24.48,24.78,24.09,24.53,5268.15,128791.7034,748
1690934400000,2023-08-02,DOTBRL,24.98,25.14,24.3,24.48,7236.25,179240.7346,794
1690848000000,2023-08-01,DOTBRL,24.32,25.02,23.62,25.02,9236.01,224488.3786,956
1690761600000,2023-07-31,DOTBRL,24.79,25.13,24.01,24.32,6996.18,171837.1879,799
1690675200000,2023-07-30,DOTBRL,25.06,25.22,24.43,24.81,3348.71,83482.8128,499
1690588800000,2023-07-29,DOTBRL,24.93,25.19,24.87,25.08,3426.82,85743.1622,462
1690502400000,2023-07-28,DOTBRL,24.98,25.27,24.68,24.98,6333.74,157766.6699,615
1690416000000,2023-07-27,DOTBRL,24.96,25.4,24.66,24.94,6339.43,158588.8423,675
1690329600000,2023-07-26,DOTBRL,24.76,25.19,24.43,25.0,5081.04,126298.936,728
1690243200000,2023-07-25,DOTBRL,24.87,25.11,24.42,24.79,5417.82,134019.6232,738
1690156800000,2023-07-24,DOTBRL,26.03,26.14,24.5,24.9,7529.47,188652.7381,889
1690070400000,2023-07-23,DOTBRL,25.63,26.45,25.48,26.08,4357.11,113734.5583,557
1689984000000,2023-07-22,DOTBRL,26.4,26.54,25.48,25.59,6128.84,159409.0938,700
1689897600000,2023-07-21,DOTBRL,25.82,27.49,25.79,26.36,9456.12,250751.5019,1156
1689811200000,2023-07-20,DOTBRL,25.07,26.46,25.02,25.81,6117.57,156792.8005,735
1689724800000,2023-07-19,DOTBRL,24.96,25.4,24.8,25.06,4015.39,100848.9242,481
1689638400000,2023-07-18,DOTBRL,25.69,26.04,24.71,25.04,7403.68,185746.2604,533
1689552000000,2023-07-17,DOTBRL,25.64,26.12,25.1,25.64,5084.01,130150.2421,529
1689465600000,2023-07-16,DOTBRL,26.26,26.36,25.5,25.68,2554.3,66299.2698,394
1689379200000,2023-07-15,DOTBRL,26.35,26.86,26.06,26.3,2321.52,61281.4604,352
1689292800000,2023-07-14,DOTBRL,26.69,27.53,25.61,26.32,7501.66,200319.8864,896
1689206400000,2023-07-13,DOTBRL,25.0,26.8,24.77,26.66,14727.24,386251.5655,928
1689120000000,2023-07-12,DOTBRL,25.5,25.88,24.75,25.0,4338.74,109552.352,498
1689033600000,2023-07-11,DOTBRL,25.11,25.5,24.92,25.48,3237.15,81677.4623,392
1688947200000,2023-07-10,DOTBRL,24.98,25.57,24.57,25.06,6170.73,154333.6821,733
1688860800000,2023-07-09,DOTBRL,25.21,25.39,24.93,24.99,3894.18,98076.0135,496
1688774400000,2023-07-08,DOTBRL,25.09,25.49,24.94,25.24,3087.64,77887.3773,389
1688688000000,2023-07-07,DOTBRL,24.74,25.43,24.6,25.04,5056.41,127047.0731,676
1688601600000,2023-07-06,DOTBRL,25.25,25.94,24.72,24.72,6570.74,166226.4822,713
1688515200000,2023-07-05,DOTBRL,26.03,26.16,24.94,25.3,7868.9,200896.9867,895
1688428800000,2023-07-04,DOTBRL,26.12,26.66,25.67,26.03,9831.68,257825.0372,1044
1688342400000,2023-07-03,DOTBRL,26.5,27.2,25.94,26.17,10306.34,271898.3535,1375
1688256000000,2023-07-02,DOTBRL,25.79,26.68,25.26,26.51,6304.7,162852.3163,993
1688169600000,2023-07-01,DOTBRL,25.0,25.92,24.68,25.79,7573.38,192851.0724,739
1688083200000,2023-06-30,DOTBRL,24.3,25.25,23.5,24.94,10202.08,249362.2342,1076
1687996800000,2023-06-29,DOTBRL,23.86,25.53,23.81,24.34,11787.24,288005.1026,859
1687910400000,2023-06-28,DOTBRL,24.6,24.61,23.27,23.84,5750.64,139292.7857,692
1687824000000,2023-06-27,DOTBRL,24.11,24.8,24.0,24.57,4087.78,100023.6078,447
1687737600000,2023-06-26,DOTBRL,25.0,25.12,23.98,24.13,8181.76,202689.0765,744
1687651200000,2023-06-25,DOTBRL,24.13,25.12,24.03,25.08,3395.78,84005.0556,464
1687564800000,2023-06-24,DOTBRL,24.53,24.75,23.8,24.02,3471.67,83919.2411,420
1687478400000,2023-06-23,DOTBRL,23.11,24.68,23.11,24.52,8470.17,203681.9729,727
1687392000000,2023-06-22,DOTBRL,23.03,23.7,22.83,23.11,5938.5,138413.0827,672
1687305600000,2023-06-21,DOTBRL,22.41,23.2,22.27,23.02,7841.8,178325.127,1151
1687219200000,2023-06-20,DOTBRL,21.73,22.6,21.08,22.45,7485.35,163383.5596,507
1687132800000,2023-06-19,DOTBRL,22.07,22.27,21.29,21.74,6647.91,144821.9249,630
1687046400000,2023-06-18,DOTBRL,22.03,22.66,21.82,22.07,3135.64,69691.9636,395
1686960000000,2023-06-17,DOTBRL,21.45,22.25,21.35,22.05,3064.36,66907.6692,409
1686873600000,2023-06-16,DOTBRL,21.14,21.67,20.84,21.45,5061.19,107536.3556,567
1686787200000,2023-06-15,DOTBRL,22.16,22.45,20.63,21.18,13195.47,281382.5509,1094
1686700800000,2023-06-14,DOTBRL,22.62,23.39,21.89,22.21,10643.78,240962.3304,798
1686614400000,2023-06-13,DOTBRL,22.15,22.95,21.94,22.65,7028.76,158062.5388,1056
1686528000000,2023-06-12,DOTBRL,22.37,22.48,21.88,22.15,5354.2,118847.5851,656
1686441600000,2023-06-11,DOTBRL,22.33,22.52,21.89,22.34,5438.5,120611.2442,1022
1686355200000,2023-06-10,DOTBRL,24.52,24.53,20.8,22.34,18602.49,408957.7664,2169
1686268800000,2023-06-09,DOTBRL,24.96,25.07,24.22,24.55,5137.27,126983.7792,537
1686182400000,2023-06-08,DOTBRL,24.94,25.11,24.69,24.98,3998.04,99687.3786,414
1686096000000,2023-06-07,DOTBRL,25.68,25.68,24.72,24.92,5883.07,147759.9637,593
1686009600000,2023-06-06,DOTBRL,25.28,25.96,24.85,25.7,5536.28,139825.2461,621
1685923200000,2023-06-05,DOTBRL,26.61,26.72,24.36,25.27,7558.53,192952.7032,806
1685836800000,2023-06-04,DOTBRL,26.74,26.92,26.58,26.64,1342.92,35925.0774,232
1685750400000,2023-06-03,DOTBRL,26.32,26.65,26.22,26.63,1772.54,46793.5346,231
1685664000000,2023-06-02,DOTBRL,26.28,26.72,26.02,26.35,4109.58,108305.4778,418
1685577600000,2023-06-01,DOTBRL,26.99,27.11,26.23,26.3,5777.78,153269.1603,526
1685491200000,2023-05-31,DOTBRL,27.58,27.62,26.9,27.03,4004.34,108728.1344,443
1685404800000,2023-05-30,DOTBRL,27.57,27.86,27.5,27.6,4329.58,119902.5917,368
1685318400000,2023-05-29,DOTBRL,27.64,27.8,27.28,27.53,5390.57,148522.7689,475
1685232000000,2023-05-28,DOTBRL,26.86,27.95,26.77,27.65,9312.6,254113.4333,676
1685145600000,2023-05-27,DOTBRL,26.35,27.09,26.28,26.86,6325.44,168766.2364,547
1685059200000,2023-05-26,DOTBRL,26.41,26.53,26.13,26.38,10025.29,263886.8412,857
1684972800000,2023-05-25,DOTBRL,26.22,26.71,25.69,26.38,9761.16,256771.3673,1063
1684886400000,2023-05-24,DOTBRL,27.01,27.01,25.9,26.24,10359.19,272613.7905,1121
1684800000000,2023-05-23,DOTBRL,26.56,27.18,26.46,26.98,6976.49,187351.9474,646
1684713600000,2023-05-22,DOTBRL,26.46,26.75,26.3,26.57,7573.95,201051.33,724
1684627200000,2023-05-21,DOTBRL,27.07,27.13,26.43,26.47,5604.12,149550.8042,518
1684540800000,2023-05-20,DOTBRL,26.94,27.31,26.8,27.09,3753.02,101697.4251,367
1684454400000,2023-05-19,DOTBRL,26.65,27.09,26.62,26.89,4340.58,116359.0694,539
1684368000000,2023-05-18,DOTBRL,26.87,27.18,26.22,26.7,3843.66,103334.3465,369
1684281600000,2023-05-17,DOTBRL,26.39,27.0,26.05,26.87,3927.48,104095.8931,444
1684195200000,2023-05-16,DOTBRL,26.24,26.43,25.87,26.4,4325.37,113139.4677,435
1684108800000,2023-05-15,DOTBRL,26.64,26.91,26.21,26.24,4226.69,112523.5562,503
1684022400000,2023-05-14,DOTBRL,26.48,27.05,26.41,26.61,3294.2,87646.6929,332
1683936000000,2023-05-13,DOTBRL,26.62,26.83,26.45,26.51,3700.03,98598.4021,427
1683849600000,2023-05-12,DOTBRL,26.27,26.59,25.49,26.58,5755.48,149951.6721,639
1683763200000,2023-05-11,DOTBRL,27.25,27.26,25.84,26.29,6832.94,182174.5185,832
1683676800000,2023-05-10,DOTBRL,26.72,27.5,26.16,27.22,7527.61,202689.1732,768
1683590400000,2023-05-09,DOTBRL,27.1,27.27,26.53,26.73,7663.83,205887.9329,739
1683504000000,2023-05-08,DOTBRL,28.22,28.34,26.0,27.09,8879.75,241537.4018,944
1683417600000,2023-05-07,DOTBRL,28.24,28.54,28.09,28.21,4393.19,124562.7455,465
1683331200000,2023-05-06,DOTBRL,29.18,29.24,27.98,28.27,6166.4,175655.4678,576
1683244800000,2023-05-05,DOTBRL,28.39,29.4,28.39,29.13,7062.24,204717.5091,635
1683158400000,2023-05-04,DOTBRL,28.99,29.1,28.13,28.36,6315.08,180668.4516,612
1683072000000,2023-05-03,DOTBRL,28.94,29.15,28.11,29.03,7423.29,211914.9492,750
1682985600000,2023-05-02,DOTBRL,28.63,29.18,27.52,28.93,7566.93,217705.131,758
1682899200000,2023-05-01,DOTBRL,29.61,29.69,28.26,28.63,6055.87,175779.8257,629
1682812800000,2023-04-30,DOTBRL,30.35,30.53,29.45,29.6,3252.89,98100.0357,412
1682726400000,2023-04-29,DOTBRL,29.92,30.41,29.84,30.33,7999.87,241256.1963,491
1682640000000,2023-04-28,DOTBRL,29.91,29.99,29.2,29.9,6305.64,186592.7602,629
1682553600000,2023-04-27,DOTBRL,29.7,30.47,29.68,29.9,7299.94,218966.1392,816
1682467200000,2023-04-26,DOTBRL,30.5,31.65,28.73,29.73,16330.7,501376.3389,1179
1682380800000,2023-04-25,DOTBRL,29.86,30.57,29.46,30.51,7660.26,228400.8237,792
1682294400000,2023-04-24,DOTBRL,30.19,30.8,29.57,29.9,7157.72,216174.5944,648
1682208000000,2023-04-23,DOTBRL,30.5,30.61,29.62,30.23,5326.38,160999.7073,529
1682121600000,2023-04-22,DOTBRL,30.0,30.59,29.77,30.49,4144.22,125745.8367,496
1682035200000,2023-04-21,DOTBRL,31.09,31.35,29.62,29.98,6845.99,208630.4092,766
1681948800000,2023-04-20,DOTBRL,32.36,32.97,30.9,31.05,8316.58,265906.1183,984
1681862400000,2023-04-19,DOTBRL,34.53,34.63,31.97,32.38,30596.33,1003951.7058,1599
1681776000000,2023-04-18,DOTBRL,33.31,34.72,32.87,34.65,11218.58,384498.4627,814
1681689600000,2023-04-17,DOTBRL,34.02,34.02,33.08,33.36,7474.71,250097.0694,592
1681603200000,2023-04-16,DOTBRL,33.93,34.24,33.38,34.05,6116.34,206909.8004,713
1681516800000,2023-04-15,DOTBRL,33.32,34.14,32.83,33.93,14104.66,473470.0592,1157
1681430400000,2023-04-14,DOTBRL,32.85,33.86,32.5,33.3,18376.83,610453.2133,1553
1681344000000,2023-04-13,DOTBRL,31.79,32.95,31.52,32.88,13375.46,432158.3571,1113
1681257600000,2023-04-12,DOTBRL,32.29,32.52,31.35,31.77,17359.14,551371.7173,1545
1681171200000,2023-04-11,DOTBRL,31.96,32.75,31.9,32.28,19190.49,620886.3098,1469
1681084800000,2023-04-10,DOTBRL,31.59,32.08,31.15,31.92,12006.22,378792.7534,1072
1680998400000,2023-04-09,DOTBRL,31.25,31.88,31.11,31.6,6703.39,210663.6306,746
1680912000000,2023-04-08,DOTBRL,31.45,31.74,31.08,31.26,6775.11,212665.823,865
1680825600000,2023-04-07,DOTBRL,31.99,32.18,31.27,31.48,9364.9,295980.0766,1047
1680739200000,2023-04-06,DOTBRL,32.42,32.72,31.86,31.97,12597.59,406915.66,1232
1680652800000,2023-04-05,DOTBRL,32.83,33.5,32.11,32.43,10641.92,349090.2153,1063
1680566400000,2023-04-04,DOTBRL,32.76,33.4,32.49,32.86,10977.51,361301.7058,1149
1680480000000,2023-04-03,DOTBRL,32.13,33.21,31.37,32.79,17780.66,574268.511,1590
1680393600000,2023-04-02,DOTBRL,32.51,32.92,31.73,32.11,9280.49,300486.6628,937
1680307200000,2023-04-01,DOTBRL,32.42,32.65,31.73,32.47,7603.03,244367.1523,869
1680220800000,2023-03-31,DOTBRL,31.6,32.61,31.43,32.43,13355.54,429428.3546,1357
1680134400000,2023-03-30,DOTBRL,32.0,32.36,31.0,31.53,18501.37,585007.2906,1588
1680048000000,2023-03-29,DOTBRL,31.55,32.61,31.5,31.94,15245.23,490045.6984,1536
1679961600000,2023-03-28,DOTBRL,30.88,31.76,30.48,31.53,14977.59,465489.6504,1825
1679875200000,2023-03-27,DOTBRL,31.98,32.22,30.48,30.9,16073.44,502723.7442,2030
1679788800000,2023-03-26,DOTBRL,31.32,32.33,31.18,32.0,7887.75,251727.827,980
1679702400000,2023-03-25,DOTBRL,31.88,32.14,31.02,31.33,9845.68,311928.3163,1243
1679616000000,2023-03-24,DOTBRL,33.55,33.69,31.55,31.87,13919.1,450668.7768,1538
1679529600000,2023-03-23,DOTBRL,32.01,34.1,31.75,33.54,15874.66,523810.4999,1603
1679443200000,2023-03-22,DOTBRL,33.66,33.96,31.22,32.04,26297.02,861734.0098,2433
1679356800000,2023-03-21,DOTBRL,32.25,34.11,31.79,33.64,18994.28,624599.8353,2017
1679270400000,2023-03-20,DOTBRL,34.21,34.38,32.06,32.13,20059.55,676032.2778,1803
1679184000000,2023-03-19,DOTBRL,33.35,34.87,33.35,34.16,9009.0,307567.311,977
1679097600000,2023-03-18,DOTBRL,35.16,35.47,33.23,33.36,8262.85,287224.9583,1079
1679011200000,2023-03-17,DOTBRL,32.12,35.16,31.82,35.14,22191.93,741587.377,1790
1678924800000,2023-03-16,DOTBRL,31.18,35.0,30.72,32.12,18031.92,572626.5243,1860
1678838400000,2023-03-15,DOTBRL,32.91,33.6,30.86,31.2,38829.79,1259713.6149,3086
1678752000000,2023-03-14,DOTBRL,31.88,34.4,31.26,32.85,36097.29,1191427.9744,2718
1678665600000,2023-03-13,DOTBRL,30.5,32.12,29.48,31.79,49267.68,1517470.2976,2816
1678579200000,2023-03-12,DOTBRL,27.92,30.49,27.6,30.49,26174.24,754802.108,2197
1678492800000,2023-03-11,DOTBRL,29.15,29.86,27.14,27.95,35452.49,1002760.5777,3238
1678406400000,2023-03-10,DOTBRL,28.0,29.29,26.81,29.11,36115.35,1023404.9792,2998
1678320000000,2023-03-09,DOTBRL,28.98,30.02,27.4,28.0,25881.18,748232.9062,2491
1678233600000,2023-03-08,DOTBRL,30.6,31.0,28.61,28.97,25426.23,750068.5426,2159
1678147200000,2023-03-07,DOTBRL,30.75,31.19,29.98,30.53,17391.33,530424.1362,1694
1678060800000,2023-03-06,DOTBRL,31.26,31.46,30.63,30.71,12309.69,383148.7634,1274
1677974400000,2023-03-05,DOTBRL,30.99,31.73,30.78,31.27,14198.13,445879.2738,1239
1677888000000,2023-03-04,DOTBRL,31.59,31.75,30.01,30.97,11753.06,364547.1748,1105
1677801600000,2023-03-03,DOTBRL,33.08,34.66,30.51,31.63,24700.46,781103.8577,2153
1677715200000,2023-03-02,DOTBRL,34.07,34.17,32.61,33.07,13465.22,445696.5815,1398
1677628800000,2023-03-01,DOTBRL,33.27,34.43,33.09,34.08,16593.09,562226.2449,1447
1677542400000,2023-02-28,DOTBRL,34.4,34.4,32.97,33.2,17567.06,594247.1051,1513
1677456000000,2023-02-27,DOTBRL,34.9,35.34,33.9,34.37,16859.18,582776.646,1397
1677369600000,2023-02-26,DOTBRL,34.18,35.04,33.98,34.91,13544.72,468802.182,1052
1677283200000,2023-02-25,DOTBRL,34.59,34.62,33.12,34.19,11982.88,408109.6946,1216
1677196800000,2023-02-24,DOTBRL,36.56,36.86,33.88,34.57,23875.29,847123.2044,2040
1677110400000,2023-02-23,DOTBRL,37.3,38.21,36.15,36.6,23312.02,868151.9341,1827
1677024000000,2023-02-22,DOTBRL,37.78,37.9,35.95,37.26,23871.67,878007.8898,1931
1676937600000,2023-02-21,DOTBRL,39.3,39.32,37.14,37.8,17707.79,675421.3711,1528
1676851200000,2023-02-20,DOTBRL,39.04,39.36,38.0,39.21,18686.22,727037.1378,1743
1676764800000,2023-02-19,DOTBRL,37.62,41.0,37.39,38.97,45864.2,1803767.673,3761
1676678400000,2023-02-18,DOTBRL,37.89,38.27,37.0,37.67,20665.22,777418.0745,1879
1676592000000,2023-02-17,DOTBRL,33.0,38.5,32.9,37.89,37436.95,1374904.8551,2671
1676505600000,2023-02-16,DOTBRL,34.38,35.5,33.05,33.05,15878.52,545238.7738,1194
1676419200000,2023-02-15,DOTBRL,32.49,34.35,32.08,34.34,14242.56,471330.3228,1126
1676332800000,2023-02-14,DOTBRL,31.92,32.76,31.18,32.46,11599.53,370918.7409,954
1676246400000,2023-02-13,DOTBRL,32.58,32.8,30.66,31.95,14520.24,459297.3306,1130
1676160000000,2023-02-12,DOTBRL,33.04,33.58,32.01,32.62,9289.63,306618.3134,625
1676073600000,2023-02-11,DOTBRL,32.52,33.09,32.36,33.02,5203.31,170133.7235,564
1675987200000,2023-02-10,DOTBRL,33.03,33.4,32.27,32.52,11410.03,376292.0769,993
1675900800000,2023-02-09,DOTBRL,35.38,36.54,32.31,33.06,22713.93,790742.758,1684
1675814400000,2023-02-08,DOTBRL,36.16,36.35,34.75,35.24,32203.52,1142634.2977,1198
1675728000000,2023-02-07,DOTBRL,33.61,36.18,33.59,36.07,14787.85,517672.0842,1180
1675641600000,2023-02-06,DOTBRL,34.51,35.25,33.33,33.68,12207.81,421508.0701,1066
1675555200000,2023-02-05,DOTBRL,35.5,35.61,33.88,34.5,18355.05,635260.9645,1314
1675468800000,2023-02-04,DOTBRL,36.08,36.35,35.15,35.52,41752.29,1495173.0446,1367
1675382400000,2023-02-03,DOTBRL,33.26,36.62,33.1,36.08,26831.54,946962.9536,2107
1675296000000,2023-02-02,DOTBRL,32.99,34.78,32.83,33.25,18579.54,624302.8028,1505
1675209600000,2023-02-01,DOTBRL,31.97,32.98,30.91,32.89,10548.49,334348.9471,1151
1675123200000,2023-01-31,DOTBRL,31.81,32.39,31.64,31.99,5878.05,188150.2732,488
1675036800000,2023-01-30,DOTBRL,33.9,34.03,31.01,31.81,17468.96,564056.1646,1216
1674950400000,2023-01-29,DOTBRL,32.81,34.26,32.55,33.88,16786.93,563122.1423,1245
1674864000000,2023-01-28,DOTBRL,33.96,34.23,32.49,32.87,27020.04,892222.7257,1326
1674777600000,2023-01-27,DOTBRL,32.96,33.96,32.15,33.79,14817.38,487043.2983,1048
1674691200000,2023-01-26,DOTBRL,32.76,33.57,32.34,32.98,22408.43,738593.4435,1456
1674604800000,2023-01-25,DOTBRL,32.07,33.43,31.05,32.73,20068.97,644743.8746,1411
1674518400000,2023-01-24,DOTBRL,34.24,34.91,31.68,32.04,19977.9,670282.7166,1828
1674432000000,2023-01-23,DOTBRL,32.41,35.51,32.41,34.21,28292.99,963015.8567,3166
1674345600000,2023-01-22,DOTBRL,32.51,33.54,31.81,32.45,15750.06,514963.2733,1554
1674259200000,2023-01-21,DOTBRL,32.59,33.75,31.44,32.56,14134.6,462485.7947,1700
1674172800000,2023-01-20,DOTBRL,30.23,32.71,29.97,32.62,16369.75,509440.59,1629
1674086400000,2023-01-19,DOTBRL,29.36,30.36,29.36,30.25,11781.15,353315.9166,1337
1674000000000,2023-01-18,DOTBRL,30.71,31.76,29.02,29.3,23828.9,723279.0301,2565
1673913600000,2023-01-17,DOTBRL,30.04,31.94,29.5,30.67,20591.92,635156.1555,2552
1673827200000,2023-01-16,DOTBRL,30.49,31.22,29.0,30.05,23802.4,714961.7695,2546
1673740800000,2023-01-15,DOTBRL,30.9,31.09,29.64,30.48,30198.14,916107.7957,2510
1673654400000,2023-01-14,DOTBRL,27.72,33.15,27.72,30.91,50793.27,1569804.575,3830
1673568000000,2023-01-13,DOTBRL,27.07,27.82,26.62,27.7,19078.23,515599.3311,2199
1673481600000,2023-01-12,DOTBRL,26.74,27.16,26.14,27.06,21391.26,569487.0275,2255
1673395200000,2023-01-11,DOTBRL,25.8,26.75,25.26,26.75,16758.96,430969.1022,1765
1673308800000,2023-01-10,DOTBRL,25.83,26.09,25.53,25.79,15202.77,393353.099,1892
1673222400000,2023-01-09,DOTBRL,25.69,27.01,25.57,25.83,18410.03,484865.6924,1955
1673136000000,2023-01-08,DOTBRL,24.71,25.62,24.37,25.52,8274.03,206792.195,852
1673049600000,2023-01-07,DOTBRL,24.73,24.88,24.59,24.7,6687.96,165164.1124,807
1672963200000,2023-01-06,DOTBRL,24.88,25.07,24.49,24.73,15863.74,392223.4209,1619
1672876800000,2023-01-05,DOTBRL,25.12,25.18,24.59,24.85,13607.43,337553.2119,1390
1672790400000,2023-01-04,DOTBRL,24.53,25.53,24.48,25.11,14357.35,360423.4276,1405
1672704000000,2023-01-03,DOTBRL,23.89,24.57,23.75,24.52,13406.07,323655.2875,1363
1672617600000,2023-01-02,DOTBRL,23.21,24.16,22.96,23.88,15382.74,365069.9897,1524
1672531200000,2023-01-01,DOTBRL,22.95,23.31,22.77,23.19,6485.54,149434.4497,724
1672444800000,2022-12-31,DOTBRL,23.08,23.39,22.9,22.9,6763.42,156375.394,734
1672358400000,2022-12-30,DOTBRL,22.91,23.27,22.5,23.12,10188.75,232590.1469,1163
1672272000000,2022-12-29,DOTBRL,22.74,23.03,22.43,22.91,13581.13,310013.7494,1499
1672185600000,2022-12-28,DOTBRL,23.74,23.74,22.63,22.7,19234.57,441962.1755,1999
1672099200000,2022-12-27,DOTBRL,23.92,24.05,23.56,23.72,12859.24,306272.8174,1074
1672012800000,2022-12-26,DOTBRL,23.3,23.96,23.16,23.94,10899.44,256587.8663,832
1671926400000,2022-12-25,DOTBRL,23.04,23.3,22.83,23.3,5348.6,123185.0261,488
1671840000000,2022-12-24,DOTBRL,23.18,23.21,22.96,23.02,5727.42,132293.9271,546
1671753600000,2022-12-23,DOTBRL,23.67,23.68,23.04,23.18,16635.06,389054.3788,1458
1671667200000,2022-12-22,DOTBRL,23.51,23.64,22.81,23.64,14870.92,345618.3458,1373
1671580800000,2022-12-21,DOTBRL,24.18,24.2,23.24,23.49,11954.89,281669.5986,1296
1671494400000,2022-12-20,DOTBRL,23.84,24.56,23.71,24.17,15709.67,380711.7183,1103
1671408000000,2022-12-19,DOTBRL,24.67,24.93,23.53,23.77,7350.6,179466.1668,899
1671321600000,2022-12-18,DOTBRL,24.96,24.96,24.49,24.66,4742.56,117226.7051,644
1671235200000,2022-12-17,DOTBRL,24.79,25.04,24.34,24.98,12342.9,305883.8905,1267
1671148800000,2022-12-16,DOTBRL,27.77,27.82,24.44,24.79,26677.54,684766.8265,1383
1671062400000,2022-12-15,DOTBRL,27.39,27.88,26.98,27.74,8385.62,230001.628,895
1670976000000,2022-12-14,DOTBRL,27.72,28.36,27.29,27.39,9182.3,255301.69,1148
1670889600000,2022-12-13,DOTBRL,27.15,27.95,26.25,27.68,7847.96,213012.1844,915
1670803200000,2022-12-12,DOTBRL,27.05,27.31,26.41,27.14,8367.5,225709.6756,868
1670716800000,2022-12-11,DOTBRL,27.61,27.85,27.0,27.08,5190.57,142422.9852,421
1670630400000,2022-12-10,DOTBRL,27.84,27.91,27.57,27.57,3473.56,96406.5379,466
1670544000000,2022-12-09,DOTBRL,28.45,28.46,27.69,27.86,6600.56,186100.8185,660
1670457600000,2022-12-08,DOTBRL,27.79,28.63,22.91,28.42,112839.8,2841075.1892,1448
1670371200000,2022-12-07,DOTBRL,28.95,31.63,27.59,27.82,18470.65,543341.6262,930
1670284800000,2022-12-06,DOTBRL,28.9,29.07,28.66,28.92,5908.88,170646.7946,689
1670198400000,2022-12-05,DOTBRL,29.24,29.83,28.76,28.96,6226.73,183357.8884,819
1670112000000,2022-12-04,DOTBRL,28.82,34.4,28.67,29.25,105158.8,3372116.9728,1833
1670025600000,2022-12-03,DOTBRL,29.39,29.78,24.07,28.86,240594.34,6216862.0894,1639
1669939200000,2022-12-02,DOTBRL,28.23,29.8,28.05,29.38,8745.67,251711.518,1033
1669852800000,2022-12-01,DOTBRL,28.73,28.76,27.9,28.21,6675.5,188703.1985,787
1669766400000,2022-11-30,DOTBRL,28.35,29.17,28.0,28.68,7806.24,223652.5351,937
1669680000000,2022-11-29,DOTBRL,27.62,28.65,27.43,28.35,11322.81,318397.6786,1290
1669593600000,2022-11-28,DOTBRL,28.53,28.61,27.33,27.6,5650.17,157545.5251,858
1669507200000,2022-11-27,DOTBRL,28.56,29.28,28.43,28.43,4343.98,125766.0963,691
1669420800000,2022-11-26,DOTBRL,28.44,29.35,28.35,28.57,12060.52,347566.5087,1076
1669334400000,2022-11-25,DOTBRL,28.88,28.88,28.21,28.53,7426.05,212038.0302,881
1669248000000,2022-11-24,DOTBRL,29.23,29.61,28.58,28.93,7424.49,216012.4613,999
1669161600000,2022-11-23,DOTBRL,28.49,29.45,28.25,29.21,9964.46,288346.3604,1079
1669075200000,2022-11-22,DOTBRL,27.7,28.53,26.65,28.4,9327.72,258480.6185,1164
1668988800000,2022-11-21,DOTBRL,28.68,33.8,27.14,27.67,82564.23,2649702.0885,2016
1668902400000,2022-11-20,DOTBRL,30.25,30.54,28.47,28.69,8813.2,262138.1383,961
1668816000000,2022-11-19,DOTBRL,30.38,30.43,29.86,30.25,3696.3,111259.1485,709
1668729600000,2022-11-18,DOTBRL,30.52,30.97,30.25,30.38,5997.23,183689.4475,863
1668643200000,2022-11-17,DOTBRL,30.56,30.92,29.92,30.53,11426.4,348000.1797,1603
1668556800000,2022-11-16,DOTBRL,31.23,31.53,29.84,30.56,14941.38,457102.3803,1888
1668470400000,2022-11-15,DOTBRL,31.05,31.97,30.71,31.24,10164.64,319675.6366,1422
1668384000000,2022-11-14,DOTBRL,30.01,35.6,28.67,31.0,53207.97,1737978.5467,1522
1668297600000,2022-11-13,DOTBRL,30.41,35.9,29.43,30.01,64074.04,2174656.7961,1739
1668211200000,2022-11-12,DOTBRL,30.5,30.98,29.45,30.39,7394.66,224195.5814,1261
1668124800000,2022-11-11,DOTBRL,32.08,35.4,29.45,30.57,120304.06,4081537.8089,1945
1668038400000,2022-11-10,DOTBRL,28.6,33.12,28.26,31.95,49467.93,1510639.8815,4169
1667952000000,2022-11-09,DOTBRL,32.88,36.66,28.26,28.59,83485.36,2872192.5745,4132
1667865600000,2022-11-08,DOTBRL,36.89,38.7,30.5,32.88,38450.68,1353122.8314,3869
1667779200000,2022-11-07,DOTBRL,34.72,40.0,33.95,36.91,76471.82,2950670.065,2555
1667692800000,2022-11-06,DOTBRL,35.72,36.38,34.63,34.83,8889.26,317836.9413,1357
1667606400000,2022-11-05,DOTBRL,35.98,36.79,35.3,35.69,15227.1,550683.6518,1787
1667520000000,2022-11-04,DOTBRL,33.11,36.09,33.01,35.91,16675.64,578844.5788,1574
1667433600000,2022-11-03,DOTBRL,32.46,33.76,32.33,33.13,6945.56,231309.6943,707
1667347200000,2022-11-02,DOTBRL,33.44,33.82,32.07,32.42,8445.74,278767.8225,963
1667260800000,2022-11-01,DOTBRL,34.56,34.98,33.34,33.47,6081.61,206855.0769,910
1667174400000,2022-10-31,DOTBRL,35.6,36.72,34.4,34.6,9597.96,342820.1786,1168
1667088000000,2022-10-30,DOTBRL,35.19,35.68,34.59,35.59,3165.59,110875.6418,595
1667001600000,2022-10-29,DOTBRL,34.62,35.83,34.52,35.16,3812.76,133684.9737,689
1666915200000,2022-10-28,DOTBRL,33.67,34.99,33.48,34.65,9671.91,330162.2971,827
1666828800000,2022-10-27,DOTBRL,34.51,35.39,33.56,33.66,11490.11,396029.4957,1102
1666742400000,2022-10-26,DOTBRL,34.01,34.81,33.9,34.58,13665.37,470847.6591,1209
1666656000000,2022-10-25,DOTBRL,31.26,35.0,31.16,33.94,20356.84,680876.9234,1654
1666569600000,2022-10-24,DOTBRL,31.0,31.45,30.24,31.26,8888.28,274953.1855,1169
1666483200000,2022-10-23,DOTBRL,30.49,31.01,30.05,30.97,21577.17,664429.5143,1204
1666396800000,2022-10-22,DOTBRL,30.35,30.6,30.06,30.52,6317.67,191786.1199,964
1666310400000,2022-10-21,DOTBRL,30.91,31.02,30.24,30.39,12719.04,389544.9815,1694
1666224000000,2022-10-20,DOTBRL,32.31,32.62,30.7,30.94,9682.18,306836.5116,1308
1666137600000,2022-10-19,DOTBRL,32.46,33.27,32.05,32.39,7540.08,245720.2337,1002
1666051200000,2022-10-18,DOTBRL,33.09,33.26,32.12,32.44,5546.13,181150.3542,874
1665964800000,2022-10-17,DOTBRL,32.8,33.22,32.52,32.99,10815.21,355751.8002,1026
1665878400000,2022-10-16,DOTBRL,32.24,33.08,32.24,32.78,6158.77,201574.9953,853
1665792000000,2022-10-15,DOTBRL,32.25,32.56,32.15,32.23,5191.68,167875.0066,846
1665705600000,2022-10-14,DOTBRL,32.22,32.95,32.06,32.24,8250.82,268633.6032,1080
1665619200000,2022-10-13,DOTBRL,32.64,32.66,30.37,32.27,15012.97,472295.1198,1697
1665532800000,2022-10-12,DOTBRL,32.72,33.0,32.51,32.66,5121.94,167768.8029,828
1665446400000,2022-10-11,DOTBRL,32.62,32.98,32.0,32.7,8827.36,286818.3009,1218
1665360000000,2022-10-10,DOTBRL,33.99,34.3,32.6,32.6,9429.31,314231.1341,1216
1665273600000,2022-10-09,DOTBRL,33.06,34.09,32.95,33.96,5413.23,181446.5339,751
1665187200000,2022-10-08,DOTBRL,33.1,33.5,32.84,33.05,4104.99,136492.0575,664
1665100800000,2022-10-07,DOTBRL,33.34,33.56,32.81,33.14,8552.86,283692.0087,1199
1665014400000,2022-10-06,DOTBRL,33.6,33.99,33.2,33.29,8143.65,273485.6148,1239
1664928000000,2022-10-05,DOTBRL,33.79,33.81,32.91,33.59,11808.01,392969.0627,1427
1664841600000,2022-10-04,DOTBRL,33.07,33.97,32.93,33.75,11038.94,369642.4952,1247
1664755200000,2022-10-03,DOTBRL,33.13,33.91,32.59,33.1,14168.81,466809.0705,1212
1664668800000,2022-10-02,DOTBRL,33.77,34.04,33.09,33.24,5310.47,178738.9914,815
1664582400000,2022-10-01,DOTBRL,34.09,34.14,33.54,33.75,6403.83,216900.2812,896
1664496000000,2022-09-30,DOTBRL,34.61,35.27,33.47,34.05,8592.32,295946.9921,1201
1664409600000,2022-09-29,DOTBRL,34.34,34.82,33.71,34.61,8959.19,307811.2011,1187
1664323200000,2022-09-28,DOTBRL,34.01,34.68,33.13,34.16,11487.11,391431.2904,976
1664236800000,2022-09-27,DOTBRL,34.8,35.93,33.43,33.99,12976.32,455604.4595,1231
1664150400000,2022-09-26,DOTBRL,32.39,34.92,32.24,34.85,36040.06,1223989.0511,1840
1664064000000,2022-09-25,DOTBRL,32.78,33.18,31.91,32.43,6397.64,209180.8026,982
1663977600000,2022-09-24,DOTBRL,33.7,33.97,32.65,32.8,7037.12,236087.1409,1093
1663891200000,2022-09-23,DOTBRL,33.18,34.1,32.29,33.68,9765.88,323546.093,1434
1663804800000,2022-09-22,DOTBRL,31.99,33.71,31.72,33.19,9466.63,312439.5027,1395
1663718400000,2022-09-21,DOTBRL,32.56,33.89,31.15,31.99,49580.92,1630473.7297,2037
1663632000000,2022-09-20,DOTBRL,33.31,33.38,32.15,32.5,11635.64,381159.9367,1547
1663545600000,2022-09-19,DOTBRL,34.05,34.62,32.38,33.29,16483.43,548538.9021,2358
1663459200000,2022-09-18,DOTBRL,37.19,37.19,33.49,34.0,16719.68,591954.6475,2281
1663372800000,2022-09-17,DOTBRL,36.39,37.68,36.38,37.21,11890.63,440539.0321,1843
1663286400000,2022-09-16,DOTBRL,36.51,36.73,35.65,36.35,9833.58,355712.777,1785
1663200000000,2022-09-15,DOTBRL,37.41,37.51,36.05,36.43,9699.9,355632.5143,1603
1663113600000,2022-09-14,DOTBRL,36.73,37.89,36.59,37.46,11350.47,424163.5953,1424
1663027200000,2022-09-13,DOTBRL,39.13,40.49,36.58,36.8,12150.69,468642.9599,1495
1662940800000,2022-09-12,DOTBRL,39.74,41.38,38.91,39.05,22277.75,904828.9373,1595
1662854400000,2022-09-11,DOTBRL,40.26,40.8,39.0,39.78,18893.73,758880.0564,1237
1662768000000,2022-09-10,DOTBRL,40.13,40.68,39.33,40.2,17754.88,708659.257,1359
1662681600000,2022-09-09,DOTBRL,38.6,41.02,38.44,40.12,22856.63,908865.8282,1692
1662595200000,2022-09-08,DOTBRL,37.75,38.91,36.98,38.64,25596.74,979903.3123,1315
1662508800000,2022-09-07,DOTBRL,36.12,38.32,35.63,37.68,15468.2,571618.9669,2336
1662422400000,2022-09-06,DOTBRL,38.15,39.84,35.83,36.12,53720.18,2089384.1338,3682
1662336000000,2022-09-05,DOTBRL,38.35,39.64,37.64,38.09,22289.19,864733.0083,1803
1662249600000,2022-09-04,DOTBRL,37.93,38.44,37.17,38.33,5590.95,211538.5952,711
1662163200000,2022-09-03,DOTBRL,37.93,38.0,37.34,37.89,7332.48,276682.4513,1070
1662076800000,2022-09-02,DOTBRL,37.56,39.28,37.29,37.93,9761.22,374052.3168,1133
1661990400000,2022-09-01,DOTBRL,36.36,37.69,35.72,37.61,19345.45,715597.7571,1237
1661904000000,2022-08-31,DOTBRL,36.06,37.32,36.06,36.37,18324.45,677373.3803,1274
1661817600000,2022-08-30,DOTBRL,36.75,37.17,35.27,36.05,7534.86,273046.2941,1132
1661731200000,2022-08-29,DOTBRL,35.17,37.0,34.78,36.78,11287.45,405987.2928,1346
1661644800000,2022-08-28,DOTBRL,35.97,36.55,34.87,35.0,16359.8,589587.22,2023
1661558400000,2022-08-27,DOTBRL,35.31,36.22,34.78,35.98,12067.38,430159.8359,2160
1661472000000,2022-08-26,DOTBRL,38.9,39.18,35.12,35.3,11654.77,437574.1539,1592
1661385600000,2022-08-25,DOTBRL,38.84,39.75,38.31,39.03,6032.05,235424.0177,991
1661299200000,2022-08-24,DOTBRL,39.16,39.84,38.14,38.84,8338.3,325789.5392,1204
1661212800000,2022-08-23,DOTBRL,38.36,39.9,37.37,39.2,9232.93,359097.2099,1209
1661126400000,2022-08-22,DOTBRL,38.77,38.82,36.59,38.39,11007.62,414132.6794,1712
1661040000000,2022-08-21,DOTBRL,37.75,39.24,37.45,38.74,12446.07,479804.7144,1751
1660953600000,2022-08-20,DOTBRL,38.14,39.19,36.78,37.73,12430.02,474428.8348,2148
1660867200000,2022-08-19,DOTBRL,42.02,42.09,37.73,38.11,30825.46,1214828.5549,5014
1660780800000,2022-08-18,DOTBRL,43.43,44.39,41.71,42.07,12770.94,556694.7201,2592
1660694400000,2022-08-17,DOTBRL,45.56,47.2,43.21,43.43,26640.98,1183831.8051,2420
1660608000000,2022-08-16,DOTBRL,44.92,46.05,44.15,45.6,17779.82,803790.4355,2626
1660521600000,2022-08-15,DOTBRL,45.76,47.75,44.19,44.93,24871.64,1132478.3873,3182
1660435200000,2022-08-14,DOTBRL,47.49,48.6,45.14,45.78,25348.21,1189528.8014,3543
1660348800000,2022-08-13,DOTBRL,48.3,49.13,47.25,47.51,18631.14,898399.8981,2183
1660262400000,2022-08-12,DOTBRL,47.52,48.39,46.8,48.3,22177.1,1060550.3983,2556
1660176000000,2022-08-11,DOTBRL,48.65,49.18,47.2,47.58,41464.16,1982784.6679,3103
1660089600000,2022-08-10,DOTBRL,45.69,49.1,44.14,48.63,56548.11,2684372.459,3936
1660003200000,2022-08-09,DOTBRL,47.65,48.76,44.59,45.86,25538.9,1179356.3765,2896
1659916800000,2022-08-08,DOTBRL,44.91,48.41,44.87,47.61,24941.83,1179614.0144,2241
1659830400000,2022-08-07,DOTBRL,44.23,46.27,43.42,44.91,15421.9,694816.3311,2176
1659744000000,2022-08-06,DOTBRL,45.69,46.01,44.12,44.17,14608.35,655774.1278,1844
1659657600000,2022-08-05,DOTBRL,42.37,45.77,42.37,45.66,16884.06,749030.9846,1549
1659571200000,2022-08-04,DOTBRL,42.49,43.79,41.33,42.45,12238.87,520006.9325,1357
1659484800000,2022-08-03,DOTBRL,41.9,44.76,40.72,42.5,9662.4,418891.5522,1388
1659398400000,2022-08-02,DOTBRL,42.35,43.14,39.96,41.95,14399.89,599768.4392,1682
1659312000000,2022-08-01,DOTBRL,45.0,46.83,41.89,42.62,20767.45,908806.2196,2079
1659225600000,2022-07-31,DOTBRL,42.81,47.9,42.17,45.02,18749.74,847290.8398,1702
1659139200000,2022-07-30,DOTBRL,42.63,46.0,42.53,42.8,12685.07,560842.4152,2215
1659052800000,2022-07-29,DOTBRL,40.93,43.81,40.32,42.59,14443.83,607221.8118,1822
1658966400000,2022-07-28,DOTBRL,40.54,41.85,37.29,40.86,17832.17,723563.5684,1823
1658880000000,2022-07-27,DOTBRL,36.56,40.67,35.83,40.49,15139.05,571012.1336,1321
1658793600000,2022-07-26,DOTBRL,36.52,36.55,35.15,36.39,10259.93,368311.932,1536
1658707200000,2022-07-25,DOTBRL,40.69,40.89,36.45,36.54,10113.92,388693.1349,1323
1658620800000,2022-07-24,DOTBRL,40.46,41.73,40.39,40.81,8302.65,339975.17,1388
1658534400000,2022-07-23,DOTBRL,40.28,41.28,39.19,40.47,14762.61,595005.4178,1393
1658448000000,2022-07-22,DOTBRL,41.42,43.21,40.11,40.31,11454.28,478647.27,1372
1658361600000,2022-07-21,DOTBRL,40.95,41.88,39.46,41.42,8798.98,360027.7075,1355
1658275200000,2022-07-20,DOTBRL,42.35,43.72,40.54,41.1,27274.33,1146133.5507,1887
1658188800000,2022-07-19,DOTBRL,41.55,43.38,40.84,42.35,26979.82,1145157.2112,2237
1658102400000,2022-07-18,DOTBRL,37.51,41.81,37.51,41.64,12864.88,514674.5115,1823
1658016000000,2022-07-17,DOTBRL,39.17,39.62,37.51,37.72,9994.61,382772.9628,1392
1657929600000,2022-07-16,DOTBRL,36.97,39.13,35.67,39.01,19055.19,714526.8787,1642
1657843200000,2022-07-15,DOTBRL,36.56,37.82,36.21,36.91,15721.05,578269.1753,1794
1657756800000,2022-07-14,DOTBRL,35.16,36.84,34.16,36.67,10712.02,381141.5867,1648
1657670400000,2022-07-13,DOTBRL,34.39,35.52,33.0,35.08,11786.48,402922.5344,1822
1657584000000,2022-07-12,DOTBRL,35.24,35.77,34.26,34.35,10369.13,363210.1908,1793
1657497600000,2022-07-11,DOTBRL,36.34,37.03,35.15,35.24,8891.47,321549.218,1585
1657411200000,2022-07-10,DOTBRL,38.45,38.45,35.89,36.34,9286.47,340443.8505,1506
1657324800000,2022-07-09,DOTBRL,37.32,39.09,37.08,38.47,7146.51,272456.8104,1270
1657238400000,2022-07-08,DOTBRL,39.24,39.93,37.24,37.39,10987.48,419983.1634,1867
1657152000000,2022-07-07,DOTBRL,37.61,39.44,37.39,39.24,13395.98,513848.0816,2025
1657065600000,2022-07-06,DOTBRL,36.91,38.07,36.2,37.58,12097.77,451524.966,2312
1656979200000,2022-07-05,DOTBRL,38.27,38.49,35.5,36.91,18754.3,698617.4029,2112
1656892800000,2022-07-04,DOTBRL,36.58,38.46,35.69,38.28,8672.57,323580.6806,1308
1656806400000,2022-07-03,DOTBRL,36.37,37.3,35.4,36.57,5570.64,202091.298,883
1656720000000,2022-07-02,DOTBRL,36.05,36.89,35.42,36.35,5992.66,216537.9253,1694
1656633600000,2022-07-01,DOTBRL,37.25,38.09,34.5,36.01,11360.35,412025.5504,2267
1656547200000,2022-06-30,DOTBRL,36.65,37.41,34.74,37.35,8767.27,314197.676,1611
1656460800000,2022-06-29,DOTBRL,38.59,39.32,36.27,36.59,11318.64,425395.2714,1583
1656374400000,2022-06-28,DOTBRL,40.45,41.8,38.35,38.59,8472.5,339355.7952,1482
1656288000000,2022-06-27,DOTBRL,41.16,43.0,40.46,40.48,4831.61,201123.8385,975
1656201600000,2022-06-26,DOTBRL,42.63,44.3,41.15,41.21,7319.37,312769.7622,1136
1656115200000,2022-06-25,DOTBRL,42.88,43.84,40.91,42.6,6191.68,262754.0323,961
1656028800000,2022-06-24,DOTBRL,40.77,43.58,40.52,42.96,9804.0,412574.097,1320
1655942400000,2022-06-23,DOTBRL,38.57,40.99,38.48,40.84,9713.66,385205.6096,1229
1655856000000,2022-06-22,DOTBRL,40.03,40.44,38.02,38.56,13120.7,511874.5406,1422
1655769600000,2022-06-21,DOTBRL,40.77,42.7,39.63,40.01,23012.04,941086.2995,1627
1655683200000,2022-06-20,DOTBRL,38.91,41.28,37.11,40.72,30105.03,1193842.5129,2388
1655596800000,2022-06-19,DOTBRL,36.48,39.52,35.11,38.94,13412.89,502279.5334,2508
1655510400000,2022-06-18,DOTBRL,37.57,38.33,33.68,36.52,23194.44,822399.7568,2932
1655424000000,2022-06-17,DOTBRL,36.52,38.38,36.19,37.74,11611.36,433615.0425,2504
1655337600000,2022-06-16,DOTBRL,43.37,43.51,35.9,36.53,24563.71,972584.765,3412
1655251200000,2022-06-15,DOTBRL,38.07,44.56,35.44,43.32,50438.63,1970118.0,5022
1655164800000,2022-06-14,DOTBRL,36.23,38.94,34.62,38.12,31378.33,1164006.4223,3972
1655078400000,2022-06-13,DOTBRL,37.43,37.77,32.28,36.37,46378.06,1630135.5873,6124
1654992000000,2022-06-12,DOTBRL,40.34,40.88,37.23,37.42,17327.24,676157.0409,2953
1654905600000,2022-06-11,DOTBRL,43.4,44.24,39.73,40.28,10838.72,451095.1178,2263
1654819200000,2022-06-10,DOTBRL,45.5,46.13,42.89,43.31,12444.55,551351.9576,2840
1654732800000,2022-06-09,DOTBRL,44.33,46.44,43.8,45.5,16307.94,740747.2852,2560
1654646400000,2022-06-08,DOTBRL,44.95,45.68,43.63,44.29,13116.86,583291.4635,2701
1654560000000,2022-06-07,DOTBRL,45.77,46.2,42.77,44.96,14271.33,634425.8458,2958
1654473600000,2022-06-06,DOTBRL,44.99,47.52,44.87,45.77,12319.72,573396.7952,1962
1654387200000,2022-06-05,DOTBRL,45.48,45.95,44.58,45.01,4184.1,189322.5963,1652
1654300800000,2022-06-04,DOTBRL,45.07,45.9,43.93,45.43,11177.14,504715.9228,1806
1654214400000,2022-06-03,DOTBRL,47.58,47.7,44.39,45.0,10487.11,476795.6218,2344
1654128000000,2022-06-02,DOTBRL,45.84,48.29,45.11,47.56,11130.7,518908.1152,2313
1654041600000,2022-06-01,DOTBRL,49.32,51.32,44.88,45.89,14053.07,678385.4352,2663
1653955200000,2022-05-31,DOTBRL,50.05,50.8,47.36,49.43,11647.36,575142.6967,2609
1653868800000,2022-05-30,DOTBRL,47.65,51.46,47.29,50.11,8725.59,429277.1965,2038
1653782400000,2022-05-29,DOTBRL,46.08,47.73,44.54,47.57,5576.09,256990.781,1928
1653696000000,2022-05-28,DOTBRL,43.45,46.72,42.73,46.11,7502.96,336006.703,2403
1653609600000,2022-05-27,DOTBRL,44.04,47.89,41.29,43.43,18566.47,828026.773,5166
1653523200000,2022-05-26,DOTBRL,47.96,48.48,42.87,44.07,17085.55,772500.0181,3772
1653436800000,2022-05-25,DOTBRL,49.35,51.04,47.5,47.83,130886.29,6399315.1862,2808
1653350400000,2022-05-24,DOTBRL,47.95,49.75,46.15,49.4,9983.72,479965.33,2289
1653264000000,2022-05-23,DOTBRL,49.88,51.61,47.68,47.96,12110.65,608077.5381,4174
1653177600000,2022-05-22,DOTBRL,49.19,50.71,48.61,49.89,16170.18,803579.9643,2637
1653091200000,2022-05-21,DOTBRL,47.55,49.61,46.55,49.26,5051.39,243622.9905,2348
1653004800000,2022-05-20,DOTBRL,49.59,50.72,46.34,47.44,11368.82,549289.8985,4708
1652918400000,2022-05-19,DOTBRL,47.75,51.21,46.26,49.66,14549.89,711686.6618,5024
1652832000000,2022-05-18,DOTBRL,54.83,55.43,47.19,47.54,15305.53,775968.4801,4619
1652745600000,2022-05-17,DOTBRL,54.07,57.26,52.01,54.84,10571.82,579261.2056,3834
1652659200000,2022-05-16,DOTBRL,60.0,60.0,52.87,54.18,14322.44,791600.3122,4595
1652572800000,2022-05-15,DOTBRL,57.73,60.48,54.11,60.2,14239.68,814465.3641,4562
1652486400000,2022-05-14,DOTBRL,53.27,59.03,50.09,57.81,17671.18,954162.4985,5748
1652400000000,2022-05-13,DOTBRL,45.09,60.72,44.36,53.3,42968.98,2345036.3529,7418
1652313600000,2022-05-12,DOTBRL,47.06,49.17,36.29,45.08,54934.19,2375977.8029,7735
1652227200000,2022-05-11,DOTBRL,58.72,60.41,41.83,46.97,76277.25,3794769.286,9680
1652140800000,2022-05-10,DOTBRL,55.42,64.65,53.92,58.72,29707.18,1768948.0147,8663
1652054400000,2022-05-09,DOTBRL,68.0,69.06,55.02,55.42,30045.94,1795883.6963,5756
1651968000000,2022-05-08,DOTBRL,70.67,71.0,66.99,67.91,10166.24,701219.0359,3035
1651881600000,2022-05-07,DOTBRL,73.32,73.44,68.7,70.5,9434.53,678802.9653,3230
1651795200000,2022-05-06,DOTBRL,73.74,74.13,70.79,73.15,13933.27,1013542.0665,3724
1651708800000,2022-05-05,DOTBRL,80.53,81.1,71.21,73.8,21899.37,1645736.3544,4126
1651622400000,2022-05-04,DOTBRL,73.51,80.64,73.2,80.48,12200.23,939688.1673,3095
1651536000000,2022-05-03,DOTBRL,75.99,77.18,72.54,73.44,9594.55,720155.3018,2537
1651449600000,2022-05-02,DOTBRL,76.84,78.1,73.88,76.04,12081.8,913295.2658,3354
1651363200000,2022-05-01,DOTBRL,72.86,77.87,72.79,76.83,12392.81,933097.0981,2613
1651276800000,2022-04-30,DOTBRL,80.97,82.11,71.33,72.82,14997.24,1143537.9091,3397
1651190400000,2022-04-29,DOTBRL,84.44,84.87,79.81,80.8,9793.1,798134.7691,2593
1651104000000,2022-04-28,DOTBRL,84.4,86.36,83.75,84.52,9402.04,797951.7636,1871
1651017600000,2022-04-27,DOTBRL,83.81,86.6,82.9,84.5,7825.25,664631.2707,1511
1650931200000,2022-04-26,DOTBRL,88.79,89.57,82.7,83.84,23571.35,2035181.2388,3544
1650844800000,2022-04-25,DOTBRL,87.81,89.28,83.0,88.67,21337.55,1847425.5025,4415
1650758400000,2022-04-24,DOTBRL,90.3,92.43,87.34,87.74,8207.33,735790.7052,2592
1650672000000,2022-04-23,DOTBRL,88.15,93.08,86.83,90.38,9840.16,889523.2316,3003
1650585600000,2022-04-22,DOTBRL,84.75,88.92,84.31,88.19,18699.33,1620278.9016,3369
1650499200000,2022-04-21,DOTBRL,88.94,91.56,84.26,84.68,13162.46,1167409.2011,3216
1650412800000,2022-04-20,DOTBRL,88.71,91.27,86.53,88.89,16179.0,1438267.3601,3593
1650326400000,2022-04-19,DOTBRL,85.1,89.09,84.52,88.75,11521.53,999685.9274,2701
1650240000000,2022-04-18,DOTBRL,84.19,85.99,81.3,85.02,14256.75,1191848.7072,3481
1650153600000,2022-04-17,DOTBRL,88.19,89.18,83.86,84.28,11019.73,961942.0994,2161
1650067200000,2022-04-16,DOTBRL,87.05,88.66,86.25,88.24,8511.37,742972.4263,1992
1649980800000,2022-04-15,DOTBRL,84.87,87.29,84.26,86.98,8904.88,765954.7627,2420
1649894400000,2022-04-14,DOTBRL,86.02,87.49,82.62,84.93,11939.47,1012471.4048,2229
1649808000000,2022-04-13,DOTBRL,83.84,86.42,81.71,86.02,9215.41,779195.7675,2239
1649721600000,2022-04-12,DOTBRL,81.75,84.73,81.0,83.79,17398.45,1447410.2466,3424
1649635200000,2022-04-11,DOTBRL,91.17,91.53,80.55,81.44,23751.54,2007586.1055,4828
1649548800000,2022-04-10,DOTBRL,93.72,95.99,91.01,91.08,10118.49,949569.4256,2246
1649462400000,2022-04-09,DOTBRL,92.16,94.04,91.53,93.77,8132.01,755832.546,2005
1649376000000,2022-04-08,DOTBRL,97.66,98.5,90.97,92.09,9495.37,907268.7852,2372
1649289600000,2022-04-07,DOTBRL,94.41,98.94,92.79,97.76,13360.72,1282645.1386,3215
1649203200000,2022-04-06,DOTBRL,102.09,102.37,93.58,94.47,21463.81,2099904.8645,5050
1649116800000,2022-04-05,DOTBRL,106.19,107.3,101.8,102.19,12271.31,1289794.319,2443
1649030400000,2022-04-04,DOTBRL,109.13,109.15,100.62,106.0,15154.89,1586099.5534,3435
1648944000000,2022-04-03,DOTBRL,106.42,110.72,105.88,109.03,7624.55,826918.334,2430
1648857600000,2022-04-02,DOTBRL,103.86,112.22,103.5,106.48,19671.37,2123309.6469,3836
1648771200000,2022-04-01,DOTBRL,102.28,104.62,98.05,103.75,25592.68,2632520.2422,3415
1648684800000,2022-03-31,DOTBRL,108.1,111.0,100.93,102.13,20047.74,2119383.9316,3392
1648598400000,2022-03-30,DOTBRL,107.68,110.5,103.78,108.04,14241.15,1526763.5743,2939
1648512000000,2022-03-29,DOTBRL,105.18,109.7,104.55,107.69,16946.29,1821758.331,2575
1648425600000,2022-03-28,DOTBRL,106.95,112.25,104.65,105.36,17328.52,1892871.7757,2630
1648339200000,2022-03-27,DOTBRL,100.21,106.99,99.18,106.94,10789.03,1104387.1029,1711
1648252800000,2022-03-26,DOTBRL,98.28,100.57,96.9,99.97,5511.4,549119.9751,1009
1648166400000,2022-03-25,DOTBRL,102.9,103.6,97.01,98.09,10557.06,1057647.5823,1780
1648080000000,2022-03-24,DOTBRL,102.06,104.07,98.6,102.84,13010.05,1324435.1007,2189
1647993600000,2022-03-23,DOTBRL,100.11,102.89,98.22,102.18,13391.5,1352776.3086,2147
1647907200000,2022-03-22,DOTBRL,93.25,101.23,92.88,99.89,15509.72,1519084.9774,2306
1647820800000,2022-03-21,DOTBRL,94.16,96.3,92.83,93.34,8089.34,760542.9476,1491
1647734400000,2022-03-20,DOTBRL,97.98,98.25,92.56,94.31,4780.31,454716.0783,1247
1647648000000,2022-03-19,DOTBRL,95.64,99.84,95.1,98.1,9841.11,964716.6257,1640
1647561600000,2022-03-18,DOTBRL,94.81,96.67,92.28,95.89,9104.73,861078.884,1487
1647475200000,2022-03-17,DOTBRL,96.99,98.3,94.26,94.85,10197.41,977884.0421,1612
1647388800000,2022-03-16,DOTBRL,91.66,97.45,91.0,96.99,12194.67,1146678.3979,2379
1647302400000,2022-03-15,DOTBRL,90.49,92.77,87.56,91.52,7828.87,707637.0194,1584
1647216000000,2022-03-14,DOTBRL,87.92,90.96,86.98,90.49,5685.6,506720.9389,1356
1647129600000,2022-03-13,DOTBRL,92.3,93.67,87.5,87.82,6044.19,548040.4071,1259
1647043200000,2022-03-12,DOTBRL,90.01,95.4,90.01,92.31,11013.78,1027657.4253,1848
1646956800000,2022-03-11,DOTBRL,85.63,93.05,84.5,90.04,10704.51,964931.574,2350
1646870400000,2022-03-10,DOTBRL,90.1,90.43,84.28,85.76,7510.53,649588.6537,2148
1646784000000,2022-03-09,DOTBRL,86.58,91.18,86.23,89.93,8413.23,754898.7997,1763
1646697600000,2022-03-08,DOTBRL,84.38,87.74,83.86,86.58,7271.65,626713.3686,1438
1646611200000,2022-03-07,DOTBRL,86.73,87.08,82.0,84.36,37081.47,3155995.1948,2311
1646524800000,2022-03-06,DOTBRL,88.57,89.94,84.81,86.85,6747.74,590336.795,1464
1646438400000,2022-03-05,DOTBRL,85.64,91.0,82.88,88.64,6519.02,567767.5928,1634
1646352000000,2022-03-04,DOTBRL,91.11,91.47,84.45,85.63,10921.91,954930.3816,1853
1646265600000,2022-03-03,DOTBRL,95.2,95.51,90.1,91.19,8553.41,791668.1422,1692
1646179200000,2022-03-02,DOTBRL,96.88,99.04,94.42,95.2,7818.69,751689.4447,1879
1646092800000,2022-03-01,DOTBRL,98.1,101.03,94.67,97.39,11784.95,1148622.0516,2243
1646006400000,2022-02-28,DOTBRL,91.0,98.45,86.79,97.83,14807.75,1353969.7309,1804
1645920000000,2022-02-27,DOTBRL,93.78,97.46,89.3,91.09,12698.89,1177428.129,1360
1645833600000,2022-02-26,DOTBRL,89.55,97.12,89.33,93.64,13746.92,1290981.0637,1894
1645747200000,2022-02-25,DOTBRL,83.41,91.0,81.81,89.74,8117.33,689759.9056,1479
1645660800000,2022-02-24,DOTBRL,80.47,85.62,71.01,83.34,29066.97,2240786.4242,4648
1645574400000,2022-02-23,DOTBRL,84.81,88.73,80.47,80.49,14204.85,1208772.9131,2711
1645488000000,2022-02-22,DOTBRL,83.5,85.23,81.56,84.8,9852.05,820921.4163,2513
1645401600000,2022-02-21,DOTBRL,87.71,92.03,82.74,83.51,15063.08,1299433.7612,3339
1645315200000,2022-02-20,DOTBRL,92.62,92.82,86.71,87.84,9143.86,807559.5644,2560
1645228800000,2022-02-19,DOTBRL,92.39,94.49,90.04,92.84,6128.34,564632.907,1712
1645142400000,2022-02-18,DOTBRL,94.88,96.99,91.17,92.46,9750.48,914850.0151,2128
1645056000000,2022-02-17,DOTBRL,102.5,103.37,92.74,94.88,9082.58,880748.4077,2496
1644969600000,2022-02-16,DOTBRL,104.51,104.51,99.09,101.96,7325.4,744671.2932,1827
1644883200000,2022-02-15,DOTBRL,98.18,105.2,97.84,104.54,9552.93,980810.6444,1834
1644796800000,2022-02-14,DOTBRL,99.34,100.11,95.59,98.12,9565.24,934521.0281,2078
1644710400000,2022-02-13,DOTBRL,99.64,102.16,97.54,99.38,8191.95,819733.7403,1632
1644624000000,2022-02-12,DOTBRL,100.2,102.75,96.79,99.66,10411.14,1038891.0529,3005
1644537600000,2022-02-11,DOTBRL,108.11,109.37,98.62,100.47,12414.19,1298197.1332,2739
1644451200000,2022-02-10,DOTBRL,115.47,118.29,108.08,108.17,12768.4,1442153.4404,2781
1644364800000,2022-02-09,DOTBRL,114.99,117.67,111.9,115.64,10821.54,1252053.2273,1965
1644278400000,2022-02-08,DOTBRL,118.9,122.88,111.83,114.98,13130.07,1511315.1234,2341
1644192000000,2022-02-07,DOTBRL,117.42,121.0,114.76,118.82,15878.32,1881315.5205,2758
1644105600000,2022-02-06,DOTBRL,114.8,117.78,112.0,117.6,10897.31,1259949.0124,1294
1644019200000,2022-02-05,DOTBRL,109.6,119.36,108.67,114.81,18219.53,2090373.3,3269
1643932800000,2022-02-04,DOTBRL,100.79,109.78,99.75,109.59,14367.19,1514556.2885,2084
1643846400000,2022-02-03,DOTBRL,99.66,100.85,95.92,100.85,12501.57,1229424.53,2085
1643760000000,2022-02-02,DOTBRL,103.89,109.12,98.68,99.92,12775.52,1333087.8511,2341
1643673600000,2022-02-01,DOTBRL,103.34,106.41,102.22,103.8,10982.2,1147627.3947,2458
1643587200000,2022-01-31,DOTBRL,98.75,104.69,93.22,103.46,11513.68,1133475.2897,2756
1643500800000,2022-01-30,DOTBRL,101.64,103.05,96.7,98.75,8584.24,858412.2725,1910
1643414400000,2022-01-29,DOTBRL,99.37,103.25,97.97,101.67,6785.4,684893.8162,2163
1643328000000,2022-01-28,DOTBRL,98.84,100.88,94.65,99.37,17066.21,1670138.3561,3074
1643241600000,2022-01-27,DOTBRL,99.26,100.23,94.32,98.8,14768.74,1439042.5083,3046
1643155200000,2022-01-26,DOTBRL,100.99,109.01,96.35,99.1,27330.2,2821818.901,3865
1643068800000,2022-01-25,DOTBRL,100.1,104.97,96.54,101.13,17781.92,1801101.6721,2755
1642982400000,2022-01-24,DOTBRL,103.84,103.84,87.77,100.03,28962.11,2730859.8037,4451
1642896000000,2022-01-23,DOTBRL,100.89,106.04,98.09,103.88,17027.57,1741310.922,2568
1642809600000,2022-01-22,DOTBRL,108.15,111.03,89.81,100.92,35219.76,3559247.4429,5126
1642723200000,2022-01-21,DOTBRL,126.04,128.74,105.42,108.61,32627.85,3807832.0252,5504
1642636800000,2022-01-20,DOTBRL,132.63,139.55,125.48,126.2,11954.55,1603919.8761,2737
1642550400000,2022-01-19,DOTBRL,140.95,141.56,132.0,132.63,11698.92,1587175.519,2728
1642464000000,2022-01-18,DOTBRL,143.08,144.94,135.19,141.08,12380.41,1726367.9148,2786
1642377600000,2022-01-17,DOTBRL,154.97,155.15,140.0,143.08,16755.16,2450163.8466,3424
1642291200000,2022-01-16,DOTBRL,154.26,159.1,152.25,154.44,15763.89,2454965.233,2425
1642204800000,2022-01-15,DOTBRL,154.89,158.72,149.79,154.33,11519.65,1780507.9058,3048
1642118400000,2022-01-14,DOTBRL,144.39,155.47,142.83,154.86,17603.07,2645847.1632,4701
1642032000000,2022-01-13,DOTBRL,152.44,154.2,143.71,143.71,13428.04,1993070.6174,2905
1641945600000,2022-01-12,DOTBRL,144.16,154.0,143.55,152.48,13937.88,2088259.4441,4154
1641859200000,2022-01-11,DOTBRL,135.52,146.94,134.2,144.17,20448.97,2890060.3193,3849
1641772800000,2022-01-10,DOTBRL,140.35,143.52,128.51,135.53,29568.49,4033292.035,4999
1641686400000,2022-01-09,DOTBRL,136.84,144.23,135.03,140.37,25593.88,3567373.1742,3841
1641600000000,2022-01-08,DOTBRL,141.86,145.28,123.57,136.78,18553.0,2576399.004,3441
1641513600000,2022-01-07,DOTBRL,153.6,154.07,139.71,141.52,24611.13,3584617.8686,3782
1641427200000,2022-01-06,DOTBRL,154.28,156.58,147.31,153.74,20599.92,3123572.7111,4004
1641340800000,2022-01-05,DOTBRL,164.1,173.12,145.85,154.0,23706.83,3833121.0635,4093
1641254400000,2022-01-04,DOTBRL,171.63,174.16,164.0,164.1,15055.12,2549044.2511,2970
1641168000000,2022-01-03,DOTBRL,167.35,175.1,161.42,171.14,21561.66,3651700.5792,3446
1641081600000,2022-01-02,DOTBRL,160.81,172.18,156.89,167.2,15029.85,2486769.736,2390
1640995200000,2022-01-01,DOTBRL,150.96,161.44,150.59,160.87,13196.98,2043012.9119,1390
1640908800000,2021-12-31,DOTBRL,155.44,158.03,148.22,150.27,16495.31,2525396.9452,2950
1640822400000,2021-12-30,DOTBRL,154.12,161.8,150.55,155.38,22950.03,3587419.0462,4207
1640736000000,2021-12-29,DOTBRL,158.39,165.0,152.4,153.99,21725.09,3466579.5026,3744
1640649600000,2021-12-28,DOTBRL,175.51,175.68,156.35,158.38,32046.03,5270378.1967,4793
1640563200000,2021-12-27,DOTBRL,179.4,186.71,175.53,176.18,20149.91,3653845.006,3307
1640476800000,2021-12-26,DOTBRL,165.25,181.34,162.01,178.71,19151.64,3304533.5289,2179
1640390400000,2021-12-25,DOTBRL,160.14,166.45,160.14,165.4,5514.07,897065.8313,838
1640304000000,2021-12-24,DOTBRL,166.4,169.0,159.44,160.85,11519.89,1903001.2662,2051
1640217600000,2021-12-23,DOTBRL,155.49,169.74,151.91,166.23,18458.77,2967259.41,2627
1640131200000,2021-12-22,DOTBRL,144.61,160.94,143.53,155.02,22971.38,3535265.3566,2818
1640044800000,2021-12-21,DOTBRL,138.02,147.07,136.14,144.31,12703.15,1802352.9585,2001
1639958400000,2021-12-20,DOTBRL,141.78,142.95,133.48,137.82,11270.12,1550796.2068,2363
1639872000000,2021-12-19,DOTBRL,145.57,147.0,141.0,142.03,6967.72,998889.5322,1168
1639785600000,2021-12-18,DOTBRL,141.04,146.74,138.0,145.63,11530.91,1648957.2721,1606
1639699200000,2021-12-17,DOTBRL,149.5,150.29,139.0,140.64,12971.94,1870581.5291,2175
1639612800000,2021-12-16,DOTBRL,155.61,159.17,147.34,149.48,19427.22,2991183.2606,2430
1639526400000,2021-12-15,DOTBRL,149.62,160.86,139.86,155.29,20884.35,3145516.8465,2749
1639440000000,2021-12-14,DOTBRL,149.03,152.32,143.17,149.8,17123.74,2547407.6746,2058
1639353600000,2021-12-13,DOTBRL,167.89,169.04,146.6,149.04,20115.71,3156651.0533,2419
1639267200000,2021-12-12,DOTBRL,157.68,170.29,154.84,167.18,11288.98,1857948.9607,1625
1639180800000,2021-12-11,DOTBRL,149.91,159.5,146.63,156.76,14888.0,2323642.5616,1594
1639094400000,2021-12-10,DOTBRL,152.58,160.36,145.41,149.94,16878.71,2574086.9341,2285
1639008000000,2021-12-09,DOTBRL,167.43,168.8,151.26,152.58,16922.6,2668831.3923,2751
1638921600000,2021-12-08,DOTBRL,172.31,172.83,159.15,167.43,18420.46,3048869.8813,3056
1638835200000,2021-12-07,DOTBRL,161.84,178.92,159.3,172.26,23823.03,4016546.0127,3024
1638748800000,2021-12-06,DOTBRL,162.71,166.4,142.62,161.91,33305.14,5134748.9963,3955
1638662400000,2021-12-05,DOTBRL,169.79,171.63,152.19,162.76,17594.25,2842979.5247,3006
1638576000000,2021-12-04,DOTBRL,193.26,194.46,143.74,169.46,53052.23,8755851.3656,8313
1638489600000,2021-12-03,DOTBRL,204.38,210.16,188.11,193.25,13989.52,2795589.2677,2949
1638403200000,2021-12-02,DOTBRL,210.54,210.78,201.1,203.82,12414.08,2547739.7848,2272
1638316800000,2021-12-01,DOTBRL,215.86,219.94,207.83,210.79,13900.63,2972793.049,2802
1638230400000,2021-11-30,DOTBRL,210.95,223.49,200.6,215.43,19505.22,4175572.4638,3294
1638144000000,2021-11-29,DOTBRL,202.99,212.97,200.46,210.73,31407.92,6466909.7988,3343
1638057600000,2021-11-28,DOTBRL,199.0,203.71,184.35,202.99,40467.24,7799028.6072,3682
1637971200000,2021-11-27,DOTBRL,197.3,204.88,195.99,199.78,33311.67,6696879.0804,2939
1637884800000,2021-11-26,DOTBRL,223.5,224.21,193.45,196.57,64521.31,13100284.5638,7358
1637798400000,2021-11-25,DOTBRL,217.52,230.65,216.08,222.93,31786.18,7125148.4775,3459
1637712000000,2021-11-24,DOTBRL,231.1,231.86,215.0,217.5,31063.58,6881786.2983,3712
1637625600000,2021-11-23,DOTBRL,223.85,236.54,218.58,231.07,27269.47,6233618.5125,3301
1637539200000,2021-11-22,DOTBRL,239.34,239.74,220.14,224.12,30579.34,6954151.9801,4108
1637452800000,2021-11-21,DOTBRL,239.29,247.97,231.25,238.67,16243.81,3885953.5424,2315
1637366400000,2021-11-20,DOTBRL,233.71,239.1,227.0,239.1,14513.58,3405244.9919,2479
1637280000000,2021-11-19,DOTBRL,220.72,237.95,216.6,233.7,20995.76,4798795.6057,3727
1637193600000,2021-11-18,DOTBRL,238.97,242.17,210.67,220.96,32838.24,7404256.1838,4826
1637107200000,2021-11-17,DOTBRL,228.45,238.98,217.41,238.98,25691.72,5883928.2573,4110
1637020800000,2021-11-16,DOTBRL,247.89,247.91,214.0,228.45,54949.33,12749150.7135,7946
1636934400000,2021-11-15,DOTBRL,256.23,261.36,246.53,248.39,15983.84,4074500.1684,3043
1636848000000,2021-11-14,DOTBRL,261.39,264.49,249.38,256.21,11272.77,2882197.8089,2055
1636761600000,2021-11-13,DOTBRL,253.98,263.32,248.72,260.98,16218.38,4149955.54,3375
1636675200000,2021-11-12,DOTBRL,261.07,261.85,242.02,253.59,33333.15,8405034.9407,5879
1636588800000,2021-11-11,DOTBRL,262.11,275.99,254.8,261.35,28490.49,7564741.301,6132
1636502400000,2021-11-10,DOTBRL,282.53,288.95,232.58,261.25,57437.3,15556594.0689,10378
1636416000000,2021-11-09,DOTBRL,297.51,297.76,279.14,282.53,36719.77,10574762.4835,8497
1636329600000,2021-11-08,DOTBRL,293.27,300.99,289.26,297.75,30948.74,9167559.8397,7641
1636243200000,2021-11-07,DOTBRL,292.59,301.0,288.75,292.57,19472.88,5742436.6307,5212
1636156800000,2021-11-06,DOTBRL,291.09,294.97,275.61,292.4,31381.01,8975841.1046,8156
1636070400000,2021-11-05,DOTBRL,305.11,306.19,284.0,291.57,38217.22,11132971.1933,8765
1635984000000,2021-11-04,DOTBRL,300.18,310.68,293.73,305.35,24800.34,7486606.1181,6335
1635897600000,2021-11-03,DOTBRL,294.39,307.0,281.56,300.21,30367.88,8940573.0338,7015
1635811200000,2021-11-02,DOTBRL,287.01,303.0,274.46,294.39,32469.33,9490592.1758,7955
1635724800000,2021-11-01,DOTBRL,244.22,295.49,238.51,287.05,36459.2,9918726.3921,7721
1635638400000,2021-10-31,DOTBRL,243.9,246.94,234.77,244.35,8610.4,2067158.0402,2018
1635552000000,2021-10-30,DOTBRL,251.95,252.45,241.04,243.62,9112.43,2239734.3107,2047
1635465600000,2021-10-29,DOTBRL,238.19,252.64,236.84,251.73,15857.32,3892769.3142,3700
1635379200000,2021-10-28,DOTBRL,228.65,243.96,224.08,237.78,24436.05,5828131.6899,4517
1635292800000,2021-10-27,DOTBRL,252.94,258.96,220.98,227.65,36219.45,8557635.2144,5803
1635206400000,2021-10-26,DOTBRL,249.97,259.0,244.5,252.09,19487.14,4858418.0497,4051
1635120000000,2021-10-25,DOTBRL,241.34,251.52,239.75,249.5,12770.95,3155015.549,3085
1635033600000,2021-10-24,DOTBRL,250.19,250.9,235.6,241.1,8505.27,2066684.8139,2331
1634947200000,2021-10-23,DOTBRL,247.4,254.31,245.23,250.5,7441.58,1854664.658,2225
1634860800000,2021-10-22,DOTBRL,243.07,263.02,242.44,247.38,26326.88,6688437.0086,4936
1634774400000,2021-10-21,DOTBRL,248.51,254.84,237.81,243.28,36875.82,9072508.1548,5335
1634688000000,2021-10-20,DOTBRL,231.06,251.77,229.64,248.22,30515.19,7402421.0829,5183
1634601600000,2021-10-19,DOTBRL,228.27,232.46,223.37,231.2,18429.56,4202602.9902,2826
1634515200000,2021-10-18,DOTBRL,232.3,237.35,224.16,228.27,18591.52,4263279.1215,2689
1634428800000,2021-10-17,DOTBRL,230.38,236.44,218.81,232.07,11910.25,2738192.8408,2559
1634342400000,2021-10-16,DOTBRL,238.21,246.99,228.26,230.0,18240.18,4307942.2211,3511
1634256000000,2021-10-15,DOTBRL,226.44,244.0,218.5,238.81,50423.05,11500359.2794,5534
1634169600000,2021-10-14,DOTBRL,231.45,235.67,219.45,226.75,33964.94,7660504.5987,5117
1634083200000,2021-10-13,DOTBRL,196.14,239.82,188.86,231.44,56979.51,12596639.8772,6703
1633996800000,2021-10-12,DOTBRL,190.68,197.55,179.46,196.18,13639.45,2568180.622,2061
1633910400000,2021-10-11,DOTBRL,191.0,198.71,185.85,190.75,14963.84,2885249.8,2327
1633824000000,2021-10-10,DOTBRL,200.61,207.77,190.14,191.49,15170.45,3027017.3033,2178
1633737600000,2021-10-09,DOTBRL,185.3,204.59,183.56,201.07,15728.88,3099078.7909,2589
1633651200000,2021-10-08,DOTBRL,187.56,190.08,182.6,185.19,14236.45,2655069.6954,2021
1633564800000,2021-10-07,DOTBRL,177.0,194.65,170.0,187.56,31992.48,5914059.2491,3843
1633478400000,2021-10-06,DOTBRL,172.15,181.48,160.0,177.33,22905.05,3969408.5405,3072
1633392000000,2021-10-05,DOTBRL,169.53,174.87,167.13,172.35,12812.64,2192412.0949,1764
1633305600000,2021-10-04,DOTBRL,172.04,172.04,163.44,169.45,9777.27,1643871.4963,1609
1633219200000,2021-10-03,DOTBRL,171.85,174.69,168.02,172.03,8591.82,1471830.9272,1202
1633132800000,2021-10-02,DOTBRL,171.1,178.99,169.04,171.8,9910.13,1727908.3911,1341
1633046400000,2021-10-01,DOTBRL,155.55,173.46,154.7,171.51,19358.69,3200920.2984,2351
1632960000000,2021-09-30,DOTBRL,148.87,157.39,148.55,155.25,9407.97,1444578.3522,1165
1632873600000,2021-09-29,DOTBRL,143.72,155.17,143.0,149.19,9759.69,1463115.8497,1135
1632787200000,2021-09-28,DOTBRL,150.23,153.33,143.17,143.72,10132.95,1500659.4495,1449
1632700800000,2021-09-27,DOTBRL,155.16,162.19,149.38,150.27,12495.38,1931320.0314,1502
1632614400000,2021-09-26,DOTBRL,161.07,162.0,144.96,155.55,18003.4,2793546.3954,1738
1632528000000,2021-09-25,DOTBRL,166.05,173.46,158.5,161.07,17400.38,2872468.2517,1543
1632441600000,2021-09-24,DOTBRL,178.21,178.71,150.44,166.04,39179.74,6350878.8028,3634
1632355200000,2021-09-23,DOTBRL,168.75,179.29,162.23,178.53,23289.14,3954967.8103,2634
1632268800000,2021-09-22,DOTBRL,140.22,171.08,138.21,168.99,25970.03,4105082.6409,2883
1632182400000,2021-09-21,DOTBRL,151.94,162.5,135.97,140.22,46460.54,6834939.5881,3413
1632096000000,2021-09-20,DOTBRL,180.0,180.0,143.58,151.94,48537.43,7715233.0575,4599
1632009600000,2021-09-19,DOTBRL,185.13,185.6,175.7,179.81,10948.93,1975691.3902,1494
1631923200000,2021-09-18,DOTBRL,176.1,190.87,173.56,185.39,14998.3,2765375.2757,1633
1631836800000,2021-09-17,DOTBRL,188.1,195.14,171.79,176.08,21726.06,3998288.0863,2602
1631750400000,2021-09-16,DOTBRL,192.35,193.8,180.35,188.1,19852.69,3696322.3949,2541
1631664000000,2021-09-15,DOTBRL,196.8,199.77,187.5,191.13,33473.35,6443763.7594,3363
1631577600000,2021-09-14,DOTBRL,182.53,202.33,178.38,196.66,47539.34,9181318.5628,4280
1631491200000,2021-09-13,DOTBRL,189.75,202.0,167.24,182.12,93711.34,17504629.5257,7868
1631404800000,2021-09-12,DOTBRL,167.73,193.32,163.38,190.29,57411.8,10242335.455,4427
1631318400000,2021-09-11,DOTBRL,155.63,170.79,150.72,168.0,19363.42,3134749.8425,2132
1631232000000,2021-09-10,DOTBRL,157.13,171.84,148.75,154.98,51253.79,8246810.9018,4244
1631145600000,2021-09-09,DOTBRL,147.91,168.77,144.2,157.21,43855.95,6905210.4419,3945
1631059200000,2021-09-08,DOTBRL,148.76,152.98,132.75,147.6,57033.66,8384823.6656,4853
1630972800000,2021-09-07,DOTBRL,179.31,186.01,120.47,148.53,84827.12,13426389.8819,8759
1630886400000,2021-09-06,DOTBRL,179.15,182.19,168.63,178.87,41465.25,7367427.356,3562
1630800000000,2021-09-05,DOTBRL,169.56,181.55,167.55,179.18,24872.6,4377609.6503,2056
1630713600000,2021-09-04,DOTBRL,175.31,177.64,167.69,169.26,16186.37,2788267.0263,1933
1630627200000,2021-09-03,DOTBRL,165.98,175.96,161.71,174.85,34272.65,5855687.746,3870
1630540800000,2021-09-02,DOTBRL,172.13,172.45,162.19,165.53,32731.05,5485837.4567,3697
1630454400000,2021-09-01,DOTBRL,163.66,176.69,153.88,172.47,55951.08,9120566.9111,4935
1630368000000,2021-08-31,DOTBRL,136.4,166.68,134.75,163.7,80687.38,12435941.995,6145
1630281600000,2021-08-30,DOTBRL,134.73,143.01,127.96,136.2,30380.8,4130806.9782,1839
1630195200000,2021-08-29,DOTBRL,136.41,138.57,132.69,134.29,16038.82,2176735.1121,772
1630108800000,2021-08-28,DOTBRL,138.56,139.63,133.55,136.34,13308.22,1805121.9593,905
1630022400000,2021-08-27,DOTBRL,127.11,139.71,124.61,138.6,23996.49,3186565.718,1688
1629936000000,2021-08-26,DOTBRL,137.12,138.9,124.45,127.0,28265.8,3634591.2464,1911
1629849600000,2021-08-25,DOTBRL,133.12,153.0,129.97,136.73,27183.98,3698979.8797,2203
1629763200000,2021-08-24,DOTBRL,151.33,153.0,130.0,133.35,36737.21,5161493.9932,3231
1629676800000,2021-08-23,DOTBRL,149.82,154.09,148.45,151.54,34544.82,5217344.6876,2761
1629590400000,2021-08-22,DOTBRL,151.33,154.37,144.11,149.81,20322.12,3031262.1189,1867
1629504000000,2021-08-21,DOTBRL,151.78,158.0,148.42,151.33,32546.63,4993001.9733,2561
1629417600000,2021-08-20,DOTBRL,142.99,153.97,141.51,151.91,36825.56,5508287.3861,3641
1629331200000,2021-08-19,DOTBRL,129.66,144.55,127.62,143.69,39314.77,5368147.8805,3032
1629244800000,2021-08-18,DOTBRL,126.13,135.01,120.72,128.89,25205.71,3249035.5188,2205
1629158400000,2021-08-17,DOTBRL,129.61,145.24,122.76,125.48,56148.4,7600420.358,4512
1629072000000,2021-08-16,DOTBRL,122.47,136.24,120.82,130.0,54085.61,7010487.7779,4601
1628985600000,2021-08-15,DOTBRL,120.9,123.32,116.0,122.3,20458.58,2449464.5232,2006
1628899200000,2021-08-14,DOTBRL,119.59,123.36,115.5,120.83,32088.16,3812566.565,2708
1628812800000,2021-08-13,DOTBRL,110.0,119.99,108.7,119.97,27721.67,3191933.612,2661
1628726400000,2021-08-12,DOTBRL,112.76,117.66,105.17,109.99,26313.48,2913529.0206,2743
1628640000000,2021-08-11,DOTBRL,107.85,117.6,107.65,112.8,44683.03,5070282.2564,3634
1628553600000,2021-08-10,DOTBRL,108.39,112.96,105.55,107.84,29771.11,3246864.8101,2750
1628467200000,2021-08-09,DOTBRL,103.54,112.52,98.5,108.45,27425.83,2942592.549,2567
1628380800000,2021-08-08,DOTBRL,110.24,111.56,101.5,103.62,17896.96,1909355.748,1969
1628294400000,2021-08-07,DOTBRL,107.1,114.24,105.71,110.24,32810.06,3591385.2157,2837
1628208000000,2021-08-06,DOTBRL,100.2,109.22,97.26,107.04,34450.45,3582977.8383,2785
1628121600000,2021-08-05,DOTBRL,99.88,101.5,93.23,100.34,25014.13,2472813.6182,2475
1628035200000,2021-08-04,DOTBRL,91.16,102.2,89.78,99.79,29998.95,2918903.3973,2629
1627948800000,2021-08-03,DOTBRL,93.94,96.4,88.0,91.12,20022.53,1833165.6164,1478
1627862400000,2021-08-02,DOTBRL,95.96,98.48,91.65,93.72,28751.54,2727776.7622,1831
1627776000000,2021-08-01,DOTBRL,87.44,103.81,86.43,96.33,73739.14,7234223.2712,3676
1627689600000,2021-07-31,DOTBRL,82.68,88.65,81.24,87.44,20897.76,1773617.1973,1246
1627603200000,2021-07-30,DOTBRL,78.03,82.62,74.33,82.62,21805.79,1696536.7452,1195
1627516800000,2021-07-29,DOTBRL,74.98,78.57,73.94,77.92,15091.55,1153802.8435,947
1627430400000,2021-07-28,DOTBRL,74.65,76.35,72.69,75.0,22572.84,1690555.6499,1080
1627344000000,2021-07-27,DOTBRL,72.75,75.79,69.56,74.91,22907.47,1657618.4051,1060
1627257600000,2021-07-26,DOTBRL,71.61,79.3,71.04,73.02,45740.47,3468379.555,2111
1627171200000,2021-07-25,DOTBRL,72.17,72.17,68.37,71.25,16653.43,1164838.9086,679
1627084800000,2021-07-24,DOTBRL,70.13,73.3,68.31,72.27,22021.46,1564414.0511,1148
1626998400000,2021-07-23,DOTBRL,69.25,70.88,64.25,70.2,25681.66,1737136.7797,1167
1626912000000,2021-07-22,DOTBRL,64.78,69.92,62.0,69.28,28628.34,1891897.5002,1277
1626825600000,2021-07-21,DOTBRL,57.61,67.51,56.28,64.52,35379.99,2232722.2941,1602
1626739200000,2021-07-20,DOTBRL,60.53,60.86,55.14,57.82,27864.12,1602055.5029,1400
1626652800000,2021-07-19,DOTBRL,65.5,65.85,59.31,60.47,27061.79,1647357.4963,1686
1626566400000,2021-07-18,DOTBRL,63.51,66.64,63.49,65.51,11335.13,739545.7804,1006
1626480000000,2021-07-17,DOTBRL,62.28,65.86,60.74,63.65,25382.76,1600920.658,1275
1626393600000,2021-07-16,DOTBRL,67.23,68.48,62.14,62.37,22323.72,1442571.1138,1159
1626307200000,2021-07-15,DOTBRL,70.64,72.18,65.78,67.33,19622.98,1331571.3241,1274
1626220800000,2021-07-14,DOTBRL,74.03,74.18,68.8,70.68,22995.11,1634056.5396,1366
1626134400000,2021-07-13,DOTBRL,77.62,78.84,73.33,74.23,13176.78,999691.4897,880
1626048000000,2021-07-12,DOTBRL,81.62,82.84,75.47,77.82,13952.98,1099033.131,994
1625961600000,2021-07-11,DOTBRL,81.53,83.2,80.58,81.72,4519.19,370415.3783,407
1625875200000,2021-07-10,DOTBRL,83.17,84.59,80.18,81.56,7812.61,637825.281,584
1625788800000,2021-07-09,DOTBRL,81.38,84.4,79.0,83.09,12280.32,1010802.5946,910
1625702400000,2021-07-08,DOTBRL,88.85,89.05,79.97,81.5,26309.96,2187542.9621,1730
1625616000000,2021-07-07,DOTBRL,84.0,93.0,84.0,88.84,46434.39,4065408.786,2117
1625529600000,2021-07-06,DOTBRL,78.49,84.2,78.08,84.2,22018.63,1783019.9065,1433
1625443200000,2021-07-05,DOTBRL,80.95,80.95,75.24,78.53,17186.54,1342055.3965,1274
1625356800000,2021-07-04,DOTBRL,78.68,83.85,77.04,81.1,17491.46,1419777.271,1201
1625270400000,2021-07-03,DOTBRL,77.81,79.93,76.39,78.68,9221.81,722658.1861,864
1625184000000,2021-07-02,DOTBRL,77.17,78.62,74.48,77.77,12623.49,963525.2043,1084
1625097600000,2021-07-01,DOTBRL,82.19,82.28,75.51,77.18,25094.26,1950013.8615,1406
1625011200000,2021-06-30,DOTBRL,81.26,82.76,75.95,82.28,33018.11,2618671.4171,2088
1624924800000,2021-06-29,DOTBRL,78.79,84.65,78.7,81.1,31016.83,2539899.7948,1907
1624838400000,2021-06-28,DOTBRL,74.62,79.61,72.44,78.25,29996.51,2284984.2154,1385
1624752000000,2021-06-27,DOTBRL,72.74,74.61,70.22,74.36,29705.1,2178761.7163,1056
1624665600000,2021-06-26,DOTBRL,72.46,74.5,68.4,72.53,16981.98,1205168.1396,1215
1624579200000,2021-06-25,DOTBRL,80.75,82.87,72.4,72.4,24707.56,1888684.7082,1633
1624492800000,2021-06-24,DOTBRL,79.67,82.16,74.04,80.37,30442.61,2403769.6777,1757
1624406400000,2021-06-23,DOTBRL,73.28,84.59,70.17,79.24,49961.27,3969382.8106,2461
1624320000000,2021-06-22,DOTBRL,80.15,86.18,66.48,73.64,110427.7,8238362.1152,5416
1624233600000,2021-06-21,DOTBRL,106.26,106.74,78.0,80.04,53313.35,4741515.1126,4227
1624147200000,2021-06-20,DOTBRL,104.4,109.05,97.8,106.26,22056.59,2277554.7762,1753
1624060800000,2021-06-19,DOTBRL,110.09,111.51,104.34,104.34,12891.24,1389127.814,1012
1623974400000,2021-06-18,DOTBRL,113.45,113.72,103.3,109.72,25950.12,2791351.9241,1818
1623888000000,2021-06-17,DOTBRL,118.11,122.1,111.36,113.34,23659.23,2780663.0191,1535
1623801600000,2021-06-16,DOTBRL,121.4,124.73,113.61,117.41,36950.11,4378717.1545,2368
1623715200000,2021-06-15,DOTBRL,132.26,132.77,119.96,121.59,39500.8,4947791.3065,3160
1623628800000,2021-06-14,DOTBRL,112.55,132.94,109.14,131.96,71640.5,8762780.494,3975
1623542400000,2021-06-13,DOTBRL,106.81,114.54,103.07,112.83,20830.47,2261007.0059,1462
1623456000000,2021-06-12,DOTBRL,107.97,109.59,101.0,106.81,33872.99,3573698.3293,1870
1623369600000,2021-06-11,DOTBRL,115.56,118.9,105.94,108.24,44525.35,4990708.5017,2287
1623283200000,2021-06-10,DOTBRL,118.58,125.6,113.0,115.64,47892.75,5760365.9559,2617
1623196800000,2021-06-09,DOTBRL,110.0,119.01,103.78,118.5,37782.85,4218188.0934,2383
1623110400000,2021-06-08,DOTBRL,110.75,113.79,99.95,110.25,57016.63,6114730.0284,3715
1623024000000,2021-06-07,DOTBRL,123.19,128.0,108.57,110.8,37610.36,4503850.8474,2600
1622937600000,2021-06-06,DOTBRL,121.02,124.02,120.1,123.16,14017.93,1714417.0058,1204
1622851200000,2021-06-05,DOTBRL,126.87,132.67,117.38,121.64,33114.06,4143516.4899,2236
1622764800000,2021-06-04,DOTBRL,137.12,137.12,121.56,127.17,61738.31,7861263.211,3824
1622678400000,2021-06-03,DOTBRL,132.6,144.22,131.37,137.15,52028.48,7202702.3983,3742
1622592000000,2021-06-02,DOTBRL,118.56,137.2,117.42,132.6,66307.52,8479072.8103,4105
1622505600000,2021-06-01,DOTBRL,122.03,123.31,113.0,118.45,57936.14,6785629.7969,3088
1622419200000,2021-05-31,DOTBRL,107.78,122.99,100.69,122.03,45203.23,5044731.2453,3568
1622332800000,2021-05-30,DOTBRL,104.68,112.2,97.77,107.97,32144.83,3439870.0567,2429
1622246400000,2021-05-29,DOTBRL,112.92,118.91,99.64,104.94,33927.72,3700293.3026,2913
1622160000000,2021-05-28,DOTBRL,126.43,138.57,106.69,112.92,84468.56,10123976.1187,6198
1622073600000,2021-05-27,DOTBRL,131.22,132.06,116.9,126.38,41881.38,5248374.1158,3229
1621987200000,2021-05-26,DOTBRL,119.5,132.52,116.22,131.38,42588.25,5312723.7753,4089
1621900800000,2021-05-25,DOTBRL,125.02,130.81,106.38,119.03,59274.93,6911359.5026,4606
1621814400000,2021-05-24,DOTBRL,98.35,128.05,93.41,125.2,70016.78,7757196.7522,5531
1621728000000,2021-05-23,DOTBRL,119.24,127.5,76.08,98.05,129541.92,12656240.4801,10912
1621641600000,2021-05-22,DOTBRL,132.53,133.83,111.04,120.25,89789.66,11079152.1479,6170
1621555200000,2021-05-21,DOTBRL,155.62,165.79,110.47,133.16,166179.33,22974455.1837,11771
1621468800000,2021-05-20,DOTBRL,136.45,170.76,116.93,155.3,205576.86,30907530.9825,15593
1621382400000,2021-05-19,DOTBRL,215.87,219.59,95.76,136.45,183295.92,29385260.2773,18334
1621296000000,2021-05-18,DOTBRL,206.56,226.47,201.77,216.09,22276.15,4744870.5706,3582
1621209600000,2021-05-17,DOTBRL,224.6,224.94,187.17,205.84,31576.16,6494087.6889,4077
1621123200000,2021-05-16,DOTBRL,232.97,247.25,211.01,226.57,23155.38,5261905.3686,3430
1621036800000,2021-05-15,DOTBRL,254.89,264.91,229.57,232.7,35878.01,8950247.6137,5563
1620950400000,2021-05-14,DOTBRL,213.86,255.39,210.37,255.33,30658.57,7118334.8097,5456
1620864000000,2021-05-13,DOTBRL,188.87,223.28,178.85,214.47,54330.1,11285645.1549,7435
1620777600000,2021-05-12,DOTBRL,204.26,224.0,182.59,188.86,31903.12,6664823.9544,4273
1620691200000,2021-05-11,DOTBRL,194.0,205.0,189.71,203.11,13999.63,2749799.347,2134
1620604800000,2021-05-10,DOTBRL,214.47,221.33,173.62,194.68,22447.98,4510741.7741,3765
1620518400000,2021-05-09,DOTBRL,211.97,215.71,201.0,213.66,10175.25,2141814.8844,2057
1620432000000,2021-05-08,DOTBRL,211.65,214.61,205.31,211.92,6618.15,1393037.4461,1923
1620345600000,2021-05-07,DOTBRL,222.17,225.9,203.93,211.77,15061.88,3282486.3193,2883
1620259200000,2021-05-06,DOTBRL,219.05,234.17,205.99,222.38,22577.63,4956830.1576,3873
1620172800000,2021-05-05,DOTBRL,191.98,220.86,190.99,219.05,18876.47,3935703.4314,3354
1620086400000,2021-05-04,DOTBRL,204.6,208.9,189.63,192.47,20881.29,4140022.9631,3144
1620000000000,2021-05-03,DOTBRL,201.48,209.17,200.75,205.01,9050.53,1853166.3392,1824
1619913600000,2021-05-02,DOTBRL,202.55,203.99,194.74,201.53,4737.41,949152.514,1002
1619827200000,2021-05-01,DOTBRL,199.76,205.1,197.05,202.97,8277.79,1666898.6727,1540
1619740800000,2021-04-30,DOTBRL,193.46,200.2,189.32,199.78,13291.79,2592244.7188,1970
1619654400000,2021-04-29,DOTBRL,183.3,193.99,177.75,193.99,9291.15,1704642.5387,1554
1619568000000,2021-04-28,DOTBRL,190.94,194.3,179.32,183.56,10653.35,1963000.4865,1846
1619481600000,2021-04-27,DOTBRL,182.96,191.54,182.45,191.38,10556.43,1970967.5041,1853
1619395200000,2021-04-26,DOTBRL,166.32,184.79,165.57,183.2,11045.56,1963280.4837,1855
1619308800000,2021-04-25,DOTBRL,161.83,173.46,156.25,165.34,6777.61,1117063.1775,1137
1619222400000,2021-04-24,DOTBRL,179.32,180.17,158.8,161.21,12957.34,2160606.9517,2085
1619136000000,2021-04-23,DOTBRL,182.0,184.43,145.4,179.09,28847.91,4834320.3408,4425
1619049600000,2021-04-22,DOTBRL,191.0,203.49,180.5,182.71,18414.12,3538235.3297,3019
1618963200000,2021-04-21,DOTBRL,201.0,204.43,186.48,190.92,11223.06,2201811.1035,2502
1618876800000,2021-04-20,DOTBRL,196.98,201.48,177.78,200.7,14451.01,2767909.7312,3361
1618790400000,2021-04-19,DOTBRL,213.43,220.19,192.26,196.57,10714.69,2202736.7205,3731
1618704000000,2021-04-18,DOTBRL,241.8,243.88,182.7,213.43,25994.46,5468066.1646,6309
1618617600000,2021-04-17,DOTBRL,235.95,274.21,235.42,241.0,16030.8,4106091.6284,3740
1618531200000,2021-04-16,DOTBRL,248.9,249.99,230.77,235.95,5925.7,1417902.9607,2923
1618444800000,2021-04-15,DOTBRL,244.99,252.44,238.0,247.92,6460.12,1586733.1186,2135
1618358400000,2021-04-14,DOTBRL,250.35,258.0,232.41,244.19,10610.79,2599992.3124,3149
1618272000000,2021-04-13,DOTBRL,233.64,251.02,229.63,249.35,9284.08,2222315.9262,2632
1618185600000,2021-04-12,DOTBRL,236.64,237.75,225.3,233.35,7454.33,1731750.7255,1913
1618099200000,2021-04-11,DOTBRL,238.3,239.58,227.72,237.14,4420.74,1031128.448,1154
1618012800000,2021-04-10,DOTBRL,234.05,241.99,228.99,238.0,4032.32,948544.1769,1201
1617926400000,2021-04-09,DOTBRL,233.8,237.29,228.83,233.02,4606.76,1072097.3477,1225
1617840000000,2021-04-08,DOTBRL,224.0,234.72,223.0,233.1,6929.58,1590147.824,1394
1617753600000,2021-04-07,DOTBRL,245.0,245.67,214.39,224.81,12497.79,2827895.1891,2371
1617667200000,2021-04-06,DOTBRL,262.0,264.26,237.27,245.83,8841.76,2200016.4652,1881
1617580800000,2021-04-05,DOTBRL,258.18,262.13,243.22,261.15,8080.88,2037122.9503,1457
1617494400000,2021-04-04,DOTBRL,240.5,262.36,237.05,257.0,6694.82,1691079.5773,1271
1617408000000,2021-04-03,DOTBRL,236.65,268.2,235.23,240.59,21396.95,5408221.767,4350
1617321600000,2021-04-02,DOTBRL,216.36,237.94,211.37,235.54,7874.77,1754487.636,1522
1617235200000,2021-04-01,DOTBRL,210.96,221.41,204.36,215.83,10868.7,2332583.2763,1573
1617148800000,2021-03-31,DOTBRL,196.58,219.46,192.28,210.61,23961.19,4955816.1795,2377
1617062400000,2021-03-30,DOTBRL,198.73,200.01,194.0,196.44,3010.52,591731.0285,923
1616976000000,2021-03-29,DOTBRL,185.65,199.98,183.38,198.2,4966.64,962633.8054,1119
1616889600000,2021-03-28,DOTBRL,187.82,190.74,180.74,185.52,3608.58,674201.396,637
1616803200000,2021-03-27,DOTBRL,192.07,193.71,180.74,187.8,5718.87,1069390.8791,961
1616716800000,2021-03-26,DOTBRL,171.69,193.2,171.34,191.95,7198.59,1315873.0852,1132
1616630400000,2021-03-25,DOTBRL,173.4,177.3,161.46,170.81,19219.8,3268059.2119,2078
1616544000000,2021-03-24,DOTBRL,191.02,201.21,157.7,173.41,13423.56,2353106.2411,1641
1616457600000,2021-03-23,DOTBRL,198.03,203.03,189.9,191.61,2093.46,409659.1729,689
1616371200000,2021-03-22,DOTBRL,204.44,210.34,196.88,198.01,2820.32,572735.1992,700
1616284800000,2021-03-21,DOTBRL,207.24,212.4,203.5,205.63,2917.5,603737.4443,683
1616198400000,2021-03-20,DOTBRL,213.06,222.53,207.77,207.77,3099.23,674895.0869,776
1616112000000,2021-03-19,DOTBRL,198.61,216.17,195.0,212.8,4981.15,1042422.8305,1023
1616025600000,2021-03-18,DOTBRL,204.19,207.95,198.71,198.71,4831.62,977462.0774,877
1615939200000,2021-03-17,DOTBRL,200.65,207.09,197.11,203.13,5594.49,1127169.0774,998
1615852800000,2021-03-16,DOTBRL,195.11,201.51,181.01,200.65,6224.35,1196543.4946,1305
1615766400000,2021-03-15,DOTBRL,206.41,218.86,194.62,195.83,5432.08,1102988.5044,1062
1615680000000,2021-03-14,DOTBRL,208.84,212.9,204.63,207.12,2583.51,537811.5019,571
1615593600000,2021-03-13,DOTBRL,201.09,214.16,196.2,208.39,4042.12,836447.0874,934
1615507200000,2021-03-12,DOTBRL,206.29,210.04,190.01,202.14,4400.53,882240.811,1162
1615420800000,2021-03-11,DOTBRL,214.78,217.53,204.26,205.87,5311.61,1112265.216,1111
1615334400000,2021-03-10,DOTBRL,222.28,229.42,210.0,215.2,6898.09,1515739.9015,1874
1615248000000,2021-03-09,DOTBRL,202.12,226.71,200.27,222.0,6242.21,1328814.9954,1689
1615161600000,2021-03-08,DOTBRL,199.28,202.73,190.81,202.1,3585.36,704460.17,875
1615075200000,2021-03-07,DOTBRL,192.42,200.1,191.37,199.99,2117.62,415386.9867,586
1614988800000,2021-03-06,DOTBRL,195.12,195.8,185.0,191.18,3962.99,751897.7409,488
1614902400000,2021-03-05,DOTBRL,183.94,197.75,101.04,192.95,4390.89,844541.1556,588
